"taxon","lfc_(Intercept)","lfc_RFIClass2MidRFI","lfc_RFIClass3HighRFI","se_(Intercept)","se_RFIClass2MidRFI","se_RFIClass3HighRFI","W_(Intercept)","W_RFIClass2MidRFI","W_RFIClass3HighRFI","p_(Intercept)","p_RFIClass2MidRFI","p_RFIClass3HighRFI","q_(Intercept)","q_RFIClass2MidRFI","q_RFIClass3HighRFI","diff_(Intercept)","diff_RFIClass2MidRFI","diff_RFIClass3HighRFI","passed_ss_(Intercept)","passed_ss_RFIClass2MidRFI","passed_ss_RFIClass3HighRFI","diff_robust_(Intercept)","diff_robust_RFIClass2MidRFI","diff_robust_RFIClass3HighRFI"
"12DICHLORETHDEG-PWY",-0.326508578417264,0.411077368330574,0.259095719213429,0.324154109302736,0.392068140042971,0.4356076705193,-1.00726342516401,1.04848450140713,0.594791452833128,0.335451706234658,0.316906456240917,0.564017361971247,0.999947418018215,0.997305600121964,0.996691057705546,FALSE,FALSE,FALSE,TRUE,TRUE,TRUE,FALSE,FALSE,FALSE
"14DICHLORBENZDEG-PWY",-0.24996598245774,0.334971921305763,0.21668495410522,0.238286114429084,0.249760820576895,0.266612924691492,-1.04901615042337,1.34117080706273,0.812732369805228,0.299651084522141,0.18644981995189,0.420558028327074,0.999947418018215,0.997305600121964,0.996691057705546,FALSE,FALSE,FALSE,TRUE,TRUE,TRUE,FALSE,FALSE,FALSE
"1CMET2-PWY",0.0052557905862082,-0.00565762639366336,-0.0114087108303022,0.0319990227432304,0.0399096536593557,0.0528243145606764,0.1642484718481,-0.141760849190859,-0.215974611789759,0.87025514350823,0.887887959892269,0.829962402878324,0.999947418018215,0.997305600121964,0.996691057705546,FALSE,FALSE,FALSE,TRUE,TRUE,TRUE,FALSE,FALSE,FALSE
"ALLANTOINDEG-PWY",0.149236646143764,-0.195924653114715,-0.18855213429266,0.321297668248316,0.363706360532669,0.393395130294201,0.464480949884844,-0.538689103010934,-0.479294530544013,0.644760363994863,0.593014389251161,0.634275811702151,0.999947418018215,0.997305600121964,0.996691057705546,FALSE,FALSE,FALSE,TRUE,TRUE,TRUE,FALSE,FALSE,FALSE
"ANAEROFRUCAT-PWY",-0.00122354425139536,0.0111015484396058,-0.0187994069942029,0.0297182071278433,0.0380655070732266,0.0494400091582122,-0.0411715365644992,0.291643256406639,-0.380246834786037,0.967337330213086,0.771870588023117,0.705512377253042,0.999947418018215,0.997305600121964,0.996691057705546,FALSE,FALSE,FALSE,TRUE,TRUE,TRUE,FALSE,FALSE,FALSE
"ANAGLYCOLYSIS-PWY",0.00163296952228377,0.0015444770192543,-0.0120172393680239,0.0359067291609212,0.0423103426077384,0.054614084351045,0.0454780917238487,0.0365035337476048,-0.220039198877348,0.963923097045973,0.971038815339798,0.826814242683843,0.999947418018215,0.997305600121964,0.996691057705546,FALSE,FALSE,FALSE,TRUE,TRUE,TRUE,FALSE,FALSE,FALSE
"ARG???SYN",-0.0369901396472213,0.0189581550481409,0.0779688056666414,0.041740290710315,0.0490170122198737,0.0606756346490911,-0.886197460960188,0.386766842562762,1.28501013821385,0.380120738138431,0.700712305879511,0.205221567352477,0.999947418018215,0.997305600121964,0.996691057705546,FALSE,FALSE,FALSE,TRUE,TRUE,TRUE,FALSE,FALSE,FALSE
"ARGININE-SYN4-PWY",-0.00486587481744253,0.0216691459255446,-0.024817115550338,0.0522407212943517,0.0619089151990825,0.0689453749604665,-0.0931433314257978,0.350016566367904,-0.359953304548248,0.926194196010123,0.727923860424964,0.720529477688004,0.999947418018215,0.997305600121964,0.996691057705546,FALSE,FALSE,FALSE,TRUE,TRUE,TRUE,FALSE,FALSE,FALSE
"ARGSYN-PWY",0.00524084576215969,0.00136239164798961,-0.0227704716243384,0.0335575708324792,0.0410653339915622,0.050715714016742,0.156174765698095,0.0331761979159732,-0.448982570112717,0.876578657090839,0.973677619015977,0.655552402594789,0.999947418018215,0.997305600121964,0.996691057705546,FALSE,FALSE,FALSE,TRUE,TRUE,TRUE,FALSE,FALSE,FALSE
"ARGSYNBSUB-PWY",0.0018173560823661,0.00237097183257613,-0.0139249772799287,0.0277500276182144,0.0365469393082055,0.0454484947638958,0.0654902440952249,0.0648747029835083,-0.306390285360797,0.94806747164956,0.948554881599165,0.760690050707094,0.999947418018215,0.997305600121964,0.996691057705546,FALSE,FALSE,FALSE,TRUE,TRUE,TRUE,FALSE,FALSE,FALSE
"ARO-PWY",0.0110716965275344,-0.0135186299655578,-0.0164457919712859,0.0320303583345212,0.0400945996420686,0.0528816066556193,0.34566258709637,-0.337168349010614,-0.310992668554604,0.731172166396819,0.737523632857639,0.757211147367459,0.999947418018215,0.997305600121964,0.996691057705546,FALSE,FALSE,FALSE,TRUE,TRUE,TRUE,FALSE,FALSE,FALSE
"ASPASN-PWY",0.0498914181518875,-0.0570357717626786,-0.0646158340255447,0.0501384507691923,0.0584101101856196,0.0763967272918832,0.995072990618676,-0.976470881178386,-0.845793220679099,0.324906561019236,0.333938659637623,0.402046414309789,0.999947418018215,0.997305600121964,0.996691057705546,FALSE,FALSE,FALSE,TRUE,TRUE,TRUE,FALSE,FALSE,FALSE
"AST-PWY",0.148263932377072,-0.184670045298449,-0.170800926798814,0.270333171532888,0.334522912060296,0.391113593622623,0.548448906718923,-0.552040050593494,-0.436704143205046,0.590514265789567,0.588105528141986,0.667822025876606,0.999947418018215,0.997305600121964,0.996691057705546,FALSE,FALSE,FALSE,TRUE,TRUE,TRUE,FALSE,FALSE,FALSE
"BRANCHED-CHAIN-AA-SYN-PWY",-0.00548108524734848,0.00408346487892065,0.00564369809201344,0.0319966528451387,0.0401628992670241,0.0501069387003528,-0.171301831909622,0.101672562326032,0.112633065168152,0.864737777729893,0.919458483254904,0.910811569464243,0.999947418018215,0.997305600121964,0.996691057705546,FALSE,FALSE,FALSE,TRUE,TRUE,TRUE,FALSE,FALSE,FALSE
"CALVIN-PWY",0.0058375079256386,-0.00388336927653852,-0.0160733879976377,0.0327998098806431,0.0408277878089777,0.053017969676153,0.177973834204558,-0.0951158386221601,-0.303168682162255,0.859524978761318,0.924635961449296,0.763128216230519,0.999947418018215,0.997305600121964,0.996691057705546,FALSE,FALSE,FALSE,TRUE,TRUE,TRUE,FALSE,FALSE,FALSE
"CARNMET-PWY",-0.0844112806925098,0.558794848848243,-0.104670899906421,0.277900040525326,0.336552423206953,0.419494493998992,-0.303746917535325,1.66035009798348,-0.249516743136734,0.764803835850687,0.114163681159207,0.80578630276676,0.999947418018215,0.997305600121964,0.996691057705546,FALSE,FALSE,FALSE,TRUE,TRUE,TRUE,FALSE,FALSE,FALSE
"CATECHOL-ORTHO-CLEAVAGE-PWY",-0.0233904899919679,0.050523514013155,-0.120831456935622,0.252872955255785,0.334277917158628,0.377599941688166,-0.0924989782648289,0.15114224248675,-0.319998611216441,0.92744989720612,0.881752705699744,0.753110142091432,0.999947418018215,0.997305600121964,0.996691057705546,FALSE,FALSE,FALSE,TRUE,TRUE,TRUE,FALSE,FALSE,FALSE
"CHLOROPHYLL-SYN",-0.288320151258604,0.328555207061108,0.344571756705431,0.148970640453747,0.186928635108566,0.16727332658481,-1.93541593417612,1.75765048982617,2.05993246945278,0.0591003300687631,0.0854602853111068,0.0450887835393513,0.999947418018215,0.997305600121964,0.996691057705546,FALSE,FALSE,FALSE,TRUE,TRUE,TRUE,FALSE,FALSE,FALSE
"CITRULBIO-PWY",-0.0267264757313418,0.0685679176323816,-0.0340795292751304,0.159560836601821,0.172063752177658,0.185532158841052,-0.167500223115757,0.398502977905447,-0.183685294711236,0.867710690897399,0.692103230767608,0.855067654850215,0.999947418018215,0.997305600121964,0.996691057705546,FALSE,FALSE,FALSE,TRUE,TRUE,TRUE,FALSE,FALSE,FALSE
"COA-PWY",0.0029125344533046,-0.00854144246492513,0.000453712192511554,0.0318819651582155,0.0409793260982834,0.0528047365345388,0.0913536677821153,-0.208432965550473,0.00859226316212728,0.927608241676284,0.835811100741724,0.993181606501561,0.999947418018215,0.997305600121964,0.998782852086678,FALSE,FALSE,FALSE,TRUE,TRUE,TRUE,FALSE,FALSE,FALSE
"COA-PWY-1",0.00490615962489687,-0.00967474632813986,-0.00381014611776118,0.0321068455807569,0.0409867162222609,0.0530401004788118,0.152807276334781,-0.236045900229627,-0.0718351979608944,0.879218584151613,0.814444918908894,0.943044488495046,0.999947418018215,0.997305600121964,0.996691057705546,FALSE,FALSE,FALSE,TRUE,TRUE,TRUE,FALSE,FALSE,FALSE
"COBALSYN-PWY",-0.056387264399639,0.0704136245102934,0.0537573623449248,0.062034252150941,0.0707694614662841,0.0802710138081019,-0.908969842377371,0.994971885491028,0.669698310693305,0.368104044931402,0.324955203878089,0.506398024530891,0.999947418018215,0.997305600121964,0.996691057705546,FALSE,FALSE,FALSE,TRUE,TRUE,TRUE,FALSE,FALSE,FALSE
"CODH-PWY",0.131779839569953,-0.163447103621004,-0.142480710348596,0.0990819377342938,0.113672434293011,0.12346285077839,1.33000870373917,-1.43787809804169,-1.15403710063639,0.190072590263514,0.157237273978155,0.254445632882006,0.999947418018215,0.997305600121964,0.996691057705546,FALSE,FALSE,FALSE,TRUE,TRUE,TRUE,FALSE,FALSE,FALSE
"COLANSYN-PWY",-0.0054878212119085,0.0045909776774641,0.00483961868584488,0.03850331437559,0.0468353856196834,0.0593428355485256,-0.142528540747849,0.0980236976106943,0.081553546289298,0.887285004998828,0.922339367209638,0.935355561662705,0.999947418018215,0.997305600121964,0.996691057705546,FALSE,FALSE,FALSE,TRUE,TRUE,TRUE,FALSE,FALSE,FALSE
"COMPLETE-ARO-PWY",0.00372416431961412,-0.00532277555959191,-0.00726223799422596,0.0309802075036713,0.039195031098664,0.0499523905722309,0.120211083775755,-0.13580230479198,-0.145383192096178,0.904839459487331,0.892570129437149,0.885043518739337,0.999947418018215,0.997305600121964,0.996691057705546,FALSE,FALSE,FALSE,TRUE,TRUE,TRUE,FALSE,FALSE,FALSE
"CRNFORCAT-PWY",-0.185234508665956,0.254882180729601,0.148590644054147,0.183059316512051,0.196114297911879,0.212761992811231,-1.01188244441939,1.2996613885038,0.698389040687265,0.316887374364089,0.200192619223741,0.488449741073735,0.999947418018215,0.997305600121964,0.996691057705546,FALSE,FALSE,FALSE,TRUE,TRUE,TRUE,FALSE,FALSE,FALSE
"DAPLYSINESYN-PWY",0.0299894093548374,-0.0388722848662197,-0.0331815982913288,0.0315923270043718,0.0397685776569884,0.0466439272339996,0.949262438018176,-0.977462286971906,-0.711380886194808,0.347447941627279,0.333453109970955,0.48044029356314,0.999947418018215,0.997305600121964,0.996691057705546,FALSE,FALSE,FALSE,TRUE,TRUE,TRUE,FALSE,FALSE,FALSE
"DARABCATK12-PWY",-0.0612518158479826,0.0806715882095038,0.0519858601442582,0.0389785843450581,0.0499137218131358,0.0604958902768475,-1.57142227910975,1.61622065594543,0.859328789217832,0.12293842824431,0.112885200529187,0.394615374334098,0.999947418018215,0.997305600121964,0.996691057705546,FALSE,FALSE,FALSE,TRUE,TRUE,TRUE,FALSE,FALSE,FALSE
"DENITRIFICATION-PWY",-0.156221669104605,0.322477491052355,-0.050103556376967,0.167380764837361,0.177027176314469,0.217874806017278,-0.933331074549704,1.82162703922651,-0.229964892650294,0.355522488854102,0.0750178325781619,0.819138630651328,0.999947418018215,0.997305600121964,0.996691057705546,FALSE,FALSE,FALSE,TRUE,TRUE,TRUE,FALSE,FALSE,FALSE
"DENOVOPURINE2-PWY",-0.04555802941053,0.00643258111446535,0.124562025708998,0.124317269343264,0.130788932826587,0.137464436749204,-0.366465814855822,0.0491829161339997,0.906140007224226,0.715697771416729,0.960986459707204,0.369583886063387,0.999947418018215,0.997305600121964,0.996691057705546,FALSE,FALSE,FALSE,TRUE,TRUE,TRUE,FALSE,FALSE,FALSE
"DTDPRHAMSYN-PWY",-0.00541337204473423,0.00591361146910254,0.00246233819996448,0.0324816271783922,0.0403304326484432,0.0533525732550105,-0.166659509235897,0.146629011413068,0.0461521919138781,0.86836840392287,0.884065591936819,0.963388731195098,0.999947418018215,0.997305600121964,0.996691057705546,FALSE,FALSE,FALSE,TRUE,TRUE,TRUE,FALSE,FALSE,FALSE
"ECASYN-PWY",-0.510297758713518,0.636948165452057,0.491267159749858,0.556461082786881,0.590491867281829,0.584004796856991,-0.917041235224993,1.07867390008956,0.841203980504561,0.364617324964559,0.287195034926071,0.405234592949426,0.999947418018215,0.997305600121964,0.996691057705546,FALSE,FALSE,FALSE,TRUE,TRUE,TRUE,FALSE,FALSE,FALSE
"FAO-PWY",-0.147521604238771,0.0706682398124197,0.332442528236309,0.181524173998613,0.190088096814318,0.196686025147772,-0.812682966621833,0.371765728610823,1.69021936350863,0.420586071985737,0.711774356091535,0.0977528083334314,0.999947418018215,0.997305600121964,0.996691057705546,FALSE,FALSE,FALSE,TRUE,TRUE,TRUE,FALSE,FALSE,FALSE
"FERMENTATION-PWY",0.0265463046732346,-0.0384504231010332,-0.0233226155723439,0.0289087482079569,0.0368014568928786,0.0456508144028983,0.918279286334784,-1.0448070904626,-0.510891555329255,0.363262673094934,0.301571717710576,0.61187036140975,0.999947418018215,0.997305600121964,0.996691057705546,FALSE,FALSE,FALSE,TRUE,TRUE,TRUE,FALSE,FALSE,FALSE
"FOLSYN-PWY",0.00913784234803358,-0.0177026203072465,-0.00372437924132106,0.0357314089309874,0.0425349059103603,0.0537812505260281,0.25573697263611,-0.416190418865711,-0.0692505139782609,0.799294078480729,0.67920614402356,0.945090383113021,0.999947418018215,0.997305600121964,0.996691057705546,FALSE,FALSE,FALSE,TRUE,TRUE,TRUE,FALSE,FALSE,FALSE
"FUC-RHAMCAT-PWY",-0.0460953462977779,0.0532477621357753,0.0501328895165657,0.0584880094598101,0.0660896428145764,0.0783356369708013,-0.788116174982022,0.805689966961529,0.639975513765875,0.434671439337899,0.424567072171055,0.525363425179377,0.999947418018215,0.997305600121964,0.996691057705546,FALSE,FALSE,FALSE,TRUE,TRUE,TRUE,FALSE,FALSE,FALSE
"FUCCAT-PWY",-0.0612518158488006,0.0806715882110464,0.0519858601442582,0.038978584345058,0.0499137218131013,0.0604958902768475,-1.57142227913073,1.61622065597745,0.859328789217833,0.122938428239437,0.112885200522248,0.394615374334098,0.999947418018215,0.997305600121964,0.996691057705546,FALSE,FALSE,FALSE,TRUE,TRUE,TRUE,FALSE,FALSE,FALSE
"GALACTARDEG-PWY",-0.0376032276141551,0.0679813846091614,0.000183639528718718,0.0993618288126079,0.112335686071355,0.119729891209985,-0.378447418526013,0.605162855959951,0.00153378180555302,0.706839263386109,0.548044832311996,0.998782852086678,0.999947418018215,0.997305600121964,0.998782852086678,FALSE,FALSE,FALSE,TRUE,TRUE,TRUE,FALSE,FALSE,FALSE
"GALACTITOLCAT-PWY",-0.10848390331027,0.0409058507218411,0.261253451414967,0.346559254796418,0.374597027422946,0.381879558112719,-0.313031326703417,0.109199613790997,0.684125258513715,0.755671759888184,0.913519150653052,0.497328313002124,0.999947418018215,0.997305600121964,0.996691057705546,FALSE,FALSE,FALSE,TRUE,TRUE,TRUE,FALSE,FALSE,FALSE
"GLCMANNANAUT-PWY",-0.0417077004641623,0.0506902676097082,0.0408516527559767,0.0361045205670707,0.0444542329041762,0.0575013196392556,-1.15519330568821,1.14027988558422,0.710447221251036,0.253976776586923,0.260072130263589,0.481013420444121,0.999947418018215,0.997305600121964,0.996691057705546,FALSE,FALSE,FALSE,TRUE,TRUE,TRUE,FALSE,FALSE,FALSE
"GLUCARDEG-PWY",-0.0149283666114131,0.0146706769578988,0.0173717776411232,0.144126315237861,0.164339259362483,0.167720487950362,-0.10357835477009,0.0892706771030271,0.103575763780657,0.917954236634646,0.929254347459159,0.917956281504283,0.999947418018215,0.997305600121964,0.996691057705546,FALSE,FALSE,FALSE,TRUE,TRUE,TRUE,FALSE,FALSE,FALSE
"GLUCARGALACTSUPER-PWY",-0.0376032276141551,0.0679813846091614,0.000183639528718718,0.0993618288126079,0.112335686071355,0.119729891209985,-0.378447418526013,0.605162855959951,0.00153378180555302,0.706839263386109,0.548044832311996,0.998782852086678,0.999947418018215,0.997305600121964,0.998782852086678,FALSE,FALSE,FALSE,TRUE,TRUE,TRUE,FALSE,FALSE,FALSE
"GLUCONEO-PWY",0.00278641469567696,-0.00299429881580099,-0.00817415447958039,0.0323908468353287,0.0406219023227288,0.0531823429951343,0.0860247560010632,-0.0737114375395859,-0.15370053328279,0.931820092178921,0.941559602042649,0.878518183222981,0.999947418018215,0.997305600121964,0.996691057705546,FALSE,FALSE,FALSE,TRUE,TRUE,TRUE,FALSE,FALSE,FALSE
"GLUCOSE1PMETAB-PWY",0.0090027363548963,-0.00470769166642672,-0.0244273761786701,0.0319421348812475,0.0402636682010429,0.0524564046093494,0.281845167468177,-0.116921579100058,-0.465670042782847,0.779326375580947,0.907431201246344,0.6436490682649,0.999947418018215,0.997305600121964,0.996691057705546,FALSE,FALSE,FALSE,TRUE,TRUE,TRUE,FALSE,FALSE,FALSE
"GLUDEG-I-PWY",-0.0906762985471463,0.0760137487489092,0.149667327533914,0.208331722464582,0.222629835917113,0.2258190499972,-0.435249598450193,0.341435587174443,0.662775472378304,0.665416692906464,0.734330509243466,0.510781867095543,0.999947418018215,0.997305600121964,0.996691057705546,FALSE,FALSE,FALSE,TRUE,TRUE,TRUE,FALSE,FALSE,FALSE
"GLUTORN-PWY",0.00440399625767529,-0.00298738259646704,-0.0131392368696181,0.0362096077602201,0.0434140246298066,0.0516609527946896,0.121625074948023,-0.0688114640819547,-0.254335937663324,0.903725721177894,0.945437948579813,0.800369572515085,0.999947418018215,0.997305600121964,0.996691057705546,FALSE,FALSE,FALSE,TRUE,TRUE,TRUE,FALSE,FALSE,FALSE
"GLYCOCAT-PWY",-0.808443345260251,0.887046825130298,1.05559192447885,0.815182679590195,0.863535974588923,0.904156628334138,-0.991732731204088,1.02722625487904,1.16748790132051,0.326876041181557,0.310057917322798,0.249446628858234,0.999947418018215,0.997305600121964,0.996691057705546,FALSE,FALSE,FALSE,TRUE,TRUE,TRUE,FALSE,FALSE,FALSE
"GLYCOGENSYNTH-PWY",0.00259564962607773,-0.000564872350007566,-0.0115377544608469,0.0335478375162973,0.0418594648067805,0.0541239530532202,0.0773715928729173,-0.0134944952740071,-0.213172797070121,0.938663504353924,0.989291635899063,0.832134149345733,0.999947418018215,0.997305600121964,0.996691057705546,FALSE,FALSE,FALSE,TRUE,TRUE,TRUE,FALSE,FALSE,FALSE
"GLYCOL-GLYOXDEG-PWY",-0.00552844916611983,-0.0824158634940264,0.146350158699291,0.109461388517424,0.170212061871918,0.173947291140507,-0.0505059294514597,-0.484195200902055,0.841347730911635,0.959937900576375,0.630544743774267,0.404505788527356,0.999947418018215,0.997305600121964,0.996691057705546,FALSE,FALSE,FALSE,TRUE,TRUE,TRUE,FALSE,FALSE,FALSE
"GLYCOLYSIS",0.00335861910580641,0.00180780834502795,-0.0177299546219477,0.0372548506915124,0.045677802708578,0.0559737676539342,0.0901525316425867,0.039577392909236,-0.316754711449222,0.928557413835632,0.968601326212864,0.752862826565819,0.999947418018215,0.997305600121964,0.996691057705546,FALSE,FALSE,FALSE,TRUE,TRUE,TRUE,FALSE,FALSE,FALSE
"GLYCOLYSIS-E-D",-0.132953235235005,-0.150101745850177,0.653406395162157,0.578138741896033,0.630229958237522,0.633814690484989,-0.229967697371359,-0.238169804351964,1.03091077718974,0.819182665156363,0.812855094134167,0.308216316220338,0.999947418018215,0.997305600121964,0.996691057705546,FALSE,FALSE,FALSE,TRUE,TRUE,TRUE,FALSE,FALSE,FALSE
"GLYOXYLATE-BYPASS",-0.193727961281797,0.234784654903293,0.205808877635987,0.221612658996549,0.23723374453663,0.241969000050671,-0.87417371443936,0.989676470191369,0.850558863296075,0.386665259778299,0.327624143462132,0.399517652046939,0.999947418018215,0.997305600121964,0.996691057705546,FALSE,FALSE,FALSE,TRUE,TRUE,TRUE,FALSE,FALSE,FALSE
"GOLPDLCAT-PWY",-0.180744864177803,0.175652326248829,0.263589621340433,0.244414766925477,0.257457165270381,0.268662118323362,-0.73950058931142,0.682258448951536,0.981119418641583,0.463360367714914,0.49849685610315,0.331666068811716,0.999947418018215,0.997305600121964,0.996691057705546,FALSE,FALSE,FALSE,TRUE,TRUE,TRUE,FALSE,FALSE,FALSE
"HEME-BIOSYNTHESIS-II",-0.0774179167624864,0.00949140062402104,0.217162349021337,0.144211074251837,0.157209431323646,0.164874485007248,-0.536837529046422,0.0603742443701177,1.31713739097829,0.593967025236707,0.952119116027426,0.194316297267318,0.999947418018215,0.997305600121964,0.996691057705546,FALSE,FALSE,FALSE,TRUE,TRUE,TRUE,FALSE,FALSE,FALSE
"HEME-BIOSYNTHESIS-II-1",0.0236404735539679,-0.140127381205525,0.150801549150207,0.209247130643056,0.223768254723185,0.234808640975915,0.112978722725212,-0.626216535401196,0.642231685015693,0.910539046508956,0.534268187873133,0.523910757746703,0.999947418018215,0.997305600121964,0.996691057705546,FALSE,FALSE,FALSE,TRUE,TRUE,TRUE,FALSE,FALSE,FALSE
"HEMESYN2-PWY",0.0236404735539679,-0.140127381205525,0.150801549150207,0.209247130643056,0.223768254723185,0.234808640975915,0.112978722725212,-0.626216535401196,0.642231685015693,0.910539046508956,0.534268187873133,0.523910757746703,0.999947418018215,0.997305600121964,0.996691057705546,FALSE,FALSE,FALSE,TRUE,TRUE,TRUE,FALSE,FALSE,FALSE
"HEXITOLDEGSUPER-PWY",-0.0402191791067881,0.00870446965297853,0.104519977778704,0.282981008180187,0.298999188789198,0.306327033767397,-0.142126778632362,0.0291120176219455,0.341203897329117,0.887600545787696,0.976901191293589,0.734503758830321,0.999947418018215,0.997305600121964,0.996691057705546,FALSE,FALSE,FALSE,TRUE,TRUE,TRUE,FALSE,FALSE,FALSE
"HISDEG-PWY",-7.41075842544681e-06,0.0504754873816773,-0.0865064665972939,0.111842188568956,0.120418047424469,0.142096625150483,-6.62608495083026e-05,0.419168791234036,-0.608786215053889,0.999947418018215,0.677043795004566,0.545660994779899,0.999947418018215,0.997305600121964,0.996691057705546,FALSE,FALSE,FALSE,TRUE,TRUE,TRUE,FALSE,FALSE,FALSE
"HISTSYN-PWY",-0.00739960865892656,0.00391937406168429,0.0117858236179805,0.0329470910195305,0.0411788045642998,0.0503934232919899,-0.224590652162286,0.0951794036556907,0.23387622527033,0.823292399733245,0.924585751492905,0.816118833515853,0.999947418018215,0.997305600121964,0.996691057705546,FALSE,FALSE,FALSE,TRUE,TRUE,TRUE,FALSE,FALSE,FALSE
"HOMOSER-METSYN-PWY",0.0306136954781308,-0.0654953848206588,0.00816906288204862,0.0803394543780606,0.0866991119490145,0.092533142810617,0.381054311547464,-0.755433168210245,0.0882825616197629,0.704917245682091,0.453840041796809,0.930035326148278,0.999947418018215,0.997305600121964,0.996691057705546,FALSE,FALSE,FALSE,TRUE,TRUE,TRUE,FALSE,FALSE,FALSE
"HSERMETANA-PWY",0.0260479585008674,-0.00506882335549638,-0.0760415300059681,0.0626273930053658,0.0758198678854085,0.0759666027763226,0.415919572105383,-0.0668534975971894,-1.00098631802538,0.679402919043115,0.946988065000699,0.3220701041303,0.999947418018215,0.997305600121964,0.996691057705546,FALSE,FALSE,FALSE,TRUE,TRUE,TRUE,FALSE,FALSE,FALSE
"ILEUSYN-PWY",-0.00394018168482304,0.0036631881630546,0.0016076305950625,0.0306340286093576,0.0390475635107383,0.0494745068563991,-0.128621074788037,0.0938134888249096,0.0324941206534647,0.898218203134328,0.925664754223209,0.974218590423326,0.999947418018215,0.997305600121964,0.998782852086678,FALSE,FALSE,FALSE,TRUE,TRUE,TRUE,FALSE,FALSE,FALSE
"KDO-NAGLIPASYN-PWY",-0.287292120791084,0.129722313619434,0.66452686524137,0.322534729588871,0.343815428616163,0.349749166593355,-0.890732359759489,0.3773021883909,1.90000986053528,0.377708071000679,0.707684233597949,0.0637107897299499,0.999947418018215,0.997305600121964,0.996691057705546,FALSE,FALSE,FALSE,TRUE,TRUE,TRUE,FALSE,FALSE,FALSE
"KETOGLUCONMET-PWY",-0.00907832475492833,0.108115202532875,-0.173554537247711,0.327203153479348,0.401856343153381,0.469363622545135,-0.0277452239026215,0.269039432560629,-0.369765633532926,0.978027571580098,0.78952527833331,0.71385039581438,0.999947418018215,0.997305600121964,0.996691057705546,FALSE,FALSE,FALSE,TRUE,TRUE,TRUE,FALSE,FALSE,FALSE
"LACTOSECAT-PWY",0.0154381226145669,-0.0158854961966491,-0.0259718142372994,0.222508035492298,0.23329323852247,0.237612580702562,0.0693823150270064,-0.0680923986364015,-0.10930319497607,0.944986047433318,0.946007206150675,0.913437452359673,0.999947418018215,0.997305600121964,0.996691057705546,FALSE,FALSE,FALSE,TRUE,TRUE,TRUE,FALSE,FALSE,FALSE
"LIPASYN-PWY",-0.168591531594198,0.0146983910344043,0.487920185026579,0.3876483698812,0.411328700710689,0.417003076163797,-0.43490839815956,0.0357339300880501,1.17006375472138,0.665662546934324,0.971649135376487,0.248001919254516,0.999947418018215,0.997305600121964,0.996691057705546,FALSE,FALSE,FALSE,TRUE,TRUE,TRUE,FALSE,FALSE,FALSE
"MET-SAM-PWY",0.0266206278283258,-0.0582746155016251,0.00866408241614832,0.0792562188769406,0.0854639308737068,0.0910708990745476,0.335880618651,-0.68186210142545,0.0951355757348589,0.738488148972192,0.498745146673271,0.924620371090516,0.999947418018215,0.997305600121964,0.996691057705546,FALSE,FALSE,FALSE,TRUE,TRUE,TRUE,FALSE,FALSE,FALSE
"METH-ACETATE-PWY",0.147495089723719,-0.186370407253573,-0.153358295541578,0.0986540807543188,0.113424456765495,0.122660479727646,1.49507337756287,-1.64312364871092,-1.25026655596076,0.141724545922752,0.107176454918034,0.217525203606368,0.999947418018215,0.997305600121964,0.996691057705546,FALSE,FALSE,FALSE,TRUE,TRUE,TRUE,FALSE,FALSE,FALSE
"METHANOGENESIS-PWY",-0.00888397368409094,0.0732281693351121,-0.0962951008117723,0.166036145560635,0.185238333344942,0.182313239062614,-0.0535062630735823,0.395318657929999,-0.528184904765476,0.957560243156214,0.694435096573049,0.59991001934116,0.999947418018215,0.997305600121964,0.996691057705546,FALSE,FALSE,FALSE,TRUE,TRUE,TRUE,FALSE,FALSE,FALSE
"METHGLYUT-PWY",-0.451278555923928,0.488707190511828,0.583384897885566,0.663671876243777,0.717159579090389,0.755422562849532,-0.679972396115466,0.681448320235339,0.772263004277999,0.499929879228802,0.499004430931201,0.443908422235595,0.999947418018215,0.997305600121964,0.996691057705546,FALSE,FALSE,FALSE,TRUE,TRUE,TRUE,FALSE,FALSE,FALSE
"METSYN-PWY",0.0271339901680734,-0.0582719542242419,0.00708758567492385,0.0717116938228702,0.0776299519986071,0.0831003426261522,0.378376087937556,-0.750637514567669,0.0852894879965674,0.70689188142288,0.456693581269914,0.93240138888635,0.999947418018215,0.997305600121964,0.996691057705546,FALSE,FALSE,FALSE,TRUE,TRUE,TRUE,FALSE,FALSE,FALSE
"NAD-BIOSYNTHESIS-II",-0.317557256161614,0.204812133094227,0.635192885667081,0.629293491674201,0.678773745644586,0.694946925020224,-0.504625044375988,0.301738442902989,0.914016398660368,0.616231132636636,0.764211426342946,0.365474456947811,0.999947418018215,0.997305600121964,0.996691057705546,FALSE,FALSE,FALSE,TRUE,TRUE,TRUE,FALSE,FALSE,FALSE
"NADSYN-PWY",-0.157057123378779,0.0993863608310566,0.319109362926336,0.381000899964694,0.42898406498604,0.448410795378207,-0.412222447226064,0.231678444359678,0.711645139268304,0.683107268580692,0.818360806774949,0.482182097899914,0.999947418018215,0.997305600121964,0.996691057705546,FALSE,FALSE,FALSE,TRUE,TRUE,TRUE,FALSE,FALSE,FALSE
"NAGLIPASYN-PWY",-0.00257236554980101,-0.00761095283864611,0.0157391728093239,0.0530303580185469,0.0603973000550524,0.0697005917576182,-0.0485074143550257,-0.126014785954152,0.225811179108154,0.961521858157997,0.900269396292456,0.822348596702213,0.999947418018215,0.997305600121964,0.996691057705546,FALSE,FALSE,FALSE,TRUE,TRUE,TRUE,FALSE,FALSE,FALSE
"NONMEVIPP-PWY",0.00795347243544105,-0.0080661559475142,-0.015756500968569,0.0331005333094309,0.0411595519886575,0.0543265231362155,0.240282304852622,-0.19597288011631,-0.290033303420907,0.811179040530276,0.84549456968651,0.773094198598809,0.999947418018215,0.997305600121964,0.996691057705546,FALSE,FALSE,FALSE,TRUE,TRUE,TRUE,FALSE,FALSE,FALSE
"NONOXIPENT-PWY",0.0111668274192379,-0.00624453352493504,-0.0285575370431389,0.0361363907959252,0.0438718722072248,0.0557823248308647,0.309018891297165,-0.142335697356145,-0.51194598162997,0.758702491863553,0.887436460374134,0.611137990353772,0.999947418018215,0.997305600121964,0.996691057705546,FALSE,FALSE,FALSE,TRUE,TRUE,TRUE,FALSE,FALSE,FALSE
"OANTIGEN-PWY",8.69186099388297e-05,0.00221836383641332,-0.00837752452685476,0.028957757107299,0.0381711169404789,0.0475636297878107,0.00300156568123576,0.0581162935282315,-0.176132994143389,0.997618080191758,0.953907725856774,0.860962595839507,0.999947418018215,0.997305600121964,0.996691057705546,FALSE,FALSE,FALSE,TRUE,TRUE,TRUE,FALSE,FALSE,FALSE
"P101-PWY",0.286957619504515,-0.413295980124083,-0.214190143851306,0.157011731634329,0.236528604314243,0.256233545043761,1.82761897163725,-1.74734037484529,-0.835917654008671,0.0743930452510893,0.087555081855227,0.407717872249588,0.999947418018215,0.997305600121964,0.996691057705546,FALSE,FALSE,FALSE,TRUE,TRUE,TRUE,FALSE,FALSE,FALSE
"P105-PWY",-0.418910613459132,0.610585600259322,0.265372511398418,0.292533193648912,0.361889772893885,0.429302635638565,-1.43201052924576,1.6872143011302,0.618147873710792,0.174087997572343,0.113706104261783,0.546403221400119,0.999947418018215,0.997305600121964,0.996691057705546,FALSE,FALSE,FALSE,TRUE,TRUE,TRUE,FALSE,FALSE,FALSE
"P108-PWY",-0.0893664056293744,0.0459355619412013,0.194532834035762,0.192313611473105,0.211201654282015,0.23021147403148,-0.464691006241503,0.217496222259055,0.845017976858792,0.644344862431856,0.828783530904542,0.402474633599142,0.999947418018215,0.997305600121964,0.996691057705546,FALSE,FALSE,FALSE,TRUE,TRUE,TRUE,FALSE,FALSE,FALSE
"P125-PWY",0.104025029968857,-0.0970979011992481,-0.16529905988059,0.133067392269742,0.147812265221031,0.151472603307596,0.781746964410235,-0.656900163555795,-1.09128024653354,0.438368665203577,0.514518379724356,0.280832707885373,0.999947418018215,0.997305600121964,0.996691057705546,FALSE,FALSE,FALSE,TRUE,TRUE,TRUE,FALSE,FALSE,FALSE
"P163-PWY",-0.00644810805794473,0.0763364135162335,-0.108805836086168,0.146159731971728,0.162305396968271,0.193002344867622,-0.0441168574337013,0.470325786709091,-0.563753959366641,0.965002211624954,0.640344687362332,0.575659849908715,0.999947418018215,0.997305600121964,0.996691057705546,FALSE,FALSE,FALSE,TRUE,TRUE,TRUE,FALSE,FALSE,FALSE
"P164-PWY",0.000568392314626638,0.00763987229748728,-0.0186619889967053,0.0499906420155764,0.0558317718514094,0.0734347284981988,0.0113699742933794,0.136837360594968,-0.254130292007045,0.99097743803641,0.891756509583572,0.800527467830495,0.999947418018215,0.997305600121964,0.996691057705546,FALSE,FALSE,FALSE,TRUE,TRUE,TRUE,FALSE,FALSE,FALSE
"P185-PWY",0.0534124657410616,-0.207698234005477,0.169427458877154,0.395954288933198,0.434506852011484,0.449127286918438,0.134895535252234,-0.478009110889665,0.377237063549697,0.893283004131153,0.634907601505376,0.707732294997,0.999947418018215,0.997305600121964,0.996691057705546,FALSE,FALSE,FALSE,TRUE,TRUE,TRUE,FALSE,FALSE,FALSE
"P221-PWY",-0.0201589445266266,0.0511049902565743,-0.0258153366038827,0.087915012375955,0.096241760295212,0.102208368876255,-0.229300366135649,0.531006395766399,-0.252575565853494,0.819651964158579,0.597969044787297,0.801721462954606,0.999947418018215,0.997305600121964,0.996691057705546,FALSE,FALSE,FALSE,TRUE,TRUE,TRUE,FALSE,FALSE,FALSE
"P23-PWY",0.0659807765673917,-0.168409207073565,0.0670923382071639,0.121887722077147,0.137969390553942,0.142512865511221,0.541324223990583,-1.22062731738836,0.470780921894251,0.590896360216611,0.228447392424879,0.640022051872891,0.999947418018215,0.997305600121964,0.996691057705546,FALSE,FALSE,FALSE,TRUE,TRUE,TRUE,FALSE,FALSE,FALSE
"P241-PWY",-0.374136011064809,0.418418861706193,0.41945215107138,0.26229098286922,0.327053274865248,0.360240432704072,-1.42641583394178,1.27935995100061,1.16436721975612,0.167786138489103,0.214099483996588,0.256746979024226,0.999947418018215,0.997305600121964,0.996691057705546,FALSE,FALSE,FALSE,TRUE,TRUE,TRUE,FALSE,FALSE,FALSE
"P261-PWY",0.00478978569323382,0.0776872302314237,-0.145416962861335,0.167264692581657,0.187020764496522,0.185846787075782,0.0286359638684386,0.415393608514889,-0.782456157297135,0.977278807799679,0.679785105452782,0.437956068297506,0.999947418018215,0.997305600121964,0.996691057705546,FALSE,FALSE,FALSE,TRUE,TRUE,TRUE,FALSE,FALSE,FALSE
"P341-PWY",-0.0842265831740012,0.00748853913365705,0.146723817213585,0.429931115692832,0.465975370123823,0.501688379288345,-0.19590715837878,0.0160706758635486,0.292460067386283,0.845884224806756,0.987274778914979,0.771765871853263,0.999947418018215,0.997305600121964,0.996691057705546,FALSE,FALSE,FALSE,TRUE,TRUE,TRUE,FALSE,FALSE,FALSE
"P381-PWY",-0.22318989974101,0.345063624085539,0.103563504055654,0.292193431095058,0.338705877072802,0.371267848814471,-0.763842975198169,1.01877070178907,0.278945522447883,0.449804544997989,0.314927419995355,0.781839871579211,0.999947418018215,0.997305600121964,0.996691057705546,FALSE,FALSE,FALSE,TRUE,TRUE,TRUE,FALSE,FALSE,FALSE
"P4-PWY",0.0208591016957392,-0.0388746756097152,-0.00521614612715765,0.0508603623122501,0.0556126013269116,0.0623213880870673,0.410124913536355,-0.699026383987962,-0.0836975280439892,0.683618228379211,0.488055093082846,0.933660106233805,0.999947418018215,0.997305600121964,0.996691057705546,FALSE,FALSE,FALSE,TRUE,TRUE,TRUE,FALSE,FALSE,FALSE
"P42-PWY",0.000355125070162862,-0.00295780674119819,-0.00078762962267037,0.0371345777014868,0.0455942819469735,0.0586990394375004,0.00956319129350552,-0.0648723176436496,-0.0134181007085984,0.992411148916462,0.948556770444998,0.989352253988168,0.999947418018215,0.997305600121964,0.998782852086678,FALSE,FALSE,FALSE,TRUE,TRUE,TRUE,FALSE,FALSE,FALSE
"P441-PWY",-0.0339937715316517,0.0172227686158438,0.0716124312651943,0.0939211390398763,0.100030188523461,0.10532407806874,-0.361939515205612,0.172175708854176,0.679924596334526,0.719054652321867,0.864054671099647,0.499959866832448,0.999947418018215,0.997305600121964,0.996691057705546,FALSE,FALSE,FALSE,TRUE,TRUE,TRUE,FALSE,FALSE,FALSE
"P461-PWY",0.0556287688307895,-0.065690828063224,-0.0681220039912966,0.286325917395308,0.297089358631928,0.306358619385521,0.194284783357516,-0.221114712306509,-0.222360330934812,0.846808381175281,0.825981699685484,0.825017732719683,0.999947418018215,0.997305600121964,0.996691057705546,FALSE,FALSE,FALSE,TRUE,TRUE,TRUE,FALSE,FALSE,FALSE
"P562-PWY",0.0408815534188324,-0.0259228340999746,-0.0875816469824607,0.100539655099117,0.110378680627962,0.137367808776388,0.406621182244252,-0.234853632535698,-0.637570386851183,0.686171969621596,0.815364651363284,0.52691434058308,0.999947418018215,0.997305600121964,0.996691057705546,FALSE,FALSE,FALSE,TRUE,TRUE,TRUE,FALSE,FALSE,FALSE
"PANTO-PWY",0.0176388746849192,-0.0263511024562315,-0.0157050072809339,0.0371285580458781,0.0460329114606892,0.0592589818641282,0.475075672562443,-0.57244049138049,-0.265023238450891,0.63698106407535,0.569810991783938,0.792175578171124,0.999947418018215,0.997305600121964,0.996691057705546,FALSE,FALSE,FALSE,TRUE,TRUE,TRUE,FALSE,FALSE,FALSE
"PANTOSYN-PWY",0.0116417294983622,-0.0188740714955727,-0.00948892545817221,0.0347315071294933,0.0438537193907434,0.0566203957390392,0.335192177378224,-0.43038701751616,-0.167588469390186,0.739003969287582,0.668923952981286,0.867641658945375,0.999947418018215,0.997305600121964,0.996691057705546,FALSE,FALSE,FALSE,TRUE,TRUE,TRUE,FALSE,FALSE,FALSE
"PENTOSE-P-PWY",-0.045250575911276,0.0542539750965365,0.0459106841466686,0.0639708613861595,0.0697128468400528,0.0754795331356322,-0.707362304192238,0.778249312081822,0.608253419694181,0.482909817336222,0.440406915991164,0.546011191797432,0.999947418018215,0.997305600121964,0.996691057705546,FALSE,FALSE,FALSE,TRUE,TRUE,TRUE,FALSE,FALSE,FALSE
"PEPTIDOGLYCANSYN-PWY",0.00964453442714907,-0.00824483984548633,-0.0206450169839701,0.0346513036161451,0.0425923008039992,0.055807197457213,0.27833107042632,-0.193575826847846,-0.369934666577702,0.782005561976636,0.847360279056626,0.713128968425429,0.999947418018215,0.997305600121964,0.996691057705546,FALSE,FALSE,FALSE,TRUE,TRUE,TRUE,FALSE,FALSE,FALSE
"PHOSLIPSYN-PWY",0.0087448515634983,-0.0143283670709078,-0.00800400647273123,0.0323700953792813,0.0402017506393883,0.0513882580500407,0.270152171658274,-0.356411520469195,-0.155755551490714,0.788251546941048,0.72316202993461,0.876907221413194,0.999947418018215,0.997305600121964,0.996691057705546,FALSE,FALSE,FALSE,TRUE,TRUE,TRUE,FALSE,FALSE,FALSE
"POLYAMINSYN3-PWY",-0.176451386196377,0.181687866415393,0.240633092251647,0.138015140459804,0.14500407255303,0.159459638304264,-1.27849296539873,1.25298457633972,1.50905329279937,0.207488789590613,0.216543344024906,0.138123730348022,0.999947418018215,0.997305600121964,0.996691057705546,FALSE,FALSE,FALSE,TRUE,TRUE,TRUE,FALSE,FALSE,FALSE
"POLYAMSYN-PWY",-0.0406729525744035,0.0201479322545962,0.087314032295647,0.0439733417784424,0.0514331277112501,0.0638312628679654,-0.924945681393337,0.391730644259249,1.36788821609648,0.359821220433395,0.697066168550425,0.177992709490966,0.999947418018215,0.997305600121964,0.996691057705546,FALSE,FALSE,FALSE,TRUE,TRUE,TRUE,FALSE,FALSE,FALSE
"POLYISOPRENSYN-PWY",0.00514866731743944,-0.00901847515537177,-0.00561926658192127,0.0361170015543994,0.0437668089052871,0.0566557410014878,0.142555225955968,-0.206057406992775,-0.0991826509121769,0.887264047300329,0.83765535454929,0.921424224208908,0.999947418018215,0.997305600121964,0.996691057705546,FALSE,FALSE,FALSE,TRUE,TRUE,TRUE,FALSE,FALSE,FALSE
"PPGPPMET-PWY",-0.00348151774832481,-0.00223132519320376,0.00978155649345739,0.0398133346665778,0.0469975386686606,0.0577932224927247,-0.0874460222305228,-0.0474774904476365,0.169250927211902,0.930696557790154,0.96233820376706,0.866341372149161,0.999947418018215,0.997305600121964,0.996691057705546,FALSE,FALSE,FALSE,TRUE,TRUE,TRUE,FALSE,FALSE,FALSE
"PROTOCATECHUATE-ORTHO-CLEAVAGE-PWY",-0.182093008070422,0.226137655822719,0.185679651454007,0.155524222959676,0.167280880784695,0.179588990921772,-1.17083374284169,1.35184400489724,1.03391444264469,0.24769533192865,0.183035243134757,0.306581367277173,0.999947418018215,0.997305600121964,0.996691057705546,FALSE,FALSE,FALSE,TRUE,TRUE,TRUE,FALSE,FALSE,FALSE
"PWY-1042",0.00519316260056347,-0.00267849981153995,-0.0160579933202172,0.0335519567583074,0.0413391024196971,0.0540186332426135,0.154779723816783,-0.0647933712819006,-0.297267671473584,0.877672123185212,0.948619284768729,0.767600487904284,0.999947418018215,0.997305600121964,0.996691057705546,FALSE,FALSE,FALSE,TRUE,TRUE,TRUE,FALSE,FALSE,FALSE
"PWY-1269",-0.0143590361853098,0.00452361752707661,0.0321171747862693,0.0581132806727846,0.0647227505675173,0.072465224144208,-0.2470870000639,0.0698922324439484,0.44320810658579,0.805940367148706,0.944582398383481,0.659692727338105,0.999947418018215,0.997305600121964,0.996691057705546,FALSE,FALSE,FALSE,TRUE,TRUE,TRUE,FALSE,FALSE,FALSE
"PWY-1622",-0.041929248926748,0.0493332417503408,0.0437353119441167,0.0789376726124231,0.084558483866087,0.089895104079796,-0.531169054509839,0.583421550325672,0.486514948637189,0.597857237608395,0.562459327261285,0.628912110275654,0.999947418018215,0.997305600121964,0.996691057705546,FALSE,FALSE,FALSE,TRUE,TRUE,TRUE,FALSE,FALSE,FALSE
"PWY-1861",0.0329464639450542,-0.00648551483625466,-0.0948660792725591,0.210234911644687,0.221097540906994,0.227963588566321,0.156712620598125,-0.0293332743984829,-0.416145753228305,0.876157138836835,0.976725687274637,0.679238592854365,0.999947418018215,0.997305600121964,0.996691057705546,FALSE,FALSE,FALSE,TRUE,TRUE,TRUE,FALSE,FALSE,FALSE
"PWY-241",0.0743443556591027,-0.195943984766453,0.0862228909897401,0.147214187972761,0.166156304526872,0.172153446688871,0.505008088438179,-1.17927505263433,0.500849054422761,0.615964173998136,0.244352200943395,0.618865571938041,0.999947418018215,0.997305600121964,0.996691057705546,FALSE,FALSE,FALSE,TRUE,TRUE,TRUE,FALSE,FALSE,FALSE
"PWY-2941",0.224382019337052,-0.183656658616722,-0.393234359017293,0.129953718617887,0.162491100887367,0.164641365340148,1.72663023208148,-1.13025671937583,-2.38842989551789,0.0909451013213879,0.264227094338207,0.0210810237403324,0.999947418018215,0.997305600121964,0.996691057705546,FALSE,FALSE,FALSE,TRUE,TRUE,TRUE,FALSE,FALSE,FALSE
"PWY-2942",0.00306054512013342,-0.00262608384301015,-0.00961202823526257,0.0314803255473914,0.0392768012021798,0.0509068557702582,0.0972208853280754,-0.0668609398584223,-0.188815987352303,0.922973353317398,0.946982172587613,0.85106763688508,0.999947418018215,0.997305600121964,0.996691057705546,FALSE,FALSE,FALSE,TRUE,TRUE,TRUE,FALSE,FALSE,FALSE
"PWY-3001",-0.00216180868077906,0.000406456129113255,0.00145355282533179,0.0320722990274602,0.0400525349759635,0.0503741065792894,-0.0674042318864679,0.0101480750059186,0.0288551584144502,0.946552029035859,0.991947031440662,0.977104937114809,0.999947418018215,0.997305600121964,0.998782852086678,FALSE,FALSE,FALSE,TRUE,TRUE,TRUE,FALSE,FALSE,FALSE
"PWY-3481",0.140033605895061,-0.343559799019903,0.0741533875894537,0.389393678008264,0.454353680358033,0.487429901045997,0.359619618406053,-0.756150580202577,0.152131388391079,0.720977344449777,0.45388183422408,0.879829479978356,0.999947418018215,0.997305600121964,0.996691057705546,FALSE,FALSE,FALSE,TRUE,TRUE,TRUE,FALSE,FALSE,FALSE
"PWY-3661",0.185192587420537,-0.152644909763197,-0.35082809604458,0.250402653375118,0.304703144549734,0.338331255267927,0.739579173480672,-0.500962699248686,-1.03693670206956,0.465303670991655,0.620053365269573,0.308051605401277,0.999947418018215,0.997305600121964,0.996691057705546,FALSE,FALSE,FALSE,TRUE,TRUE,TRUE,FALSE,FALSE,FALSE
"PWY-3841",0.00739729829573592,-0.00802660159940644,-0.0141174934814002,0.0307462040195555,0.0390070644671598,0.0528263410376636,0.240592246478005,-0.205773023657396,-0.267243447191144,0.810940236467799,0.83787619620347,0.790476272381509,0.999947418018215,0.997305600121964,0.996691057705546,FALSE,FALSE,FALSE,TRUE,TRUE,TRUE,FALSE,FALSE,FALSE
"PWY-4702",-0.245437296342474,0.360479309596313,0.161366346905074,0.360165585456962,0.366015378996827,0.382525617888025,-0.681456825007516,0.984874762870109,0.421844549382075,0.498999100912132,0.329837702509149,0.67510349027515,0.999947418018215,0.997305600121964,0.996691057705546,FALSE,FALSE,FALSE,TRUE,TRUE,TRUE,FALSE,FALSE,FALSE
"PWY-4984",-0.0788757317538621,0.0557845837417882,0.146400484866052,0.0758526671122548,0.0844998683238244,0.102998074246668,-1.03985442775708,0.660173617407401,1.42139050595685,0.303842483115267,0.512434756545548,0.16194772175121,0.999947418018215,0.997305600121964,0.996691057705546,FALSE,FALSE,FALSE,TRUE,TRUE,TRUE,FALSE,FALSE,FALSE
"PWY-5005",-0.160855815595277,0.204906178099222,0.155141900799557,0.107453901588431,0.119724738727887,0.123846750112094,-1.49697510483506,1.71147734608915,1.25269254670904,0.141230382961265,0.0937288559243399,0.216648678787034,0.999947418018215,0.997305600121964,0.996691057705546,FALSE,FALSE,FALSE,TRUE,TRUE,TRUE,FALSE,FALSE,FALSE
"PWY-5022",-0.00414112392534512,-0.00858344743721005,0.0221237990570908,0.130081953371711,0.138312486165145,0.151040028953225,-0.0318347304757316,-0.0620583699649604,0.146476395763551,0.974741579822473,0.950785216946088,0.884185380380522,0.999947418018215,0.997305600121964,0.996691057705546,FALSE,FALSE,FALSE,TRUE,TRUE,TRUE,FALSE,FALSE,FALSE
"PWY-5028",0.0363820810905084,-0.283281920945737,0.314572229149647,0.413715122216225,0.458881492143809,0.456466202729928,0.087939935324611,-0.617331328013027,0.68914681364869,0.930314602458869,0.540127587329937,0.494269122320338,0.999947418018215,0.997305600121964,0.996691057705546,FALSE,FALSE,FALSE,TRUE,TRUE,TRUE,FALSE,FALSE,FALSE
"PWY-5030",0.00434861310484432,0.0444054710239982,-0.0899830130973261,0.10807782480201,0.116725527846518,0.138359508980976,0.0402359421353145,0.380426388667839,-0.650356551277574,0.968079152675243,0.705380025222717,0.5186971255071,0.999947418018215,0.997305600121964,0.996691057705546,FALSE,FALSE,FALSE,TRUE,TRUE,TRUE,FALSE,FALSE,FALSE
"PWY-5097",0.00456450501529572,-0.00643530181648459,-0.0080279262072977,0.0335333610408151,0.04140432137625,0.0532985188702534,0.13611832734989,-0.155425849345666,-0.150621938047479,0.892321703129655,0.877165644943368,0.88093251388752,0.999947418018215,0.997305600121964,0.996691057705546,FALSE,FALSE,FALSE,TRUE,TRUE,TRUE,FALSE,FALSE,FALSE
"PWY-5100",0.0522145811856134,-0.0493805000554029,-0.0841703373406554,0.06661976579998,0.0740639940404272,0.0775059792965586,0.783770110246006,-0.666727479326175,-1.08598508275855,0.43719224178608,0.508276777637756,0.283143970396342,0.999947418018215,0.997305600121964,0.996691057705546,FALSE,FALSE,FALSE,TRUE,TRUE,TRUE,FALSE,FALSE,FALSE
"PWY-5101",-0.0143487072361086,0.00950420922860651,0.0239920808643526,0.0547340369799299,0.062062037796758,0.0718129534093705,-0.26215327843203,0.1531404634139,0.334091270798814,0.794373702143984,0.878957321403689,0.739829084710691,0.999947418018215,0.997305600121964,0.996691057705546,FALSE,FALSE,FALSE,TRUE,TRUE,TRUE,FALSE,FALSE,FALSE
"PWY-5103",-0.00510426909340554,0.00377357206211184,0.00499327444787883,0.0323619238072409,0.0405566677890502,0.0504026702903741,-0.157724526014225,0.0930444306159357,0.0990676569140513,0.875364204420979,0.92627233308858,0.921515022009671,0.999947418018215,0.997305600121964,0.996691057705546,FALSE,FALSE,FALSE,TRUE,TRUE,TRUE,FALSE,FALSE,FALSE
"PWY-5104",-0.0507885861046578,0.0412426244650671,0.0667951890521964,0.257561360099186,0.329309532416219,0.349060820149099,-0.197190238804063,0.125239692159715,0.191356878791683,0.844757933942293,0.901011809356616,0.849292245308593,0.999947418018215,0.997305600121964,0.996691057705546,FALSE,FALSE,FALSE,FALSE,TRUE,TRUE,FALSE,FALSE,FALSE
"PWY-5121",0.00685169641446277,-0.00582366772848482,-0.016026355260247,0.0341248720019305,0.0421353244788988,0.0551746140786863,0.200783065620734,-0.138213430192078,-0.290466105252522,0.841753345331659,0.89067501352595,0.772765199353685,0.999947418018215,0.997305600121964,0.996691057705546,FALSE,FALSE,FALSE,TRUE,TRUE,TRUE,FALSE,FALSE,FALSE
"PWY-5130",0.00771561826252801,-0.0119392529478118,-0.00873428993853984,0.0689920865067799,0.0768736457267129,0.0871828772209441,0.111833380510528,-0.155310091448714,-0.100183547698304,0.911442097458303,0.877256380241472,0.920633973621939,0.999947418018215,0.997305600121964,0.996691057705546,FALSE,FALSE,FALSE,TRUE,TRUE,TRUE,FALSE,FALSE,FALSE
"PWY-5136",-0.150374778647897,0.105699611452095,0.284254395949787,0.163483718889311,0.16912185846705,0.176744290835874,-0.919815010751689,0.624990834479789,1.60828049723964,0.362467992102227,0.535065259124471,0.114616625735028,0.999947418018215,0.997305600121964,0.996691057705546,FALSE,FALSE,FALSE,TRUE,TRUE,TRUE,FALSE,FALSE,FALSE
"PWY-5138",-0.151267280628298,0.161262612039502,0.196697807310226,0.117408160339908,0.131227383850725,0.151448361932246,-1.28838813409873,1.22887927281201,1.29877804421696,0.204053758497473,0.225366743014355,0.200493165238139,0.999947418018215,0.997305600121964,0.996691057705546,FALSE,FALSE,FALSE,TRUE,TRUE,TRUE,FALSE,FALSE,FALSE
"PWY-5154",-0.012982901815598,0.0118172459642969,0.0160506170685433,0.0509448386271252,0.0568291321686725,0.0650155294545306,-0.254842338605139,0.207943452826669,0.246873588559615,0.799980792376625,0.836191055764804,0.806104529274757,0.999947418018215,0.997305600121964,0.996691057705546,FALSE,FALSE,FALSE,TRUE,TRUE,TRUE,FALSE,FALSE,FALSE
"PWY-5180",-0.00280094088988286,0.0704537727157615,-0.110415994237591,0.138026891809727,0.155362918268779,0.181955571681918,-0.0202927187098006,0.453478690416176,-0.606829421143597,0.98389763254983,0.652336203243542,0.546947725495534,0.999947418018215,0.997305600121964,0.996691057705546,FALSE,FALSE,FALSE,TRUE,TRUE,TRUE,FALSE,FALSE,FALSE
"PWY-5188",-0.0103756193569971,0.0140243594651197,0.00447925510024273,0.0440911264487811,0.0524952861468472,0.0551620485986923,-0.235322165539364,0.267154643673887,0.0812017539962957,0.815003186841726,0.790544221225292,0.935633787267564,0.999947418018215,0.997305600121964,0.996691057705546,FALSE,FALSE,FALSE,TRUE,TRUE,TRUE,FALSE,FALSE,FALSE
"PWY-5189",-0.0129650178630952,0.0175482585385895,0.00668295203077776,0.0432993985546186,0.0518691989936086,0.0544334781909183,-0.2994272044389,0.338317515578982,0.122772827548116,0.765962879444962,0.736663261957227,0.902821830952157,0.999947418018215,0.997305600121964,0.996691057705546,FALSE,FALSE,FALSE,TRUE,TRUE,TRUE,FALSE,FALSE,FALSE
"PWY-5196",0.00580164178416591,0.0627466493477976,-0.124237328203924,0.171289912364871,0.19383049616234,0.19037308246756,0.0338703062198293,0.323719180366979,-0.652599236160892,0.973127118350325,0.747617898219033,0.517262911342316,0.999947418018215,0.997305600121964,0.996691057705546,FALSE,FALSE,FALSE,TRUE,TRUE,TRUE,FALSE,FALSE,FALSE
"PWY-5209",-0.05127625667831,0.117225583553117,-0.0379645322462343,0.159639422582942,0.174568337212751,0.176153891973855,-0.321200464450872,0.67151687084154,-0.215519122630961,0.749513360630388,0.505249831322327,0.830315371416128,0.999947418018215,0.997305600121964,0.996691057705546,FALSE,FALSE,FALSE,TRUE,TRUE,TRUE,FALSE,FALSE,FALSE
"PWY-5265",0.561384088278307,-0.573119274652017,-0.803246776770894,0.242814906003119,0.279360639084346,0.333624947906942,2.31198363197314,-2.05153910203856,-2.40763402680229,0.0267836293515085,0.0477562530672519,0.021463407691675,0.999947418018215,0.997305600121964,0.996691057705546,FALSE,FALSE,FALSE,TRUE,TRUE,TRUE,FALSE,FALSE,FALSE
"PWY-5345",0.000145767738470889,-0.000442561726107135,-0.00423374594388857,0.0458618645670888,0.0525748507416188,0.0594712140000574,0.00317840846304129,-0.00841774574467406,-0.0711898355376515,0.997477745459588,0.993320091483715,0.943555286321124,0.999947418018215,0.997305600121964,0.996691057705546,FALSE,FALSE,FALSE,TRUE,TRUE,TRUE,FALSE,FALSE,FALSE
"PWY-5347",0.0266352653082103,-0.0569448670601372,0.00645841391658477,0.0696234274613164,0.0754477626582296,0.0808617638579944,0.382561822642374,-0.754758856377112,0.0798698124854997,0.703806669747975,0.454240646393983,0.936687266883499,0.999947418018215,0.997305600121964,0.996691057705546,FALSE,FALSE,FALSE,TRUE,TRUE,TRUE,FALSE,FALSE,FALSE
"PWY-5367",-0.213337888323257,0.263865653103811,0.213912577468536,0.268033925624339,0.293317500582745,0.320985707010345,-0.795936140644595,0.899590554875107,0.666423995824966,0.430767584220324,0.373722163815475,0.508965878598736,0.999947418018215,0.997305600121964,0.996691057705546,FALSE,FALSE,FALSE,TRUE,TRUE,TRUE,FALSE,FALSE,FALSE
"PWY-5384",0.00152594593885462,-0.00307478545857203,-0.00418317811730692,0.0359076518154444,0.0440214311368226,0.0567340443134627,0.0424964001182135,-0.0698474669988651,-0.0737331203500026,0.966286910671551,0.944617833984404,0.941542443130568,0.999947418018215,0.997305600121964,0.996691057705546,FALSE,FALSE,FALSE,TRUE,TRUE,TRUE,FALSE,FALSE,FALSE
"PWY-5392",-0.0819365737469577,0.0334732593629379,0.192030215585541,0.179212364802088,0.197402062248007,0.216362699254247,-0.457203797502721,0.169568944628772,0.887538453936031,0.649676576062255,0.866092678156668,0.379406283269294,0.999947418018215,0.997305600121964,0.996691057705546,FALSE,FALSE,FALSE,TRUE,TRUE,TRUE,FALSE,FALSE,FALSE
"PWY-5415",-0.0944762543908508,0.154177977180312,0.0342878211042305,0.17080762064141,0.202321740004439,0.244023237815304,-0.553114984191439,0.762043550915137,0.140510475195736,0.582863001466531,0.449923767249978,0.88887016314012,0.999947418018215,0.997305600121964,0.996691057705546,FALSE,FALSE,FALSE,TRUE,TRUE,TRUE,FALSE,FALSE,FALSE
"PWY-5417",0.0073602482013167,0.129535867858785,-0.341724888625585,0.263220088851363,0.34118187976774,0.393069264480368,0.0279623346129669,0.379668076003822,-0.86937575512891,0.978060828754834,0.709513189452738,0.398339790397598,0.999947418018215,0.997305600121964,0.996691057705546,FALSE,FALSE,FALSE,TRUE,TRUE,TRUE,FALSE,FALSE,FALSE
"PWY-5419",-0.0384531297611762,0.0828009307335801,-0.0212952975982088,0.140214782926679,0.156666746327382,0.171498814831346,-0.274244476641839,0.528516310414424,-0.12417168957786,0.785124587356565,0.599681884479561,0.901720360390729,0.999947418018215,0.997305600121964,0.996691057705546,FALSE,FALSE,FALSE,TRUE,TRUE,TRUE,FALSE,FALSE,FALSE
"PWY-5420",-0.0902136601871192,0.150452909595987,0.0272868611798292,0.11921820621885,0.136414824945875,0.155873156759022,-0.756710430800417,1.10290732444719,0.175058116145131,0.453081792212803,0.275804171050795,0.8618022498516,0.999947418018215,0.997305600121964,0.996691057705546,FALSE,FALSE,FALSE,TRUE,TRUE,TRUE,FALSE,FALSE,FALSE
"PWY-5430",0.180162522747309,-0.254289768719548,-0.336599498365183,0.31831937834422,0.388477450838273,0.445013837312901,0.565980380096394,-0.654580512127103,-0.756379847416994,0.581836793264863,0.525085870640547,0.464012627073231,0.999947418018215,0.997305600121964,0.996691057705546,FALSE,FALSE,FALSE,TRUE,TRUE,TRUE,FALSE,FALSE,FALSE
"PWY-5431",0.0073602482013167,0.129535867858785,-0.341724888625585,0.263220088851363,0.34118187976774,0.393069264480368,0.0279623346129669,0.379668076003822,-0.86937575512891,0.978060828754834,0.709513189452738,0.398339790397598,0.999947418018215,0.997305600121964,0.996691057705546,FALSE,FALSE,FALSE,TRUE,TRUE,TRUE,FALSE,FALSE,FALSE
"PWY-5484",-0.0011789913824368,0.0120142073627058,-0.0204189209054259,0.0453925766391575,0.0539405246797108,0.0625363552256747,-0.0259732200665549,0.222730635900263,-0.326512807338072,0.979391050376313,0.824731211322685,0.745517393700115,0.999947418018215,0.997305600121964,0.996691057705546,FALSE,FALSE,FALSE,TRUE,TRUE,TRUE,FALSE,FALSE,FALSE
"PWY-5494",0.0104807318047799,0.0479696444408238,-0.126592629368513,0.173083486543536,0.210088360852595,0.228946471988181,0.0605530430087776,0.22833080445842,-0.552935488671988,0.951989381078141,0.820446931150873,0.583106131238424,0.999947418018215,0.997305600121964,0.996691057705546,FALSE,FALSE,FALSE,TRUE,TRUE,TRUE,FALSE,FALSE,FALSE
"PWY-5497",0.0154394755883017,0.0151613654175634,-0.0764271078424603,0.0957072911982289,0.10336912781993,0.115225713046023,0.161319742675858,0.146672084183343,-0.663281708761776,0.872548024434148,0.884031784496003,0.510460603307613,0.999947418018215,0.997305600121964,0.996691057705546,FALSE,FALSE,FALSE,TRUE,TRUE,TRUE,FALSE,FALSE,FALSE
"PWY-5505",-0.00320719550220349,0.0221168873609055,-0.0306244007857189,0.0559905436157198,0.0650926147019684,0.0730713668687269,-0.0572810209562432,0.339775679040847,-0.419102612939153,0.954569438690458,0.735572038584656,0.677091811801732,0.999947418018215,0.997305600121964,0.996691057705546,FALSE,FALSE,FALSE,TRUE,TRUE,TRUE,FALSE,FALSE,FALSE
"PWY-5507",-0.0248698922544963,-0.0057228306455591,0.0661758469279875,0.223084569026398,0.275262375456743,0.310623761971447,-0.111481902863274,-0.0207904572358035,0.213041805005473,0.91197676540505,0.983550476494804,0.832735470395747,0.999947418018215,0.997305600121964,0.996691057705546,FALSE,FALSE,FALSE,TRUE,TRUE,TRUE,FALSE,FALSE,FALSE
"PWY-5519",-0.308162246144094,0.435206290020183,0.232030162483746,0.289667268371718,0.300724393334655,0.326386310326293,-1.06384904264931,1.44719317643073,0.710906539712964,0.292949971037112,0.154623792187872,0.480731421406507,0.999947418018215,0.997305600121964,0.996691057705546,FALSE,FALSE,FALSE,TRUE,TRUE,TRUE,FALSE,FALSE,FALSE
"PWY-5531",-0.128504642880883,0.0424585546110111,0.320043822530066,0.248410816855911,0.275250046799883,0.262361700878916,-0.517306953486736,0.15425448643749,1.21985724843952,0.607420652474159,0.87808387899226,0.228736450044579,0.999947418018215,0.997305600121964,0.996691057705546,FALSE,FALSE,FALSE,TRUE,TRUE,TRUE,FALSE,FALSE,FALSE
"PWY-561",-0.596747383535489,0.863197229400673,0.492364469454187,0.302999380677857,0.371841165661275,0.427718358088147,-1.96946733752548,2.3214138431004,1.15114177388832,0.0772127421220721,0.0426698749298985,0.276454390018462,0.999947418018215,0.997305600121964,0.996691057705546,FALSE,FALSE,FALSE,TRUE,TRUE,TRUE,FALSE,FALSE,FALSE
"PWY-5647",0.310584777528848,-0.43432518990378,-0.24329132171902,0.152922533106159,0.242462774260243,0.211585085159273,2.03099419830589,-1.79130669121853,-1.14985099982771,0.049111769124618,0.0810070097278974,0.257207669336758,0.999947418018215,0.997305600121964,0.996691057705546,FALSE,FALSE,FALSE,TRUE,TRUE,TRUE,FALSE,FALSE,FALSE
"PWY-5651",-0.156969439625097,0.0992468083526918,0.319061983677308,0.381263318372067,0.429238515723487,0.448666977025386,-0.411708737927718,0.231215989984986,0.711133201272479,0.683479715698804,0.818716750529498,0.482494655704236,0.999947418018215,0.997305600121964,0.996691057705546,FALSE,FALSE,FALSE,TRUE,TRUE,TRUE,FALSE,FALSE,FALSE
"PWY-5652",-0.31180581283947,0.408111602294235,0.298489152264399,0.399308793825319,0.441347685559354,0.470262574231214,-0.780863876931978,0.924694103192145,0.63472869971073,0.441934712468128,0.363628385635071,0.531151603173845,0.999947418018215,0.997305600121964,0.996691057705546,FALSE,FALSE,FALSE,TRUE,TRUE,TRUE,FALSE,FALSE,FALSE
"PWY-5654",0.354313883685024,-0.480436379549708,-0.298724542912094,0.162486330640656,0.251802306861898,0.219865137007565,2.18057655858204,-1.90799038157027,-1.35867171566093,0.0353114236985558,0.0637742902304945,0.182057525283541,0.999947418018215,0.997305600121964,0.996691057705546,FALSE,FALSE,FALSE,TRUE,TRUE,TRUE,FALSE,FALSE,FALSE
"PWY-5655",-0.407959183847426,0.520538023549024,0.419116814347896,0.300122130012278,0.352456718958236,0.385363094670203,-1.35931057076909,1.47688494941333,1.08758939333975,0.185722368604966,0.151717420158036,0.28675616758235,0.999947418018215,0.997305600121964,0.996691057705546,FALSE,FALSE,FALSE,TRUE,TRUE,TRUE,FALSE,FALSE,FALSE
"PWY-5659",-0.00266884149391306,0.00491746329718858,-0.00432404583256506,0.0351808380129148,0.0432436554841594,0.0564654830848738,-0.0758606572399821,0.113715254691868,-0.0765785679379657,0.939858932796807,0.909958387078056,0.939290915549767,0.999947418018215,0.997305600121964,0.996691057705546,FALSE,FALSE,FALSE,TRUE,TRUE,TRUE,FALSE,FALSE,FALSE
"PWY-5667",0.0126377621076706,-0.0173908941528201,-0.0149494385061498,0.0304289781438603,0.0390082638029243,0.0495808808577054,0.415319964013335,-0.445825895781508,-0.301516194297838,0.67983862531161,0.65781441264015,0.764379792037815,0.999947418018215,0.997305600121964,0.996691057705546,FALSE,FALSE,FALSE,TRUE,TRUE,TRUE,FALSE,FALSE,FALSE
"PWY-5677",0.032096885652274,0.0273553385930797,-0.147255632573588,0.132805123494182,0.144024128340592,0.166226296968489,0.241684091756296,0.189935803870231,-0.885874469076954,0.810099135578237,0.8501951216856,0.380292949451984,0.999947418018215,0.997305600121964,0.996691057705546,FALSE,FALSE,FALSE,TRUE,TRUE,TRUE,FALSE,FALSE,FALSE
"PWY-5686",0.00342059349835734,-0.00183963987660421,-0.0119926478389833,0.0341838969909709,0.0422395102961151,0.055926876654885,0.100064468929942,-0.0435525853332018,-0.214434428601973,0.920727987148282,0.965449556243064,0.831156066876489,0.999947418018215,0.997305600121964,0.996691057705546,FALSE,FALSE,FALSE,TRUE,TRUE,TRUE,FALSE,FALSE,FALSE
"PWY-5692",-0.212304149244098,0.211037410279854,0.302739170305543,0.344075002648452,0.36335463075516,0.358733123775542,-0.617028693191678,0.580802864246576,0.843911950809887,0.540258061571028,0.564208198853928,0.403086054874414,0.999947418018215,0.997305600121964,0.996691057705546,FALSE,FALSE,FALSE,TRUE,TRUE,TRUE,FALSE,FALSE,FALSE
"PWY-5695",0.00656595347087488,-0.00679611242796818,-0.0135710448588514,0.0345766397372483,0.0419465123199808,0.0553230449058417,0.189895649802013,-0.162018533892052,-0.245305457824112,0.850226404823851,0.872000844595689,0.807311049717658,0.999947418018215,0.997305600121964,0.996691057705546,FALSE,FALSE,FALSE,TRUE,TRUE,TRUE,FALSE,FALSE,FALSE
"PWY-5705",-0.271125639946465,0.310660254917466,0.304512259919652,0.388807655928047,0.403100161344212,0.404229476010107,-0.697325877751337,0.770677575224759,0.753315327039729,0.489186109498568,0.444925672342417,0.45518384078519,0.999947418018215,0.997305600121964,0.996691057705546,FALSE,FALSE,FALSE,TRUE,TRUE,TRUE,FALSE,FALSE,FALSE
"PWY-5723",-0.143340838293184,0.00297029937321745,0.429648085741655,0.411346462551462,0.464488512948442,0.502687210154024,-0.348467414558723,0.00639477466162257,0.854702640256175,0.729079037315314,0.99492539582573,0.397145430480737,0.999947418018215,0.997305600121964,0.996691057705546,FALSE,FALSE,FALSE,TRUE,TRUE,TRUE,FALSE,FALSE,FALSE
"PWY-5742",-0.235534294387775,0.153248004179659,0.371402947480617,0.22763547121001,0.292355796339405,0.342448245592726,-1.03469943913301,0.524183225024033,1.08455205205614,0.311566627957834,0.605166480101969,0.289358177116552,0.999947418018215,0.997305600121964,0.996691057705546,FALSE,FALSE,FALSE,TRUE,TRUE,TRUE,FALSE,FALSE,FALSE
"PWY-5747",-0.144177218540099,0.337592847242718,-0.0854522742683662,0.230902477666969,0.294412381186662,0.357047391567016,-0.624407412154521,1.14666661056173,-0.239330341816339,0.535737403972315,0.258010181024982,0.812013547158128,0.999947418018215,0.997305600121964,0.996691057705546,FALSE,FALSE,FALSE,TRUE,TRUE,TRUE,FALSE,FALSE,FALSE
"PWY-5837",-0.170202543912183,0.138013749341453,0.292466453001456,0.214007426316906,0.21897211724437,0.227360106205752,-0.795311391017545,0.63028001500041,1.28635783067758,0.430517182799813,0.531630149601345,0.204755055597722,0.999947418018215,0.997305600121964,0.996691057705546,FALSE,FALSE,FALSE,TRUE,TRUE,TRUE,FALSE,FALSE,FALSE
"PWY-5838",-0.130919265723074,0.108828548475344,0.219587364954738,0.165395789722643,0.169266711916593,0.175912958603752,-0.791551380737177,0.642941233058096,1.24827282024949,0.432685100597863,0.523454345373576,0.218247521631195,0.999947418018215,0.997305600121964,0.996691057705546,FALSE,FALSE,FALSE,TRUE,TRUE,TRUE,FALSE,FALSE,FALSE
"PWY-5840",-0.131036700349939,0.109920222269422,0.218173038584133,0.163057024331725,0.166797804130226,0.173430018878003,-0.803624994918074,0.659002813871597,1.25798889947423,0.425746963842325,0.513179475644749,0.214744202217315,0.999947418018215,0.997305600121964,0.996691057705546,FALSE,FALSE,FALSE,TRUE,TRUE,TRUE,FALSE,FALSE,FALSE
"PWY-5845",-0.186269926037829,0.106975562958732,0.392109863633169,0.214471351483027,0.224202855660092,0.22684802608719,-0.868507260992245,0.477137379199641,1.7285134475116,0.389625530110131,0.635523465815609,0.0906039797169354,0.999947418018215,0.997305600121964,0.996691057705546,FALSE,FALSE,FALSE,TRUE,TRUE,TRUE,FALSE,FALSE,FALSE
"PWY-5850",-0.186269926037829,0.106975562958732,0.392109863633169,0.214471351483027,0.224202855660092,0.22684802608719,-0.868507260992245,0.477137379199641,1.7285134475116,0.389625530110131,0.635523465815609,0.0906039797169354,0.999947418018215,0.997305600121964,0.996691057705546,FALSE,FALSE,FALSE,TRUE,TRUE,TRUE,FALSE,FALSE,FALSE
"PWY-5855",0.0404044197651458,-0.0773729022606154,-0.00251406440700234,0.112675404172427,0.122942881831034,0.1355505162281,0.358591300931257,-0.629340235955691,-0.0185470662669536,0.721541430692161,0.532239653800707,0.985282646035911,0.999947418018215,0.997305600121964,0.998782852086678,FALSE,FALSE,FALSE,TRUE,TRUE,TRUE,FALSE,FALSE,FALSE
"PWY-5860",-0.197315415431472,0.109752509975485,0.421424135998975,0.233381858536914,0.243947739327546,0.247227580733637,-0.845461668136741,0.449901730091959,1.70460000760602,0.402229518514983,0.654894362665842,0.0950153941288074,0.999947418018215,0.997305600121964,0.996691057705546,FALSE,FALSE,FALSE,TRUE,TRUE,TRUE,FALSE,FALSE,FALSE
"PWY-5861",-0.146529315147806,0.121163729524047,0.247348472113837,0.184601436108761,0.188820673169506,0.19601147519668,-0.793760429152219,0.641686778731464,1.26190811974475,0.431410634514919,0.524261408351583,0.213342962906025,0.999947418018215,0.997305600121964,0.996691057705546,FALSE,FALSE,FALSE,TRUE,TRUE,TRUE,FALSE,FALSE,FALSE
"PWY-5862",-0.197315415431472,0.109752509975485,0.421424135998975,0.233381858536914,0.243947739327546,0.247227580733637,-0.845461668136741,0.449901730091959,1.70460000760602,0.402229518514983,0.654894362665842,0.0950153941288074,0.999947418018215,0.997305600121964,0.996691057705546,FALSE,FALSE,FALSE,TRUE,TRUE,TRUE,FALSE,FALSE,FALSE
"PWY-5896",-0.186269926037829,0.106975562958732,0.392109863633169,0.214471351483027,0.224202855660092,0.22684802608719,-0.868507260992245,0.477137379199641,1.7285134475116,0.389625530110131,0.635523465815609,0.0906039797169354,0.999947418018215,0.997305600121964,0.996691057705546,FALSE,FALSE,FALSE,TRUE,TRUE,TRUE,FALSE,FALSE,FALSE
"PWY-5897",-0.136408912271395,0.113216353240073,0.229269224766284,0.171465174325816,0.175441229749548,0.182256370295326,-0.795548791804173,0.645323527438196,1.2579490329736,0.430380522938111,0.521923492054956,0.214758490815038,0.999947418018215,0.997305600121964,0.996691057705546,FALSE,FALSE,FALSE,TRUE,TRUE,TRUE,FALSE,FALSE,FALSE
"PWY-5898",-0.136408912271395,0.113216353240073,0.229269224766284,0.171465174325816,0.175441229749548,0.182256370295326,-0.795548791804173,0.645323527438196,1.2579490329736,0.430380522938111,0.521923492054956,0.214758490815038,0.999947418018215,0.997305600121964,0.996691057705546,FALSE,FALSE,FALSE,TRUE,TRUE,TRUE,FALSE,FALSE,FALSE
"PWY-5899",-0.136408912271395,0.113216353240073,0.229269224766284,0.171465174325816,0.175441229749548,0.182256370295326,-0.795548791804173,0.645323527438196,1.2579490329736,0.430380522938111,0.521923492054956,0.214758490815038,0.999947418018215,0.997305600121964,0.996691057705546,FALSE,FALSE,FALSE,TRUE,TRUE,TRUE,FALSE,FALSE,FALSE
"PWY-5910",-0.295388970025772,0.210788191124372,0.55759141507708,0.278836103455418,0.31022560541252,0.29444623709904,-1.05936414390112,0.679467418055573,1.89369516340441,0.294965085307153,0.500246731361452,0.0645645289479159,0.999947418018215,0.997305600121964,0.996691057705546,FALSE,FALSE,FALSE,TRUE,TRUE,TRUE,FALSE,FALSE,FALSE
"PWY-5913",0.0520215185487659,-0.123022322160831,0.0360888779060127,0.184368497752434,0.207506759620584,0.241436415912568,0.282160559872975,-0.592859347742558,0.149475702617627,0.7790860487618,0.556178880169822,0.881831720934081,0.999947418018215,0.997305600121964,0.996691057705546,FALSE,FALSE,FALSE,TRUE,TRUE,TRUE,FALSE,FALSE,FALSE
"PWY-5918",-0.0652700952526009,0.0117630849457682,0.176268158624474,0.117950795271503,0.128342439946484,0.135036230558236,-0.553367148583949,0.0916538983571852,1.30533974397675,0.582691771295004,0.927371007447632,0.198268742109601,0.999947418018215,0.997305600121964,0.996691057705546,FALSE,FALSE,FALSE,TRUE,TRUE,TRUE,FALSE,FALSE,FALSE
"PWY-5920",-0.457502719413837,0.490460726342969,0.599596902847808,0.353841170065285,0.388123809409921,0.372993943753567,-1.2929606787402,1.26367080414014,1.60752449976495,0.20248094680244,0.21271497670628,0.114782597371172,0.999947418018215,0.997305600121964,0.996691057705546,FALSE,FALSE,FALSE,TRUE,TRUE,TRUE,FALSE,FALSE,FALSE
"PWY-5973",0.00381719147487165,0.00193913972514188,-0.0193477459948953,0.0382486529475688,0.0452021739656155,0.0550574113715816,0.0997993701923109,0.0428992580449105,-0.351410382597134,0.920937288576406,0.965967516209812,0.726885059980196,0.999947418018215,0.997305600121964,0.996691057705546,FALSE,FALSE,FALSE,TRUE,TRUE,TRUE,FALSE,FALSE,FALSE
"PWY-5989",0.0270385856357653,-0.0258659108337401,-0.0452800584544475,0.0784792056783526,0.0828625517238272,0.0918202604916243,0.344531846392318,-0.312154408663985,-0.493137987324463,0.73201657839908,0.756333796909723,0.624261154116332,0.999947418018215,0.997305600121964,0.996691057705546,FALSE,FALSE,FALSE,TRUE,TRUE,TRUE,FALSE,FALSE,FALSE
"PWY-6071",0.525064398265911,-0.787765032372248,-0.481967912075847,0.247941103735477,0.344895567814072,0.429146610894108,2.11769807569338,-2.28406829744162,-1.12308451200789,0.0435537265003957,0.0304531801715469,0.271289112011797,0.999947418018215,0.997305600121964,0.996691057705546,FALSE,FALSE,FALSE,TRUE,TRUE,TRUE,FALSE,FALSE,FALSE
"PWY-6084",-0.24996598245774,0.334971921305763,0.21668495410522,0.238286114429084,0.249760820576895,0.266612924691492,-1.04901615042337,1.34117080706273,0.812732369805228,0.299651084522141,0.18644981995189,0.420558028327074,0.999947418018215,0.997305600121964,0.996691057705546,FALSE,FALSE,FALSE,TRUE,TRUE,TRUE,FALSE,FALSE,FALSE
"PWY-6121",-0.00322628328505796,0.00501031512981075,-0.00276776457519392,0.0339586430094842,0.0415139967500407,0.0542242700578853,-0.0950062487525459,0.120689779882633,-0.0510429107157973,0.924722527105755,0.904462389971344,0.959512334392973,0.999947418018215,0.997305600121964,0.996691057705546,FALSE,FALSE,FALSE,TRUE,TRUE,TRUE,FALSE,FALSE,FALSE
"PWY-6122",0.000788527760195827,0.00234342247385141,-0.0107294228353536,0.0339051539323698,0.0415057888680685,0.0544440573042396,0.023256870084374,0.0564601357487813,-0.197072433000288,0.98154597017271,0.955219785201652,0.844639048330717,0.999947418018215,0.997305600121964,0.996691057705546,FALSE,FALSE,FALSE,TRUE,TRUE,TRUE,FALSE,FALSE,FALSE
"PWY-6123",0.00352629963704577,-0.00234460906172359,-0.0114957979628947,0.0345584167697261,0.0424826036185056,0.0552782686449202,0.102038807522423,-0.0551898627207083,-0.207962337546025,0.919169381745039,0.956226219864337,0.836176396896246,0.999947418018215,0.997305600121964,0.996691057705546,FALSE,FALSE,FALSE,TRUE,TRUE,TRUE,FALSE,FALSE,FALSE
"PWY-6124",0.00417882080964548,-0.00280035473242354,-0.0127535573390928,0.034869120483915,0.0426724907155037,0.0552489237428686,0.119843023043072,-0.0656243562414349,-0.230838113669843,0.905129396458648,0.947961278971486,0.818464206539693,0.999947418018215,0.997305600121964,0.996691057705546,FALSE,FALSE,FALSE,TRUE,TRUE,TRUE,FALSE,FALSE,FALSE
"PWY-6125",-0.0297292020331435,0.0317575863475605,0.0349331083619704,0.0393655286105644,0.0458399085269146,0.0528589459175139,-0.755209013633445,0.692793405748492,0.660874100979678,0.453973187838104,0.491922219639047,0.511989474729546,0.999947418018215,0.997305600121964,0.996691057705546,FALSE,FALSE,FALSE,TRUE,TRUE,TRUE,FALSE,FALSE,FALSE
"PWY-6126",-0.0282975148387099,0.0298306439949264,0.0336798476520523,0.0396311890914156,0.0460405525065606,0.0530456069820266,-0.714021342469368,0.647921068946244,0.634922467066199,0.478821541435036,0.520257035550494,0.528624605474792,0.999947418018215,0.997305600121964,0.996691057705546,FALSE,FALSE,FALSE,TRUE,TRUE,TRUE,FALSE,FALSE,FALSE
"PWY-6141",-0.0187540463486983,0.0834259080086371,-0.08263932862089,0.143144765594276,0.1641309166776,0.160101518701829,-0.131014545106414,0.50828880808915,-0.516168299282636,0.896335119911381,0.61367986211075,0.608209331723573,0.999947418018215,0.997305600121964,0.996691057705546,FALSE,FALSE,FALSE,TRUE,TRUE,TRUE,FALSE,FALSE,FALSE
"PWY-6143",0.254999727111406,-0.317241863191767,-0.264726134521076,0.185771598788745,0.237624131411571,0.2669429379894,1.37265184115353,-1.33505743422286,-0.991695590507016,0.17911808521915,0.190995023222223,0.328562285689931,0.999947418018215,0.997305600121964,0.996691057705546,FALSE,FALSE,FALSE,TRUE,TRUE,TRUE,FALSE,FALSE,FALSE
"PWY-6147",-0.00963919582920386,0.00500184192996292,0.0168855490410052,0.0452074960737533,0.050994305882488,0.0613751507026254,-0.213221183793902,0.0980862832310972,0.275120286430235,0.832096632475716,0.922289945072091,0.784455837922542,0.999947418018215,0.997305600121964,0.996691057705546,FALSE,FALSE,FALSE,TRUE,TRUE,TRUE,FALSE,FALSE,FALSE
"PWY-6148",-0.0274382598043027,0.0616035082572166,-0.0205825253170434,0.140715103256812,0.160170213014831,0.159420358751704,-0.194991576378454,0.384612763494997,-0.129108512101021,0.846258244740761,0.702296799373748,0.897834659291168,0.999947418018215,0.997305600121964,0.996691057705546,FALSE,FALSE,FALSE,TRUE,TRUE,TRUE,FALSE,FALSE,FALSE
"PWY-6151",0.0162296641230636,-0.0219842986712971,-0.0184853560857689,0.0306244890313549,0.0389009907506689,0.0518063768716971,0.529957058432775,-0.565134672589775,-0.356816230008701,0.598690566239523,0.574728226130922,0.722861043708092,0.999947418018215,0.997305600121964,0.996691057705546,FALSE,FALSE,FALSE,TRUE,TRUE,TRUE,FALSE,FALSE,FALSE
"PWY-6160",0.00473383068777515,0.0613488324252147,-0.118695704222029,0.164595978343993,0.186950769023307,0.182146560399879,0.0287603059042051,0.328155015064776,-0.651649440765988,0.977180176399267,0.744283541724729,0.517870053786289,0.999947418018215,0.997305600121964,0.996691057705546,FALSE,FALSE,FALSE,TRUE,TRUE,TRUE,FALSE,FALSE,FALSE
"PWY-6163",0.00951129617071154,-0.00961995272552242,-0.0180024163935728,0.0323243242058538,0.0402249856095564,0.0529789835067379,0.294245785623851,-0.239153664811678,-0.339802978501528,0.769893831091564,0.812048789190901,0.735551614153732,0.999947418018215,0.997305600121964,0.996691057705546,FALSE,FALSE,FALSE,TRUE,TRUE,TRUE,FALSE,FALSE,FALSE
"PWY-6165",0.00458669063228439,0.0591460624860741,-0.114665586650985,0.159133132924213,0.180712265569145,0.176549156104626,0.0288229770130196,0.327294123062406,-0.64948249643874,0.977130464150168,0.744930277715535,0.519256664469651,0.999947418018215,0.997305600121964,0.996691057705546,FALSE,FALSE,FALSE,TRUE,TRUE,TRUE,FALSE,FALSE,FALSE
"PWY-6167",-0.00177472334431839,0.0640852926809071,-0.103210005414242,0.155758553360118,0.176799203228048,0.1739804529395,-0.0113940666886856,0.362475008432281,-0.59322759350519,0.99095832053246,0.71865721595207,0.555934546423031,0.999947418018215,0.997305600121964,0.996691057705546,FALSE,FALSE,FALSE,TRUE,TRUE,TRUE,FALSE,FALSE,FALSE
"PWY-6168",-0.000374857610751565,-0.0104823795499122,0.0136753731517918,0.0395084955888898,0.0472628679533067,0.0569488513023437,-0.00948802542754826,-0.22178890117858,0.240134310685016,0.992470794801155,0.825459920536427,0.811293073593964,0.999947418018215,0.997305600121964,0.996691057705546,FALSE,FALSE,FALSE,TRUE,TRUE,TRUE,FALSE,FALSE,FALSE
"PWY-6182",0.110458157171976,0.130274909184552,-0.582653445729899,0.267350280026021,0.345989572143074,0.406849173723687,0.413158935764816,0.376528426500324,-1.43211166043958,0.685748601930382,0.712169171328632,0.174059565282224,0.999947418018215,0.997305600121964,0.996691057705546,FALSE,FALSE,FALSE,TRUE,TRUE,TRUE,FALSE,FALSE,FALSE
"PWY-6185",0.63827284168684,-0.910225758191449,-0.690794162020678,0.27547606036934,0.365232038131965,0.415303175331726,2.31698115920158,-2.49218486649456,-1.66334909784617,0.0361657561394926,0.0258539628389438,0.118457713851924,0.999947418018215,0.997305600121964,0.996691057705546,FALSE,FALSE,FALSE,TRUE,TRUE,TRUE,FALSE,FALSE,FALSE
"PWY-6210",-0.456847081612628,0.590968321540222,0.464767283557465,0.347261681653345,0.395057884434676,0.426266370107621,-1.31557008950004,1.49590311907302,1.09032125485321,0.199801865532384,0.14671970028957,0.285573832991011,0.999947418018215,0.997305600121964,0.996691057705546,FALSE,FALSE,FALSE,TRUE,TRUE,TRUE,FALSE,FALSE,FALSE
"PWY-622",0.00295538337079231,-0.00166613461343982,-0.0108498878759551,0.0356612687070671,0.0451869082181003,0.05415634720811,0.0828737585044648,-0.0368720649219463,-0.200343790438109,0.934311504799457,0.970746564645758,0.842094849280108,0.999947418018215,0.997305600121964,0.996691057705546,FALSE,FALSE,FALSE,TRUE,TRUE,TRUE,FALSE,FALSE,FALSE
"PWY-6263",-0.120051547847185,0.156767244229454,0.108404598359395,0.079767678354759,0.0933179093931667,0.0975011120502777,-1.50501494243404,1.67992666411934,1.11182935332569,0.139156333176916,0.0997517693621153,0.271988784933549,0.999947418018215,0.997305600121964,0.996691057705546,FALSE,FALSE,FALSE,TRUE,TRUE,TRUE,FALSE,FALSE,FALSE
"PWY-6269",-0.0519012722563269,0.0709938691413645,0.0390761138805373,0.0570860583773144,0.0662331861146749,0.0745681716404495,-0.909175965754751,1.071877608582,0.524032077237367,0.367996403321757,0.289366530471411,0.602772198495607,0.999947418018215,0.997305600121964,0.996691057705546,FALSE,FALSE,FALSE,TRUE,TRUE,TRUE,FALSE,FALSE,FALSE
"PWY-6270",-0.0541805021620746,0.0838292106013063,0.0251988255944849,0.0706767195039171,0.0823378572230521,0.0856307296537539,-0.766596165503576,1.01811260856855,0.294273162174091,0.447238144689045,0.313949529904845,0.769873045351236,0.999947418018215,0.997305600121964,0.996691057705546,FALSE,FALSE,FALSE,TRUE,TRUE,TRUE,FALSE,FALSE,FALSE
"PWY-6277",0.000788527760195827,0.00234342247385141,-0.0107294228353536,0.0339051539323698,0.0415057888680685,0.0544440573042396,0.023256870084374,0.0564601357487813,-0.197072433000288,0.98154597017271,0.955219785201652,0.844639048330717,0.999947418018215,0.997305600121964,0.996691057705546,FALSE,FALSE,FALSE,TRUE,TRUE,TRUE,FALSE,FALSE,FALSE
"PWY-6292",0.0644932232430737,-0.0911883597824555,-0.0538359065851682,0.0887498605189538,0.0963737138702614,0.096933352984119,0.726685347627113,-0.946195348507723,-0.555390945714922,0.471100693120077,0.348993009286863,0.581318407306046,0.999947418018215,0.997305600121964,0.996691057705546,FALSE,FALSE,FALSE,TRUE,TRUE,TRUE,FALSE,FALSE,FALSE
"PWY-6293",-0.0325776537908134,0.0525680374823697,0.0098395087757726,0.118532241319425,0.123755953955221,0.128725862322504,-0.274842130952556,0.424771785132783,0.0764376994509552,0.784668213649417,0.672983380716441,0.939402369427051,0.999947418018215,0.997305600121964,0.996691057705546,FALSE,FALSE,FALSE,TRUE,TRUE,TRUE,FALSE,FALSE,FALSE
"PWY-6305",-0.0699637145736708,0.0318873474359567,0.157940441248693,0.0689640237705187,0.077508260575748,0.0982322947478177,-1.01449583055766,0.411405793383707,1.60782603780313,0.315652767148191,0.682685572454338,0.114716374331707,0.999947418018215,0.997305600121964,0.996691057705546,FALSE,FALSE,FALSE,TRUE,TRUE,TRUE,FALSE,FALSE,FALSE
"PWY-6307",0.113800036543106,-0.118845987319913,-0.159894377568149,0.161816830451086,0.181770837153008,0.184940790912701,0.70326452585849,-0.653823182977768,-0.864570637873094,0.485435326094997,0.516481083390179,0.391760789196604,0.999947418018215,0.997305600121964,0.996691057705546,FALSE,FALSE,FALSE,TRUE,TRUE,TRUE,FALSE,FALSE,FALSE
"PWY-6313",-0.0628897312349116,0.0557972035283551,0.097422851123597,0.21481651743754,0.224573875242759,0.228749840735454,-0.292760221537422,0.248458123047659,0.425892541871822,0.771022006409759,0.804885871799373,0.672172359030088,0.999947418018215,0.997305600121964,0.996691057705546,FALSE,FALSE,FALSE,TRUE,TRUE,TRUE,FALSE,FALSE,FALSE
"PWY-6317",0.000506983856358221,-0.00679696091332475,0.00498592837431345,0.0385664133655121,0.0473074830161539,0.0588044378440435,0.013145735164774,-0.143676232172483,0.0847883009703576,0.989568373001285,0.886383719049625,0.932797644502476,0.999947418018215,0.997305600121964,0.996691057705546,FALSE,FALSE,FALSE,TRUE,TRUE,TRUE,FALSE,FALSE,FALSE
"PWY-6344",0.0450193609497238,-0.0128516984336689,-0.12149427800356,0.102517291007157,0.116779448985125,0.126556049280159,0.439139197958135,-0.11005102820194,-0.960003719258066,0.662616648651989,0.912847636857194,0.342072437622288,0.999947418018215,0.997305600121964,0.996691057705546,FALSE,FALSE,FALSE,TRUE,TRUE,TRUE,FALSE,FALSE,FALSE
"PWY-6349",-0.0249660056155189,0.0887543293927889,-0.0722738881155005,0.134132231549936,0.154673368388628,0.149771618499996,-0.186129801368616,0.57381778335484,-0.482560640255768,0.853161368895894,0.568886322488643,0.631696264646946,0.999947418018215,0.997305600121964,0.996691057705546,FALSE,FALSE,FALSE,TRUE,TRUE,TRUE,FALSE,FALSE,FALSE
"PWY-6350",-0.0164941761794605,0.0799795466916449,-0.0839598438740693,0.142288032359057,0.163339868895975,0.158623258896341,-0.115921036407603,0.489651101303265,-0.529303485871114,0.908219714179945,0.626707870021699,0.599140166955265,0.999947418018215,0.997305600121964,0.996691057705546,FALSE,FALSE,FALSE,TRUE,TRUE,TRUE,FALSE,FALSE,FALSE
"PWY-6353",-0.0054026197521764,-0.0153382903372157,0.0369637497392724,0.0753977174746819,0.0812019317574318,0.0840790278511222,-0.0716549510134783,-0.188890707465366,0.439631031471055,0.943187149704071,0.851009412154039,0.662262933180806,0.999947418018215,0.997305600121964,0.996691057705546,FALSE,FALSE,FALSE,TRUE,TRUE,TRUE,FALSE,FALSE,FALSE
"PWY-6383",0.16734172576099,-0.338132938508069,0.0447411348797365,0.408590776832114,0.443103776377662,0.448273560249796,0.409558255471216,-0.763101008238474,0.0998076595345149,0.684073095315874,0.449385302793875,0.920940353541175,0.999947418018215,0.997305600121964,0.996691057705546,FALSE,FALSE,FALSE,TRUE,TRUE,TRUE,FALSE,FALSE,FALSE
"PWY-6385",0.00913471249019454,-0.00805962649223309,-0.0193846590010845,0.0346963301247012,0.042651002010861,0.0558727194255955,0.263276042663985,-0.188966873279571,-0.346943180864834,0.793513566628018,0.850950061741623,0.730216253589056,0.999947418018215,0.997305600121964,0.996691057705546,FALSE,FALSE,FALSE,TRUE,TRUE,TRUE,FALSE,FALSE,FALSE
"PWY-6386",0.00862147006068569,-0.00714641018095113,-0.0192968305665491,0.0359019695435816,0.0438568411175954,0.0571539383256691,0.240139194876761,-0.162948584504505,-0.337629061650901,0.811289310140814,0.871272678109017,0.737178660488589,0.999947418018215,0.997305600121964,0.996691057705546,FALSE,FALSE,FALSE,TRUE,TRUE,TRUE,FALSE,FALSE,FALSE
"PWY-6387",0.0097817313592405,-0.00777408119344466,-0.0218301653980698,0.0354383984098639,0.0433629411914003,0.0566033026603741,0.276020695013064,-0.17927937957738,-0.385669464007306,0.783768476723649,0.85850569500154,0.701519346042592,0.999947418018215,0.997305600121964,0.996691057705546,FALSE,FALSE,FALSE,TRUE,TRUE,TRUE,FALSE,FALSE,FALSE
"PWY-6396",-0.00417352299237219,-0.0447695549182064,0.0810254458564818,0.174739264532743,0.191053960093466,0.193532886663332,-0.0238842884198482,-0.234329374257956,0.418664999284761,0.981048217171502,0.815769155018157,0.677409364007282,0.999947418018215,0.997305600121964,0.996691057705546,FALSE,FALSE,FALSE,TRUE,TRUE,TRUE,FALSE,FALSE,FALSE
"PWY-6397",-0.209975415287614,0.571054152752803,-0.211569677401604,0.306207989696597,0.376307029460084,0.423333962615691,-0.6857280748803,1.51752188518013,-0.499770148594645,0.505916928124867,0.15503003981823,0.626274573920188,0.999947418018215,0.997305600121964,0.996691057705546,FALSE,FALSE,FALSE,TRUE,TRUE,TRUE,FALSE,FALSE,FALSE
"PWY-6404",-0.202101574344079,0.559097444442256,-0.219297571449892,0.306559874046379,0.376560506177444,0.423395275462609,-0.659256450221216,1.48474796286469,-0.517949972895384,0.52218160180518,0.163398820771518,0.613908767335753,0.999947418018215,0.997305600121964,0.996691057705546,FALSE,FALSE,FALSE,TRUE,TRUE,TRUE,FALSE,FALSE,FALSE
"PWY-6435",-0.194180549181789,0.114217957477918,0.404567255917868,0.1493830263578,0.181549062727422,0.194067892752089,-1.29988362075816,0.629129976007674,2.08466867023016,0.200117061201364,0.532376070256439,0.0426786695777807,0.999947418018215,0.997305600121964,0.996691057705546,FALSE,FALSE,FALSE,TRUE,TRUE,TRUE,FALSE,FALSE,FALSE
"PWY-6467",-0.0237600445588194,0.0178797161337949,0.0392041026942232,0.0574353468961348,0.0651332565416277,0.0730715396955172,-0.413683312504174,0.27450978322215,0.536516718514258,0.681028462856877,0.784921987659867,0.594186874444136,0.999947418018215,0.997305600121964,0.996691057705546,FALSE,FALSE,FALSE,TRUE,TRUE,TRUE,FALSE,FALSE,FALSE
"PWY-6470",-0.0173496621957459,0.0349891484636158,-0.00823052082864719,0.0852986270698313,0.0951049072448634,0.100848709454522,-0.20339907911463,0.367900558207059,-0.0816125548176575,0.839720227403222,0.71463488980265,0.935308893775982,0.999947418018215,0.997305600121964,0.996691057705546,FALSE,FALSE,FALSE,TRUE,TRUE,TRUE,FALSE,FALSE,FALSE
"PWY-6471",0.611121750824164,-0.630600087954391,-0.860157951553617,0.257311726678219,0.292872856815713,0.34799315044274,2.37502487241245,-2.15315306037797,-2.47176690247859,0.0231586545695844,0.0382785890817013,0.0184541372005864,0.999947418018215,0.997305600121964,0.996691057705546,FALSE,FALSE,FALSE,TRUE,TRUE,TRUE,FALSE,FALSE,FALSE
"PWY-6478",-0.0251034677596066,0.0433287857573561,0.00196359810834528,0.0954906706352361,0.1038836768103,0.112173624230778,-0.262889218314311,0.417089451276142,0.0175049894465879,0.793809878650489,0.678553142799169,0.986109459564059,0.999947418018215,0.997305600121964,0.998782852086678,FALSE,FALSE,FALSE,TRUE,TRUE,TRUE,FALSE,FALSE,FALSE
"PWY-6486",-0.00124181516048558,0.0737094005677605,-0.11233134848636,0.180450214100391,0.228485678974309,0.257211422919811,-0.00688176052700448,0.322599652191105,-0.436727681885967,0.994550627712447,0.74903354491478,0.665153234629572,0.999947418018215,0.997305600121964,0.996691057705546,FALSE,FALSE,FALSE,TRUE,TRUE,TRUE,FALSE,FALSE,FALSE
"PWY-6501",0.152848800008077,-0.218758671513888,-0.126176166468126,0.153659731758949,0.254631843279944,0.221408035993622,0.994722548701677,-0.859117495659736,-0.569880699685898,0.326332371917017,0.39580770792207,0.57220287714287,0.999947418018215,0.997305600121964,0.996691057705546,FALSE,FALSE,FALSE,TRUE,TRUE,TRUE,FALSE,FALSE,FALSE
"PWY-6527",0.0225014543033053,-0.0297174657125075,-0.0251263170707935,0.0418753881980336,0.0494151063619339,0.0557832672738107,0.537343181080336,-0.601384230458721,-0.450427490155096,0.593620583497444,0.550536470837612,0.654518087829795,0.999947418018215,0.997305600121964,0.996691057705546,FALSE,FALSE,FALSE,TRUE,TRUE,TRUE,FALSE,FALSE,FALSE
"PWY-6531",-0.193474675954173,0.317122064086129,0.072686345919951,0.202042376108388,0.216826051006288,0.22921971564966,-0.957594538733702,1.46256440411273,0.317103377054377,0.343273314375709,0.150385839089152,0.752599964416113,0.999947418018215,0.997305600121964,0.996691057705546,FALSE,FALSE,FALSE,TRUE,TRUE,TRUE,FALSE,FALSE,FALSE
"PWY-6562",0.102832802370996,-0.133613828960891,-0.102309480249471,0.180062756764637,0.194005227127666,0.193758186497179,0.571094235247161,-0.688712520477428,-0.528026619669878,0.570715539707165,0.494463294782594,0.600018994827719,0.999947418018215,0.997305600121964,0.996691057705546,FALSE,FALSE,FALSE,TRUE,TRUE,TRUE,FALSE,FALSE,FALSE
"PWY-6565",-0.569776084611465,0.918932567565968,0.11389279959113,0.328170578915355,0.398055174716795,0.433556544370499,-1.73621927503266,2.30855576295362,0.262694223094929,0.0971751392963391,0.0312371141210952,0.795346224027255,0.999947418018215,0.997305600121964,0.996691057705546,FALSE,FALSE,FALSE,TRUE,TRUE,TRUE,FALSE,FALSE,FALSE
"PWY-6588",0.171186846148505,0.198843854738534,-0.753350913345998,0.248620259200261,0.327399740586478,0.380213526881897,0.688547452645907,0.607342737603703,-1.98138903558791,0.500397435530294,0.551650385130966,0.0639584661339058,0.999947418018215,0.997305600121964,0.996691057705546,FALSE,FALSE,FALSE,TRUE,TRUE,TRUE,FALSE,FALSE,FALSE
"PWY-6595",-0.0429476003355454,0.0774492673637093,0.0011654715118363,0.080478020657761,0.0897903956713388,0.0966579494924128,-0.533656270178207,0.86255625431475,0.0120576891808343,0.596148816516014,0.392856239873507,0.990431733046371,0.999947418018215,0.997305600121964,0.998782852086678,FALSE,FALSE,FALSE,TRUE,TRUE,TRUE,FALSE,FALSE,FALSE
"PWY-6606",-0.00158371820058873,0.00895344040297769,-0.0142056987152801,0.127854889734061,0.136137115773173,0.138363708517214,-0.0123868410811888,0.0657678132236591,-0.102669253863724,0.990170551088795,0.947847687922459,0.918671754703014,0.999947418018215,0.997305600121964,0.996691057705546,FALSE,FALSE,FALSE,TRUE,TRUE,TRUE,FALSE,FALSE,FALSE
"PWY-6607",-0.0433429577136485,0.077856713302291,0.00171415383208083,0.0823816770236056,0.0919036677225059,0.0982590261286349,-0.526123760520546,0.847155671059524,0.0174452556637063,0.601329791127707,0.401294525656203,0.9861568545301,0.999947418018215,0.997305600121964,0.998782852086678,FALSE,FALSE,FALSE,TRUE,TRUE,TRUE,FALSE,FALSE,FALSE
"PWY-6608",-0.00158371820058873,0.00895344040297769,-0.0142056987152801,0.127854889734061,0.136137115773173,0.138363708517214,-0.0123868410811888,0.0657678132236591,-0.102669253863724,0.990170551088795,0.947847687922459,0.918671754703014,0.999947418018215,0.997305600121964,0.996691057705546,FALSE,FALSE,FALSE,TRUE,TRUE,TRUE,FALSE,FALSE,FALSE
"PWY-6609",0.0124216315358674,-0.014490752778022,-0.0190002683640533,0.0346357323972383,0.042002741008207,0.0550635659126671,0.358636317933263,-0.344995408161355,-0.345060623102187,0.72150797551988,0.731670360172837,0.731621657918408,0.999947418018215,0.997305600121964,0.996691057705546,FALSE,FALSE,FALSE,TRUE,TRUE,TRUE,FALSE,FALSE,FALSE
"PWY-6612",0.0132939546079663,-0.0240170676010254,-0.00619149618497504,0.0379379572096917,0.0442243200787142,0.054863735709292,0.350413031847961,-0.543073755758772,-0.112852253039824,0.727628325124956,0.58970103898519,0.91063875634146,0.999947418018215,0.997305600121964,0.996691057705546,FALSE,FALSE,FALSE,TRUE,TRUE,TRUE,FALSE,FALSE,FALSE
"PWY-6628",-0.00129181642812384,0.00131309864010629,-0.00268409252878968,0.0314929810117735,0.0399073185702622,0.0494202646233338,-0.041019185438206,0.0329037050633809,-0.0543115774317886,0.967458125761561,0.973893737975786,0.95692212571371,0.999947418018215,0.997305600121964,0.996691057705546,FALSE,FALSE,FALSE,TRUE,TRUE,TRUE,FALSE,FALSE,FALSE
"PWY-6630",-6.67835126088901e-05,-0.000370150946300561,-0.00370047525464064,0.0311424220773727,0.0394481568601155,0.0490930641674891,-0.0021444546748152,-0.00938322537129248,-0.0753767424664278,0.998298247166036,0.992553956186163,0.940241828263739,0.999947418018215,0.997305600121964,0.996691057705546,FALSE,FALSE,FALSE,TRUE,TRUE,TRUE,FALSE,FALSE,FALSE
"PWY-6641",0.220027062649779,-0.208815095529748,-0.358881577600993,0.219726722990505,0.276477055821666,0.307604460988779,1.00136687816205,-0.755270975051321,-1.16669822162977,0.324161872177401,0.45560987775153,0.2519535541315,0.999947418018215,0.997305600121964,0.996691057705546,FALSE,FALSE,FALSE,TRUE,TRUE,TRUE,FALSE,FALSE,FALSE
"PWY-6654",0.00252476978630419,0.0625234987702483,-0.113839288021953,0.167636931785553,0.189595896203787,0.186253721390162,0.0150609400888699,0.329772426630189,-0.611205441546502,0.988048697008516,0.743068982349589,0.544072328664314,0.999947418018215,0.997305600121964,0.996691057705546,FALSE,FALSE,FALSE,TRUE,TRUE,TRUE,FALSE,FALSE,FALSE
"PWY-6700",0.00781983462806975,-0.00763668088734921,-0.0160451321562672,0.0337428008162885,0.0419794293003517,0.0554152417124627,0.231748237813588,-0.181914833398777,-0.289543664530452,0.817761428295358,0.856448850248709,0.773466453961291,0.999947418018215,0.997305600121964,0.996691057705546,FALSE,FALSE,FALSE,TRUE,TRUE,TRUE,FALSE,FALSE,FALSE
"PWY-6703",0.000137983061273134,-0.00980919240566344,0.0110108694843123,0.0387937211100568,0.0468892439346544,0.0580111433664515,0.00355684005877341,-0.209199201832593,0.189806110435673,0.997177438898052,0.835216435060196,0.85029616382244,0.999947418018215,0.997305600121964,0.996691057705546,FALSE,FALSE,FALSE,TRUE,TRUE,TRUE,FALSE,FALSE,FALSE
"PWY-6731",0.0147488628734199,0.00151362576432943,-0.0521345294666268,0.0514813622093818,0.0606230698108219,0.0673642489780168,0.286489367034118,0.0249678178464534,-0.773919850032619,0.775789741639715,0.980188633281874,0.442937661403482,0.999947418018215,0.997305600121964,0.996691057705546,FALSE,FALSE,FALSE,TRUE,TRUE,TRUE,FALSE,FALSE,FALSE
"PWY-6748",-0.462342896824553,0.649224404971937,0.364091574781998,0.417220433016615,0.433583349478115,0.452191525989149,-1.10815017730961,1.49734625592376,0.805171158361634,0.273684844018202,0.141285193472302,0.42495493708153,0.999947418018215,0.997305600121964,0.996691057705546,FALSE,FALSE,FALSE,TRUE,TRUE,TRUE,FALSE,FALSE,FALSE
"PWY-6749",-0.0280189018175228,0.00741669962351321,0.0692492548782108,0.060359729223963,0.0734059760558606,0.08010505932013,-0.464198600254807,0.101036727825392,0.864480414420077,0.644694933526567,0.919960415494304,0.391809813015919,0.999947418018215,0.997305600121964,0.996691057705546,FALSE,FALSE,FALSE,TRUE,TRUE,TRUE,FALSE,FALSE,FALSE
"PWY-6803",-0.174176772659155,0.0198150832896721,0.496710360873201,0.391920495678221,0.415992679496628,0.420424993741565,-0.444418637401804,0.047633249973652,1.18144822088891,0.658823871544546,0.962214741904934,0.24349685054825,0.999947418018215,0.997305600121964,0.996691057705546,FALSE,FALSE,FALSE,TRUE,TRUE,TRUE,FALSE,FALSE,FALSE
"PWY-6808",-0.0113472380654766,0.012764267853656,0.0305155272490075,0.264899206138208,0.304100413594727,0.327584125849239,-0.0428360591596348,0.0419738589065746,0.0931532539005001,0.966062556887822,0.96674523049825,0.926284404509171,0.999947418018215,0.997305600121964,0.996691057705546,FALSE,FALSE,FALSE,FALSE,TRUE,TRUE,FALSE,FALSE,FALSE
"PWY-6823",0.0119202510731413,-0.0266631190770163,0.00231530453891357,0.0351768067939948,0.0431877344298824,0.0485024301703291,0.338866775001768,-0.617377119429714,0.0477358460345754,0.736252156588328,0.540030278923654,0.962133420258345,0.999947418018215,0.997305600121964,0.996691057705546,FALSE,FALSE,FALSE,TRUE,TRUE,TRUE,FALSE,FALSE,FALSE
"PWY-6837",-0.597917478066683,0.874011626737812,0.487690076047015,0.305486076020238,0.374014480566331,0.430282550448198,-1.95726589524517,2.33683900530907,1.13341820517476,0.0787929508487379,0.0415629219277558,0.283480386234595,0.999947418018215,0.997305600121964,0.996691057705546,FALSE,FALSE,FALSE,TRUE,TRUE,TRUE,FALSE,FALSE,FALSE
"PWY-6859",-0.0841646363040054,0.130700871059779,0.0408587881591301,0.0948412219470954,0.109468010820076,0.109623038724155,-0.887426738881056,1.19396406384511,0.372720813386165,0.37946577027531,0.238612943381248,0.711068160598161,0.999947418018215,0.997305600121964,0.996691057705546,FALSE,FALSE,FALSE,TRUE,TRUE,TRUE,FALSE,FALSE,FALSE
"PWY-6873",-0.242647233360404,0.261366711890171,0.343443758886079,0.252754981102119,0.307286881289674,0.360034633614615,-0.960009699125844,0.850562545310177,0.953918670095791,0.344478730277097,0.401534519100079,0.347504448949081,0.999947418018215,0.997305600121964,0.996691057705546,FALSE,FALSE,FALSE,TRUE,TRUE,TRUE,FALSE,FALSE,FALSE
"PWY-6891",-0.00832445611367875,-0.00133697690286494,0.0231597392655506,0.0748845999703555,0.0806919166047343,0.0837167881598602,-0.111163792247994,-0.0165689075079733,0.27664390589527,0.911970092569547,0.986852186889382,0.783292826951503,0.999947418018215,0.997305600121964,0.996691057705546,FALSE,FALSE,FALSE,TRUE,TRUE,TRUE,FALSE,FALSE,FALSE
"PWY-6895",-0.00770174336946015,-0.00164448745023266,0.0217523861258565,0.0515619953496044,0.056808664154678,0.062925149386472,-0.14936860602931,-0.0289478282002031,0.345686682319311,0.881915744894939,0.977031429422921,0.73115417627621,0.999947418018215,0.997305600121964,0.996691057705546,FALSE,FALSE,FALSE,TRUE,TRUE,TRUE,FALSE,FALSE,FALSE
"PWY-6897",0.00400037828006779,-0.013256617403324,0.00478434974794783,0.0403507514334652,0.0482363302833708,0.0594340720981385,0.0991401185344479,-0.274826408340897,0.0804984342995688,0.921457807111089,0.78468021858532,0.936190053290103,0.999947418018215,0.997305600121964,0.996691057705546,FALSE,FALSE,FALSE,TRUE,TRUE,TRUE,FALSE,FALSE,FALSE
"PWY-6901",-0.0151903655406691,0.0151146767925394,0.0174526496306793,0.0454189988301937,0.0506027940130432,0.0582452041675987,-0.334449590081471,0.298692534420994,0.299640972679225,0.739560494978938,0.766519870696345,0.7658008341634,0.999947418018215,0.997305600121964,0.996691057705546,FALSE,FALSE,FALSE,TRUE,TRUE,TRUE,FALSE,FALSE,FALSE
"PWY-6902",-0.105708679292809,0.152119526760693,0.0720321042983604,0.095254585565768,0.10584909920174,0.118238089165703,-1.10974898126898,1.43713577071417,0.609212351168939,0.272875074915344,0.157447023694892,0.545380985857321,0.999947418018215,0.997305600121964,0.996691057705546,FALSE,FALSE,FALSE,TRUE,TRUE,TRUE,FALSE,FALSE,FALSE
"PWY-6906",-0.0591825253041434,-0.109268590754689,0.354301448670563,0.211391443249252,0.248022634875245,0.229497183545258,-0.279966513282002,-0.440558946604412,1.54381610788131,0.780758347717702,0.661595809664327,0.129485244922942,0.999947418018215,0.997305600121964,0.996691057705546,FALSE,FALSE,FALSE,TRUE,TRUE,TRUE,FALSE,FALSE,FALSE
"PWY-6922",-0.0781055405537471,0.0661757391457537,0.127156146784256,0.0730392017797952,0.081587850974582,0.100628748767564,-1.06936465145425,0.811097955826416,1.26361649470537,0.290484861499892,0.421486403271897,0.212734304756202,0.999947418018215,0.997305600121964,0.996691057705546,FALSE,FALSE,FALSE,TRUE,TRUE,TRUE,FALSE,FALSE,FALSE
"PWY-6936",0.0235370098498878,-0.0565512456412955,0.0153071864520773,0.111905564397225,0.120105672066427,0.126280250019528,0.210329218003314,-0.470845753313123,0.121215997352794,0.834339622340512,0.639976100000057,0.904047913495523,0.999947418018215,0.997305600121964,0.996691057705546,FALSE,FALSE,FALSE,TRUE,TRUE,TRUE,FALSE,FALSE,FALSE
"PWY-6961",-0.257999618235739,0.238994696118657,0.39725095460439,0.393540108669845,0.420330752944822,0.439346182125131,-0.655586590926579,0.568587224332906,0.904186654548527,0.515355773917394,0.57240187765867,0.370607602352189,0.999947418018215,0.997305600121964,0.996691057705546,FALSE,FALSE,FALSE,TRUE,TRUE,TRUE,FALSE,FALSE,FALSE
"PWY-6969",0.0163990950122726,-0.0254383209376234,-0.0133914520011887,0.039591423375803,0.0451446013222312,0.05243825231605,0.414208270731059,-0.563485338059601,-0.255375635337296,0.680646731334616,0.575841185286584,0.799571418823056,0.999947418018215,0.997305600121964,0.996691057705546,FALSE,FALSE,FALSE,TRUE,TRUE,TRUE,FALSE,FALSE,FALSE
"PWY-6992",-0.176303676674734,0.316106726546324,0.0377822799568522,0.241810546093496,0.271121829796492,0.294706574176196,-0.729098376902745,1.16592133795939,0.128203044205805,0.47053181354373,0.25110714049021,0.89868259959673,0.999947418018215,0.997305600121964,0.996691057705546,FALSE,FALSE,FALSE,TRUE,TRUE,TRUE,FALSE,FALSE,FALSE
"PWY-7013",0.0427248558737408,-0.00967543935964623,-0.119628777203649,0.134209998645314,0.145153046239263,0.148693096434789,0.318343314991403,-0.0666568123117289,-0.80453484440089,0.75166540423796,0.947143791732803,0.425226847116868,0.999947418018215,0.997305600121964,0.996691057705546,FALSE,FALSE,FALSE,TRUE,TRUE,TRUE,FALSE,FALSE,FALSE
"PWY-702",0.0249477988056751,-0.0551236142669917,0.00866674429173948,0.0597090805786832,0.0645620410275756,0.0702650517536025,0.417822524880441,-0.853808420391285,0.123343597925908,0.678020868147714,0.397635645376646,0.902372380204211,0.999947418018215,0.997305600121964,0.996691057705546,FALSE,FALSE,FALSE,TRUE,TRUE,TRUE,FALSE,FALSE,FALSE
"PWY-7031",0.219519840386868,-0.284359837925454,-0.21453248513466,0.193119422925733,0.242730804574807,0.271066870677124,1.13670513851571,-1.17150288536129,-0.791437495105023,0.263848782825793,0.249785981385808,0.434340735165995,0.999947418018215,0.997305600121964,0.996691057705546,FALSE,FALSE,FALSE,TRUE,TRUE,TRUE,FALSE,FALSE,FALSE
"PWY-7039",-0.386863383916713,0.387281490755944,0.591357017296641,0.329682325143928,0.370760719444422,0.401848623126075,-1.17344290067058,1.044559119791,1.47159149805301,0.249018385553432,0.303818441825218,0.150604192214945,0.999947418018215,0.997305600121964,0.996691057705546,FALSE,FALSE,FALSE,TRUE,TRUE,TRUE,FALSE,FALSE,FALSE
"PWY-7052",-0.0491806903293675,0.0577937574500854,0.0521945132275552,0.111934704963793,0.124731039705589,0.12486851510515,-0.439369455123642,0.463347035240784,0.417995786877122,0.662451043255557,0.645300537166169,0.677895089230562,0.999947418018215,0.997305600121964,0.996691057705546,FALSE,FALSE,FALSE,TRUE,TRUE,TRUE,FALSE,FALSE,FALSE
"PWY-7072",-0.0983335888703714,-0.0103541962672778,0.322075166469272,0.301369912610257,0.334312881189975,0.359171180021027,-0.326288673008775,-0.0309715743839197,0.89671773345071,0.745865692101091,0.975442488903195,0.375104822474518,0.999947418018215,0.997305600121964,0.996691057705546,FALSE,FALSE,FALSE,TRUE,TRUE,TRUE,FALSE,FALSE,FALSE
"PWY-7090",0.0525742327421423,-0.052238619369363,-0.0806273263473424,0.101459925419338,0.113888206967507,0.129599822722069,0.518177324937419,-0.458683306729614,-0.622125282688469,0.606818115108495,0.648621521489001,0.536931136066281,0.999947418018215,0.997305600121964,0.996691057705546,FALSE,FALSE,FALSE,TRUE,TRUE,TRUE,FALSE,FALSE,FALSE
"PWY-7094",-0.287858977820057,0.328291850366841,0.343587367678063,0.188915857232663,0.197913096561346,0.197825549324254,-1.52374174427051,1.65876769183429,1.73681998534421,0.134419258487199,0.103966885202783,0.0891120131138948,0.999947418018215,0.997305600121964,0.996691057705546,FALSE,FALSE,FALSE,TRUE,TRUE,TRUE,FALSE,FALSE,FALSE
"PWY-7111",0.0169050673073972,-0.023040140813554,-0.0188380348566208,0.0316525943626129,0.0395184103301885,0.0448001357392583,0.534081570494106,-0.583022966284486,-0.420490575436204,0.595856915997928,0.562725344369262,0.676085035988826,0.999947418018215,0.997305600121964,0.996691057705546,FALSE,FALSE,FALSE,TRUE,TRUE,TRUE,FALSE,FALSE,FALSE
"PWY-7115",0.00171507043918253,-0.00403571978244257,-0.00320085362326923,0.0375092124674748,0.044056714578912,0.0563867909236819,0.0457239788937107,-0.0916028310557294,-0.0567660186159824,0.963728177915766,0.927411359003212,0.954977445800004,0.999947418018215,0.997305600121964,0.996691057705546,FALSE,FALSE,FALSE,TRUE,TRUE,TRUE,FALSE,FALSE,FALSE
"PWY-7117",0.0745353591521894,-0.193423561009662,0.0815422541873774,0.143620578486155,0.162239514145126,0.168302749034853,0.518974090884716,-1.1922099374425,0.484497458627318,0.606266775026044,0.239293101014573,0.630331909606316,0.999947418018215,0.997305600121964,0.996691057705546,FALSE,FALSE,FALSE,TRUE,TRUE,TRUE,FALSE,FALSE,FALSE
"PWY-7118",-0.265451390932653,0.28671331618174,0.342529250886176,0.232955247447151,0.273595186744888,0.254507230002512,-1.13949521996869,1.04794722302291,1.34585273228896,0.260395707856142,0.300138045960763,0.184946035382693,0.999947418018215,0.997305600121964,0.996691057705546,FALSE,FALSE,FALSE,TRUE,TRUE,TRUE,FALSE,FALSE,FALSE
"PWY-7159",-0.440534573155593,0.503345790954386,0.526693724938381,0.223214006973521,0.266069289287431,0.240557624228912,-1.97359735228377,1.89178462611154,2.18947009734842,0.0544519411714922,0.0648247450323643,0.0336734087215115,0.999947418018215,0.997305600121964,0.996691057705546,FALSE,FALSE,FALSE,TRUE,TRUE,TRUE,FALSE,FALSE,FALSE
"PWY-7199",0.0635046382146928,-0.0319834271494327,-0.147016380464412,0.218678323619726,0.250036418998523,0.314362160733041,0.29040207169836,-0.127915074442102,-0.467665638006794,0.772813872532504,0.898773768525939,0.642231812471096,0.999947418018215,0.997305600121964,0.996691057705546,FALSE,FALSE,FALSE,TRUE,TRUE,TRUE,FALSE,FALSE,FALSE
"PWY-7208",-0.0395195002120431,0.0445940826963587,0.0440565899680535,0.0439224481170699,0.050538901900282,0.0564797432805275,-0.899756318379812,0.882371421214236,0.780042319761089,0.37293619234414,0.382163867839048,0.439361343414552,0.999947418018215,0.997305600121964,0.996691057705546,FALSE,FALSE,FALSE,TRUE,TRUE,TRUE,FALSE,FALSE,FALSE
"PWY-7209",0.810939243296703,-0.960613604409566,-0.884269498723443,0.214213217289483,0.288869623667619,0.346861055249609,3.78566389860443,-3.32542270181676,-2.54934788826928,0.00071361679832624,0.00240369040255295,0.0163421973969816,0.299005438498695,0.997305600121964,0.996691057705546,FALSE,FALSE,FALSE,TRUE,TRUE,TRUE,FALSE,FALSE,FALSE
"PWY-7220",0.00838463302034436,-0.0269830641828575,0.0136630456225932,0.0388572228453387,0.0466306046094543,0.0567575283491642,0.215780552658569,-0.578655679222884,0.240726578834442,0.830112779225737,0.56564419663137,0.810836741613416,0.999947418018215,0.997305600121964,0.996691057705546,FALSE,FALSE,FALSE,TRUE,TRUE,TRUE,FALSE,FALSE,FALSE
"PWY-7221",0.00507762345403522,-0.00194800278216076,-0.0168912123567144,0.0339451859675709,0.0418922553266554,0.0547440872213137,0.14958302066414,-0.0465003081588991,-0.308548616189879,0.881747524603352,0.963112782658622,0.759057958880942,0.999947418018215,0.997305600121964,0.996691057705546,FALSE,FALSE,FALSE,TRUE,TRUE,TRUE,FALSE,FALSE,FALSE
"PWY-7222",0.00838463302034436,-0.0269830641828575,0.0136630456225932,0.0388572228453387,0.0466306046094543,0.0567575283491642,0.215780552658569,-0.578655679222884,0.240726578834442,0.830112779225737,0.56564419663137,0.810836741613416,0.999947418018215,0.997305600121964,0.996691057705546,FALSE,FALSE,FALSE,TRUE,TRUE,TRUE,FALSE,FALSE,FALSE
"PWY-7228",-0.0315962631629523,0.033932483391666,0.0371167753753404,0.0410952852050117,0.0474643550450051,0.0542261027831292,-0.768853726293132,0.714904550151195,0.684481706601421,0.445909891690134,0.47828077154664,0.497105363164273,0.999947418018215,0.997305600121964,0.996691057705546,FALSE,FALSE,FALSE,TRUE,TRUE,TRUE,FALSE,FALSE,FALSE
"PWY-7229",-0.018630725728293,0.0181769295308028,0.0230125920056011,0.0353743182451517,0.0420463676129966,0.0503601762323867,-0.526673775001911,0.432306773752895,0.456960116648712,0.600950773084629,0.667538382940617,0.649850417301414,0.999947418018215,0.997305600121964,0.996691057705546,FALSE,FALSE,FALSE,TRUE,TRUE,TRUE,FALSE,FALSE,FALSE
"PWY-7234",-0.0273247741918321,-0.0368068273819486,0.13898672040841,0.183538148223103,0.193382475095735,0.20399879004004,-0.148877900623782,-0.190331762812153,0.681311493960968,0.882300751465192,0.849886651963991,0.499090185512769,0.999947418018215,0.997305600121964,0.996691057705546,FALSE,FALSE,FALSE,TRUE,TRUE,TRUE,FALSE,FALSE,FALSE
"PWY-7237",-0.0152263777461008,-0.0284858133433663,0.0884137334806609,0.180680124182191,0.185044177453365,0.192795001040283,-0.0842725663103217,-0.153940608861067,0.458589346215401,0.933205419933566,0.878329957176628,0.648688504153672,0.999947418018215,0.997305600121964,0.996691057705546,FALSE,FALSE,FALSE,TRUE,TRUE,TRUE,FALSE,FALSE,FALSE
"PWY-7238",0.000528619706952261,-0.000353722798426513,-0.00555059335484279,0.0358720535509046,0.0444691035527433,0.0563331140731831,0.0147362543993228,-0.00795434965328174,-0.0985316264893848,0.988306325475565,0.993687811648352,0.921938278749536,0.999947418018215,0.997305600121964,0.996691057705546,FALSE,FALSE,FALSE,TRUE,TRUE,TRUE,FALSE,FALSE,FALSE
"PWY-724",0.000367197616394929,-0.00143420153865137,-0.00330046024964275,0.0327784264366014,0.0406121747903063,0.0516502205430447,0.0112024174529899,-0.0353145712106434,-0.0639002160095751,0.991110395846047,0.971981707468045,0.949326559753665,0.999947418018215,0.997305600121964,0.996691057705546,FALSE,FALSE,FALSE,TRUE,TRUE,TRUE,FALSE,FALSE,FALSE
"PWY-7254",0.0384487020450376,-0.0980278992267414,0.0370396911807837,0.193058874762293,0.220511428908951,0.253142438994672,0.199155320325875,-0.444547929836403,0.146319563514845,0.843018950464334,0.658731100270508,0.884308481293691,0.999947418018215,0.997305600121964,0.996691057705546,FALSE,FALSE,FALSE,TRUE,TRUE,TRUE,FALSE,FALSE,FALSE
"PWY-7282",-0.150904285674606,0.0452074871272438,0.384175713246964,0.222679690166316,0.235201099629417,0.241623999144502,-0.677674221487817,0.192207805144078,1.58997332469946,0.501372774033218,0.84842545451021,0.118690969461904,0.999947418018215,0.997305600121964,0.996691057705546,FALSE,FALSE,FALSE,TRUE,TRUE,TRUE,FALSE,FALSE,FALSE
"PWY-7286",0.00338930082474508,0.0634628902130781,-0.118013425421778,0.172338293453485,0.194915541633936,0.190965099936832,0.0196665567287857,0.32559173927888,-0.617984257127689,0.984394428529473,0.746209722000821,0.53963348304375,0.999947418018215,0.997305600121964,0.996691057705546,FALSE,FALSE,FALSE,TRUE,TRUE,TRUE,FALSE,FALSE,FALSE
"PWY-7294",-0.320271055705881,0.376778406498166,0.339996316715919,0.109889873157049,0.136859853726441,0.148596527989867,-2.9144728854875,2.75302359486136,2.28805020760043,0.00553366260439903,0.00848479686770917,0.0268851659945171,0.999947418018215,0.997305600121964,0.996691057705546,FALSE,FALSE,FALSE,TRUE,TRUE,TRUE,FALSE,FALSE,FALSE
"PWY-7315",0.002932270654412,-0.0171728116696714,0.0144192450343369,0.0470678169172614,0.0584672080927496,0.0697873493800736,0.0622988455055504,-0.293716977941366,0.206616889198747,0.950594761623141,0.770295363638625,0.837220919790264,0.999947418018215,0.997305600121964,0.996691057705546,FALSE,FALSE,FALSE,TRUE,TRUE,TRUE,FALSE,FALSE,FALSE
"PWY-7316",0.0227380805877128,-0.0166477769539081,-0.047089229299514,0.0676258696770163,0.0775369217429528,0.0927003266630908,0.336233466516744,-0.21470773638781,-0.507972636069069,0.738223821893975,0.830944219982489,0.613899839470244,0.999947418018215,0.997305600121964,0.996691057705546,FALSE,FALSE,FALSE,TRUE,TRUE,TRUE,FALSE,FALSE,FALSE
"PWY-7323",-0.0076515621786453,0.0059700984830163,0.0092250040874585,0.0406048438967761,0.0490516630828125,0.0611414956148216,-0.188439640307368,0.121710419337611,0.150879594859342,0.851360913444434,0.903658505414203,0.880730407192056,0.999947418018215,0.997305600121964,0.996691057705546,FALSE,FALSE,FALSE,TRUE,TRUE,TRUE,FALSE,FALSE,FALSE
"PWY-7328",-0.0581531534990179,0.0857358241421222,0.0342668233100503,0.0645372007638603,0.072604523744066,0.0879911293472004,-0.90107957597663,1.1808606367882,0.389434975596669,0.372239708158846,0.243727906707214,0.698751549362288,0.999947418018215,0.997305600121964,0.996691057705546,FALSE,FALSE,FALSE,TRUE,TRUE,TRUE,FALSE,FALSE,FALSE
"PWY-7332",0.246683776131241,-0.336054284795122,-0.214202269463407,0.187576302161768,0.240799075470397,0.275532986769371,1.31511162811227,-1.3955796306055,-0.777410617780952,0.197537925875418,0.172161602735055,0.442454337422998,0.999947418018215,0.997305600121964,0.996691057705546,FALSE,FALSE,FALSE,TRUE,TRUE,TRUE,FALSE,FALSE,FALSE
"PWY-7345",0.0010943974569578,0.0043404939741869,-0.0149113899697293,0.0272805690706614,0.0352327427238561,0.0466474418337828,0.0401163719907428,0.123194893119915,-0.319661473031309,0.968173960588869,0.902489474074901,0.75067230074145,0.999947418018215,0.997305600121964,0.996691057705546,FALSE,FALSE,FALSE,TRUE,TRUE,TRUE,FALSE,FALSE,FALSE
"PWY-7347",-0.0511791090781178,-0.0413339372306759,0.135063646044391,0.195153966696918,0.261560177653709,0.281459546502655,-0.262249904238949,-0.158028403258694,0.479868768789894,0.794982731228678,0.87552968193486,0.634920321946631,0.999947418018215,0.997305600121964,0.996691057705546,FALSE,FALSE,FALSE,TRUE,TRUE,TRUE,FALSE,FALSE,FALSE
"PWY-7356",0.00899540913380918,0.00428901082869213,-0.0390245781186619,0.0679750217032282,0.0766790900165907,0.0798032313781872,0.132334038421969,0.0559345556626211,-0.489009999278407,0.895297254429915,0.955636192355326,0.627158188610739,0.999947418018215,0.997305600121964,0.996691057705546,FALSE,FALSE,FALSE,TRUE,TRUE,TRUE,FALSE,FALSE,FALSE
"PWY-7357",0.0120128230857438,-0.0233411969856075,-0.00336632064822133,0.0456499770725895,0.0536121584162274,0.0618655215087441,0.26315069264201,-0.435371335069072,-0.0544135176771368,0.793609582856398,0.665328983806111,0.956841352016225,0.999947418018215,0.997305600121964,0.996691057705546,FALSE,FALSE,FALSE,TRUE,TRUE,TRUE,FALSE,FALSE,FALSE
"PWY-7371",-0.135932910233593,0.171883554633951,0.132477266260464,0.0730088889024703,0.0902257153206342,0.0933839952206463,-1.86186794891757,1.90503953360891,1.41862924098983,0.0690173614619361,0.0630376918268082,0.162747253577178,0.999947418018215,0.997305600121964,0.996691057705546,FALSE,FALSE,FALSE,TRUE,TRUE,TRUE,FALSE,FALSE,FALSE
"PWY-7373",-0.111516611909845,0.0974334348656969,0.178683797267398,0.0745139940020822,0.0894517677108632,0.0962759181256446,-1.4965861567792,1.08922872469813,1.85595526634404,0.141331339522531,0.281726592813773,0.0698726667983797,0.999947418018215,0.997305600121964,0.996691057705546,FALSE,FALSE,FALSE,TRUE,TRUE,TRUE,FALSE,FALSE,FALSE
"PWY-7374",-0.123836108886235,0.157003041564513,0.119611645872016,0.08194421100736,0.0959871776021143,0.103491877230285,-1.51122461689347,1.63566682015927,1.15575878100908,0.137571050967867,0.108734606398343,0.253747695221734,0.999947418018215,0.997305600121964,0.996691057705546,FALSE,FALSE,FALSE,TRUE,TRUE,TRUE,FALSE,FALSE,FALSE
"PWY-7376",-0.234254705480801,0.365796014164903,0.10416450721607,0.299496575973796,0.347687469107757,0.379519905495472,-0.782161547988102,1.052082823415,0.274463883732476,0.439096735695701,0.299584362864419,0.785254825156361,0.999947418018215,0.997305600121964,0.996691057705546,FALSE,FALSE,FALSE,TRUE,TRUE,TRUE,FALSE,FALSE,FALSE
"PWY-7377",-0.0490599391800786,0.0782223160256066,0.0186283051476358,0.0833445250769527,0.0951900451282832,0.099578129240283,-0.588640215236468,0.821748912086237,0.187072254618135,0.558982160509034,0.415458812686155,0.852426656700739,0.999947418018215,0.997305600121964,0.996691057705546,FALSE,FALSE,FALSE,TRUE,TRUE,TRUE,FALSE,FALSE,FALSE
"PWY-7383",0.00808931628954475,-0.0214498530063906,0.00557598494891021,0.0757719359593343,0.0832400579764457,0.0882162127754619,0.106758738405287,-0.257686665865373,0.0632081651827749,0.915444630199103,0.797798065609384,0.94987461181984,0.999947418018215,0.997305600121964,0.996691057705546,FALSE,FALSE,FALSE,TRUE,TRUE,TRUE,FALSE,FALSE,FALSE
"PWY-7392",-0.0612849470984628,0.0950281189492366,0.02875796214679,0.0767399963577033,0.0890455881555545,0.0914998677877892,-0.798605030065406,1.06718503316785,0.314295122409213,0.428623521884737,0.291457277634348,0.754717972164994,0.999947418018215,0.997305600121964,0.996691057705546,FALSE,FALSE,FALSE,TRUE,TRUE,TRUE,FALSE,FALSE,FALSE
"PWY-7399",-0.239858589739171,0.333141976537173,0.188704724153562,0.273500555329893,0.285172960211799,0.307268943436702,-0.876994891106736,1.16821025489144,0.614135363121834,0.385046699865369,0.248741054602931,0.542151483390044,0.999947418018215,0.997305600121964,0.996691057705546,FALSE,FALSE,FALSE,TRUE,TRUE,TRUE,FALSE,FALSE,FALSE
"PWY-7400",-0.00415829645347835,0.00866653831479172,-0.00585483692250479,0.028832666341062,0.0373140735951433,0.0477815256293961,-0.14422171034374,0.232259238399522,-0.122533486433987,0.885955406336283,0.81736691092729,0.90301030869386,0.999947418018215,0.997305600121964,0.996691057705546,FALSE,FALSE,FALSE,TRUE,TRUE,TRUE,FALSE,FALSE,FALSE
"PWY-7431",-0.0044570206870734,0.0538290870719924,-0.0783291356875696,0.115483173544594,0.131074821142216,0.146697139034138,-0.0385945462899175,0.410674503332626,-0.533951351766591,0.969380665799402,0.683217990567269,0.595946283139741,0.999947418018215,0.997305600121964,0.996691057705546,FALSE,FALSE,FALSE,TRUE,TRUE,TRUE,FALSE,FALSE,FALSE
"PWY-7456",-0.106351840094557,0.144888305650467,0.0857525185578291,0.0557841924698484,0.0648131629355132,0.0699578319246409,-1.90648704204226,2.23547654655623,1.22577438720803,0.0628451069928081,0.0302813289218157,0.226522255492471,0.999947418018215,0.997305600121964,0.996691057705546,FALSE,FALSE,FALSE,TRUE,TRUE,TRUE,FALSE,FALSE,FALSE
"PWY-7480",-0.155305505290246,0.210875345933649,0.128444177759455,0.175178236116647,0.190663988873058,0.201976629943051,-0.88655707885329,1.10600510972236,0.635935839684377,0.379929056990912,0.274475192723503,0.527969733562399,0.999947418018215,0.997305600121964,0.996691057705546,FALSE,FALSE,FALSE,TRUE,TRUE,TRUE,FALSE,FALSE,FALSE
"PWY-7560",0.00795347243544105,-0.0080661559475142,-0.015756500968569,0.0331005333094309,0.0411595519886575,0.0543265231362155,0.240282304852622,-0.19597288011631,-0.290033303420907,0.811179040530276,0.84549456968651,0.773094198598809,0.999947418018215,0.997305600121964,0.996691057705546,FALSE,FALSE,FALSE,TRUE,TRUE,TRUE,FALSE,FALSE,FALSE
"PWY-7644",-0.230171779317322,0.336709270197208,0.0793766855721458,0.340778390017717,0.387889239433538,0.425111423478557,-0.675429505096716,0.868055197120002,0.186719719085953,0.50457622486532,0.392255308846799,0.853137378447835,0.999947418018215,0.997305600121964,0.996691057705546,FALSE,FALSE,FALSE,TRUE,TRUE,TRUE,FALSE,FALSE,FALSE
"PWY-7663",0.00466890756983687,0.000944807487997009,-0.0203403366503641,0.0400229603515129,0.0468940636450695,0.0559145722256911,0.116655727832996,0.020147699187429,-0.363775234982811,0.907640705549082,0.984012690255448,0.717692531353287,0.999947418018215,0.997305600121964,0.996691057705546,FALSE,FALSE,FALSE,TRUE,TRUE,TRUE,FALSE,FALSE,FALSE
"PWY-7674",-0.299751109925384,0.384521640635251,0.266225169405445,0.274357352875693,0.302089995494957,0.292399283407528,-1.09255723159421,1.27287115220494,0.910485026854177,0.280534340048482,0.209748504350552,0.367527845198601,0.999947418018215,0.997305600121964,0.996691057705546,FALSE,FALSE,FALSE,TRUE,TRUE,TRUE,FALSE,FALSE,FALSE
"PWY-7761",-0.00267131744395333,-0.0054418199292883,0.0125173720074545,0.0384530541230114,0.0455658489877044,0.0556492789502287,-0.0694695780316378,-0.119427598743013,0.22493322902979,0.944916969271081,0.905456659401614,0.82302746687224,0.999947418018215,0.997305600121964,0.996691057705546,FALSE,FALSE,FALSE,TRUE,TRUE,TRUE,FALSE,FALSE,FALSE
"PWY-7783",-0.0899026837178934,0.0693689259049451,0.158095969240769,0.175779468072859,0.189728452359709,0.194552718641874,-0.511451563163394,0.365622156519927,0.812612490559883,0.611481347773423,0.71632303348338,0.420626079601973,0.999947418018215,0.997305600121964,0.996691057705546,FALSE,FALSE,FALSE,TRUE,TRUE,TRUE,FALSE,FALSE,FALSE
"PWY-7784",0.0971613158512539,-0.106886122994004,-0.128373074978953,0.0944764140356124,0.108555151484184,0.113237542655639,1.02841875237379,-0.984625064150707,-1.13366178714547,0.309130394547234,0.329959063829872,0.26281029984691,0.999947418018215,0.997305600121964,0.996691057705546,FALSE,FALSE,FALSE,TRUE,TRUE,TRUE,FALSE,FALSE,FALSE
"PWY-7790",0.00316406108808833,-0.00163662228674587,-0.0115369209160498,0.0341838969909709,0.0422396460567266,0.0559791249923244,0.0925599877896912,-0.0387461174401873,-0.206093269904303,0.926655080157569,0.969260476799147,0.83762750566689,0.999947418018215,0.997305600121964,0.996691057705546,FALSE,FALSE,FALSE,TRUE,TRUE,TRUE,FALSE,FALSE,FALSE
"PWY-7791",0.00664106105649269,-0.00559685202776179,-0.0157498599901409,0.0335895594861657,0.0417602566816282,0.0555693256559806,0.197712061666897,-0.134023410594218,-0.283427229037209,0.84414146395938,0.893968726102459,0.778121075615131,0.999947418018215,0.997305600121964,0.996691057705546,FALSE,FALSE,FALSE,TRUE,TRUE,TRUE,FALSE,FALSE,FALSE
"PWY-7805",0.452702869028046,-0.429248100013807,-0.751270305670174,0.220581704102776,0.295563266197927,0.374936708241889,2.05231377130497,-1.45230530686569,-2.00372566664103,0.0507490019116095,0.158852891188723,0.0560499918934401,0.999947418018215,0.997305600121964,0.996691057705546,FALSE,FALSE,FALSE,TRUE,TRUE,TRUE,FALSE,FALSE,FALSE
"PWY-7807",-0.19556851272173,0.286188842997489,0.129365205289632,0.220481898162004,0.232289096696899,0.249403692880748,-0.887004848706588,1.23203734943668,0.518698034481342,0.3796904754654,0.224195900792947,0.606457772251315,0.999947418018215,0.997305600121964,0.996691057705546,FALSE,FALSE,FALSE,TRUE,TRUE,TRUE,FALSE,FALSE,FALSE
"PWY-7820",-0.350320735088418,0.387570272281026,0.43854906370187,0.306895498007832,0.319280919708045,0.323885936756446,-1.14149844934994,1.21388485298597,1.35402317276791,0.259570193310127,0.230987419377099,0.182344002589815,0.999947418018215,0.997305600121964,0.996691057705546,FALSE,FALSE,FALSE,TRUE,TRUE,TRUE,FALSE,FALSE,FALSE
"PWY-7851",0.00356390525831214,-0.00962433925510596,0.000218596386222677,0.0318655544951202,0.0409702438167716,0.0527099316310243,0.111841934489416,-0.234910470588075,0.00414715746081548,0.911435352590305,0.815320799695166,0.996708989981611,0.999947418018215,0.997305600121964,0.998782852086678,FALSE,FALSE,FALSE,TRUE,TRUE,TRUE,FALSE,FALSE,FALSE
"PWY-7853",0.205164970272905,-0.574352333450275,0.171509173711286,0.290503343034854,0.359557112195191,0.408842026491093,0.706239618895849,-1.59738832572023,0.419499862045182,0.493523616674602,0.136162290748109,0.682263165089971,0.999947418018215,0.997305600121964,0.996691057705546,FALSE,FALSE,FALSE,TRUE,TRUE,TRUE,FALSE,FALSE,FALSE
"PWY-7858",-0.601765147562692,0.885666061132427,0.488257070358624,0.306278401271386,0.374756968858613,0.431202166964461,-1.96476521055588,2.36330778272082,1.13231590136899,0.0778181573571335,0.0397283921104806,0.283921941002573,0.999947418018215,0.997305600121964,0.996691057705546,FALSE,FALSE,FALSE,TRUE,TRUE,TRUE,FALSE,FALSE,FALSE
"PWY-7883",0.0654899864266163,-0.0966926184393626,-0.0479440735172929,0.0596230001477713,0.0725179981416734,0.0890208220656073,1.09840139315875,-1.33336028182219,-0.538571453338846,0.277745340038474,0.188979219484389,0.592779444859,0.999947418018215,0.997305600121964,0.996691057705546,FALSE,FALSE,FALSE,TRUE,TRUE,TRUE,FALSE,FALSE,FALSE
"PWY-7900",-0.336006849464142,0.386265079806502,0.396833726748625,0.226949288884739,0.240225995097659,0.237484484104436,-1.48053713283407,1.60792373718537,1.67098801525962,0.145547232820249,0.114694924495319,0.10151496635402,0.999947418018215,0.997305600121964,0.996691057705546,FALSE,FALSE,FALSE,TRUE,TRUE,TRUE,FALSE,FALSE,FALSE
"PWY-7913",-0.176659828564005,0.195734478061885,0.154289060642785,0.338853113361471,0.380153894413894,0.473212532426017,-0.521346334438289,0.514882212014849,0.326046015416776,0.606084423363788,0.610537720926402,0.746730744896965,0.999947418018215,0.997305600121964,0.996691057705546,FALSE,FALSE,FALSE,TRUE,TRUE,TRUE,FALSE,FALSE,FALSE
"PWY-7942",-0.0263972025384795,0.0427116040366253,0.0069285811648335,0.149693837725622,0.159625658454326,0.163488493524181,-0.176341277233227,0.267573549579727,0.0423796257184836,0.860799911713912,0.790223705871092,0.966379492983486,0.999947418018215,0.997305600121964,0.997322678719411,FALSE,FALSE,FALSE,TRUE,TRUE,TRUE,FALSE,FALSE,FALSE
"PWY-7953",0.00928820825634338,-0.00839786713933191,-0.0193050987333792,0.0354133420179344,0.0434536385490096,0.0565762447037931,0.262279912797825,-0.193260390148003,-0.341222695752462,0.794276676209712,0.847605860383913,0.734489701504429,0.999947418018215,0.997305600121964,0.996691057705546,FALSE,FALSE,FALSE,TRUE,TRUE,TRUE,FALSE,FALSE,FALSE
"PWY-7977",0.00147489104333192,0.00128801099339671,-0.0111163667342164,0.0358922446402659,0.0436100663819762,0.055049283308551,0.0410921929824726,0.0295347175607381,-0.201934813063946,0.967400239736978,0.976565900707965,0.840858093080515,0.999947418018215,0.997305600121964,0.996691057705546,FALSE,FALSE,FALSE,TRUE,TRUE,TRUE,FALSE,FALSE,FALSE
"PWY-7992",-0.123131067645317,0.154280943322008,0.121875866715776,0.0701374351412292,0.0856867595922467,0.0894356572981893,-1.75556844069617,1.80052255513194,1.3627212053625,0.085819573309738,0.0783369404020918,0.179604859259621,0.999947418018215,0.997305600121964,0.996691057705546,FALSE,FALSE,FALSE,TRUE,TRUE,TRUE,FALSE,FALSE,FALSE
"PWY-8004",-0.135459803113072,-0.145183044961206,0.652734559639216,0.572141916626245,0.624038626208528,0.627443848637156,-0.236759096260311,-0.232650734848409,1.04030752880436,0.813942507699034,0.817111454666714,0.303879942056271,0.999947418018215,0.997305600121964,0.996691057705546,FALSE,FALSE,FALSE,TRUE,TRUE,TRUE,FALSE,FALSE,FALSE
"PWY-801",-0.0331953861801156,0.0513780192217409,0.0136650938915302,0.124950737765941,0.13034986341597,0.135695987928913,-0.265667788551176,0.394154760698018,0.100703742977935,0.791682146247863,0.695288161701977,0.920223289236869,0.999947418018215,0.997305600121964,0.996691057705546,FALSE,FALSE,FALSE,TRUE,TRUE,TRUE,FALSE,FALSE,FALSE
"PWY-8011",-0.0431493614926448,0.0453941845833851,0.0538728745734797,0.0673064484860675,0.076140474509659,0.0816830451394096,-0.641088074964715,0.596189935454454,0.659535580260679,0.52464682115101,0.553970981432703,0.512840523980699,0.999947418018215,0.997305600121964,0.996691057705546,FALSE,FALSE,FALSE,TRUE,TRUE,TRUE,FALSE,FALSE,FALSE
"PWY-8020",-0.306656410142967,0.434460182761205,0.228630964026136,0.274918209786118,0.2864614554989,0.312625865148044,-1.11544597348259,1.51664447143351,0.73132453041871,0.270452864307356,0.136199187897122,0.468290177985457,0.999947418018215,0.997305600121964,0.996691057705546,FALSE,FALSE,FALSE,TRUE,TRUE,TRUE,FALSE,FALSE,FALSE
"PWY-8055",-0.808828267476934,0.785417644623619,1.136189029925,0.812877567159778,0.848024935644968,0.866681764669255,-0.995018561408955,0.926172818286607,1.31096450420713,0.326021360293387,0.360201254121966,0.197737185439305,0.999947418018215,0.997305600121964,0.996691057705546,FALSE,FALSE,FALSE,TRUE,TRUE,TRUE,FALSE,FALSE,FALSE
"PWY-8073",-0.00257236554980101,-0.00761095283864611,0.0157391728093239,0.0530303580185469,0.0603973000550524,0.0697005917576182,-0.0485074143550257,-0.126014785954152,0.225811179108154,0.961521858157997,0.900269396292456,0.822348596702213,0.999947418018215,0.997305600121964,0.996691057705546,FALSE,FALSE,FALSE,TRUE,TRUE,TRUE,FALSE,FALSE,FALSE
"PWY-8131",0.057291396809785,-0.0018859086189299,-0.176896796273949,0.154658012399561,0.16737259964562,0.169765817214187,0.370439241529704,-0.0112677261566287,-1.0420047991803,0.712755592402726,0.991058572791362,0.302855113751021,0.999947418018215,0.997305600121964,0.996691057705546,FALSE,FALSE,FALSE,TRUE,TRUE,TRUE,FALSE,FALSE,FALSE
"PWY-8178",0.00644080235565971,0.000115969805135734,-0.0244199031972949,0.0391262019376916,0.046766597759388,0.0582411603986665,0.164616089389833,0.00247975714916002,-0.419289434313091,0.869967417526365,0.998032165150669,0.676956263837541,0.999947418018215,0.998032165150669,0.996691057705546,FALSE,FALSE,FALSE,TRUE,TRUE,TRUE,FALSE,FALSE,FALSE
"PWY-8187",0.0201156404900743,0.0200148502739187,-0.0986347757457128,0.119554677965641,0.134067728136548,0.152647027320238,0.168254733586045,0.149289098518426,-0.646162440744995,0.867120497618927,0.881978124389694,0.521384976201494,0.999947418018215,0.997305600121964,0.996691057705546,FALSE,FALSE,FALSE,TRUE,TRUE,TRUE,FALSE,FALSE,FALSE
"PWY-8190",0.0596360232032507,-0.0544607358263105,-0.0986431203919449,0.115325257475157,0.12722783334366,0.138720804295638,0.517111554822215,-0.428056773388608,-0.711091035643934,0.607555960202243,0.670607355212697,0.480618176133245,0.999947418018215,0.997305600121964,0.996691057705546,FALSE,FALSE,FALSE,TRUE,TRUE,TRUE,FALSE,FALSE,FALSE
"PWY-821",-0.085248296922836,0.0427878487679682,0.187036160028494,0.124518313990865,0.129055366269454,0.134775555502929,-0.684624567989977,0.331546451765761,1.38776026060919,0.497016022190336,0.741737576731427,0.17189601294936,0.999947418018215,0.997305600121964,0.996691057705546,FALSE,FALSE,FALSE,TRUE,TRUE,TRUE,FALSE,FALSE,FALSE
"PWY-822",-0.0772089064119828,0.110210232064318,0.0528541537324359,0.10467778922824,0.124377314326234,0.124010296200572,-0.73758633021601,0.886095930446315,0.426207785577339,0.464511898310923,0.380174866371155,0.671944307781032,0.999947418018215,0.997305600121964,0.996691057705546,FALSE,FALSE,FALSE,TRUE,TRUE,TRUE,FALSE,FALSE,FALSE
"PWY-841",-0.0242010363481192,0.0261972700488061,0.0270386149370596,0.0370111567133268,0.0436107822973152,0.051365647806719,-0.653884895724025,0.600706262735831,0.526394897983215,0.516441679524357,0.550984133737469,0.601142934863269,0.999947418018215,0.997305600121964,0.996691057705546,FALSE,FALSE,FALSE,TRUE,TRUE,TRUE,FALSE,FALSE,FALSE
"PWY-922",-0.296460268002369,0.211590476083392,0.559568552072,0.279495112984695,0.311037048748759,0.295242785255683,-1.06069929036149,0.680274188989957,1.89528273006708,0.294364189026856,0.49974056963849,0.0643489793821309,0.999947418018215,0.997305600121964,0.996691057705546,FALSE,FALSE,FALSE,TRUE,TRUE,TRUE,FALSE,FALSE,FALSE
"PWY-I9",0.0463485867665172,-0.084155782843635,-0.00969589490129846,0.0631069171678864,0.0685638770233198,0.0739248117407313,0.734445427641693,-1.22740700347228,-0.131158871737189,0.466404880107936,0.225914118853142,0.896221588870326,0.999947418018215,0.997305600121964,0.996691057705546,FALSE,FALSE,FALSE,TRUE,TRUE,TRUE,FALSE,FALSE,FALSE
"PWY0-1061",0.01170894150218,-0.0171678786080117,-0.0124673256621533,0.0361920600760253,0.0434203177812872,0.0570790050025905,0.323522382466876,-0.395388138209584,-0.218422266849037,0.747765942117516,0.694384184428035,0.828066269984232,0.999947418018215,0.997305600121964,0.996691057705546,FALSE,FALSE,FALSE,TRUE,TRUE,TRUE,FALSE,FALSE,FALSE
"PWY0-1241",-0.0211868139015131,0.00344208207519474,0.0547847391514462,0.0787427451159669,0.0864843865183117,0.0896636471021077,-0.269063694316354,0.039800040374524,0.61100279680859,0.789083856392785,0.968424784137929,0.544205310906388,0.999947418018215,0.997305600121964,0.996691057705546,FALSE,FALSE,FALSE,TRUE,TRUE,TRUE,FALSE,FALSE,FALSE
"PWY0-1261",0.0612468339102037,-0.0886959079276626,-0.0479440735172929,0.0596230001477714,0.0711327989710653,0.0890208220656073,1.02723502269942,-1.24690591697005,-0.538571453338846,0.309681324028333,0.218743769863193,0.592779444859,0.999947418018215,0.997305600121964,0.996691057705546,FALSE,FALSE,FALSE,TRUE,TRUE,TRUE,FALSE,FALSE,FALSE
"PWY0-1296",0.0612369971865951,-0.121499688129189,0.00539219427623857,0.09651223619041,0.102984297637927,0.107625918303517,0.634499827211339,-1.17978848150578,0.0501012614919761,0.528897854256263,0.244149921056836,0.960258614161972,0.999947418018215,0.997305600121964,0.996691057705546,FALSE,FALSE,FALSE,TRUE,TRUE,TRUE,FALSE,FALSE,FALSE
"PWY0-1297",0.0183465221742005,-0.0274644224228876,-0.0160630327710416,0.0339846004295402,0.0429750144993384,0.0480304304992493,0.539848105974884,-0.639078840178413,-0.334434495049814,0.591905773223617,0.525941351553515,0.739571809283267,0.999947418018215,0.997305600121964,0.996691057705546,FALSE,FALSE,FALSE,TRUE,TRUE,TRUE,FALSE,FALSE,FALSE
"PWY0-1319",0.0126377621130636,-0.0173908941629858,-0.0149494385061498,0.0304289781438603,0.0390082638029282,0.0495808808577054,0.415319964190567,-0.445825896042066,-0.301516194297838,0.679838625182808,0.657814412453305,0.764379792037815,0.999947418018215,0.997305600121964,0.996691057705546,FALSE,FALSE,FALSE,TRUE,TRUE,TRUE,FALSE,FALSE,FALSE
"PWY0-1337",-0.413018870601136,0.910620830398803,0.120895380318909,0.270236730382529,0.332339470364127,0.440660450514369,-1.528359486945,2.74003214063344,0.274350421458953,0.142085386861776,0.0126199462266418,0.786629101089704,0.999947418018215,0.997305600121964,0.996691057705546,FALSE,FALSE,FALSE,TRUE,TRUE,TRUE,FALSE,FALSE,FALSE
"PWY0-1415",0.0405590415049609,-0.210974759647673,0.214115424768783,0.285646897709451,0.309826223472935,0.325588913256577,0.141990134778975,-0.680945458014475,0.657625048184768,0.887707868985959,0.499319634853536,0.514056583382866,0.999947418018215,0.997305600121964,0.996691057705546,FALSE,FALSE,FALSE,TRUE,TRUE,TRUE,FALSE,FALSE,FALSE
"PWY0-1477",0.0734521544991146,-0.0812716597279491,-0.0973872711453641,0.151464650129506,0.161597519603705,0.172497493096981,0.48494585658311,-0.502926405846182,-0.56457209549481,0.630016229455608,0.617415612852338,0.575107731004414,0.999947418018215,0.997305600121964,0.996691057705546,FALSE,FALSE,FALSE,TRUE,TRUE,TRUE,FALSE,FALSE,FALSE
"PWY0-1479",-0.0736370134476305,-0.0308059783498386,0.271066573452113,0.227516776376471,0.239759577677501,0.247115082581888,-0.323655312897822,-0.128486956176055,1.09692443949587,0.747665942338319,0.8983237397205,0.278383702380974,0.999947418018215,0.997305600121964,0.996691057705546,FALSE,FALSE,FALSE,TRUE,TRUE,TRUE,FALSE,FALSE,FALSE
"PWY0-1533",-0.196615383096638,0.286807875374944,0.131565318199427,0.220640338930953,0.232491835257414,0.249674926150487,-0.891112586434914,1.2336255811194,0.526946458853172,0.377506225696525,0.223608771281095,0.600762906457815,0.999947418018215,0.997305600121964,0.996691057705546,FALSE,FALSE,FALSE,TRUE,TRUE,TRUE,FALSE,FALSE,FALSE
"PWY0-1586",0.00535373936715075,-0.0133216211845759,0.000745312563295237,0.0385716908334718,0.0460190840750144,0.056745773482699,0.13879970650664,-0.289480363469658,0.0131342392138239,0.890214304359246,0.773514583480013,0.989577494927307,0.999947418018215,0.997305600121964,0.998782852086678,FALSE,FALSE,FALSE,TRUE,TRUE,TRUE,FALSE,FALSE,FALSE
"PWY0-162",-0.0617352232246174,0.0678545673784769,0.074293954085621,0.082186684586047,0.0868568942454518,0.090412155408764,-0.751158457547736,0.781222584205284,0.821725284058645,0.456383103183449,0.43867388946381,0.415472125802226,0.999947418018215,0.997305600121964,0.996691057705546,FALSE,FALSE,FALSE,TRUE,TRUE,TRUE,FALSE,FALSE,FALSE
"PWY0-301",-0.0909622219865717,0.0747196510651909,0.152645876803196,0.282796929711205,0.295371003570927,0.305498440212185,-0.321652084693646,0.252968809266508,0.499661722322298,0.749173377938075,0.801419415439581,0.619695000515104,0.999947418018215,0.997305600121964,0.996691057705546,FALSE,FALSE,FALSE,TRUE,TRUE,TRUE,FALSE,FALSE,FALSE
"PWY0-321",0.427338131930393,-0.583208614193349,-0.446409336106807,0.229123163805913,0.327069011661478,0.428538283920326,1.86510226566348,-1.78313625993092,-1.04170234692451,0.0716575543723219,0.0843592703711137,0.305606045815923,0.999947418018215,0.997305600121964,0.996691057705546,FALSE,FALSE,FALSE,TRUE,TRUE,TRUE,FALSE,FALSE,FALSE
"PWY0-41",-0.41919038336637,0.460453282285342,0.51465488491706,0.422924481671516,0.437004605653605,0.435531334226518,-0.991170768146625,1.05365773341603,1.1816713160973,0.326902101700156,0.297664461017227,0.243543305894591,0.999947418018215,0.997305600121964,0.996691057705546,FALSE,FALSE,FALSE,TRUE,TRUE,TRUE,FALSE,FALSE,FALSE
"PWY0-42",-0.234319171504218,0.224806413283172,0.347785546096769,0.115788234961889,0.13402800662341,0.152019889946266,-2.02368722160195,1.67730923518716,2.28776343819023,0.0488340100101485,0.100265440373565,0.0267972519801603,0.999947418018215,0.997305600121964,0.996691057705546,FALSE,FALSE,FALSE,TRUE,TRUE,TRUE,FALSE,FALSE,FALSE
"PWY0-781",0.0115352173010756,-0.0306956252453568,0.0100472929894162,0.0577596016817091,0.0624928390601034,0.0690455816205056,0.199710818032329,-0.49118628161276,0.145516813003893,0.842586992428666,0.625630123117163,0.884938622075128,0.999947418018215,0.997305600121964,0.996691057705546,FALSE,FALSE,FALSE,TRUE,TRUE,TRUE,FALSE,FALSE,FALSE
"PWY0-845",-0.15483208449471,0.0349004761774017,0.412953489927029,0.25362292377364,0.267241353455749,0.275428265629175,-0.610481427273896,0.13059534284682,1.49931412806778,0.544547527696841,0.896664887618731,0.140624465608576,0.999947418018215,0.997305600121964,0.996691057705546,FALSE,FALSE,FALSE,TRUE,TRUE,TRUE,FALSE,FALSE,FALSE
"PWY0-862",-0.105255702336234,-0.149946424739468,0.561502033556609,0.455510863075215,0.491381846944241,0.489147070263698,-0.231071772088242,-0.305152552280757,1.14792067190325,0.818283766145304,0.761626499827335,0.25693627272203,0.999947418018215,0.997305600121964,0.996691057705546,FALSE,FALSE,FALSE,TRUE,TRUE,TRUE,FALSE,FALSE,FALSE
"PWY1G-0",-0.100298024012345,0.156123475514028,0.0484271586233575,0.182970590237379,0.210058873990942,0.222071962721948,-0.548164728999465,0.743236753334021,0.218069665480429,0.586288012746387,0.461201206131541,0.828360726272627,0.999947418018215,0.997305600121964,0.996691057705546,FALSE,FALSE,FALSE,TRUE,TRUE,TRUE,FALSE,FALSE,FALSE
"PWY1ZNC-1",0.0334006169395986,-0.0427635325241213,-0.0373051440755657,0.088135395798853,0.0930712123733858,0.097434963600017,0.378969387234921,-0.459471102112233,-0.38287225342135,0.70645426968766,0.648060032687204,0.70357805783643,0.999947418018215,0.997305600121964,0.996691057705546,FALSE,FALSE,FALSE,TRUE,TRUE,TRUE,FALSE,FALSE,FALSE
"PWY3O-4107",-0.0783702822310819,0.124889169365854,0.0325575940634331,0.0819277080999789,0.0924806764307534,0.101306448591045,-0.956578476910941,1.35043529292703,0.321377311279187,0.343780612179519,0.183483158346445,0.749380223180522,0.999947418018215,0.997305600121964,0.996691057705546,FALSE,FALSE,FALSE,TRUE,TRUE,TRUE,FALSE,FALSE,FALSE
"PWY490-3",-0.0336707187566769,0.0552158086782392,0.00888439204044019,0.0503540669924356,0.0612876954548011,0.070411505996988,-0.668679230254332,0.900928127065246,0.126178128341982,0.507042065465761,0.372319379643455,0.900140822725779,0.999947418018215,0.997305600121964,0.996691057705546,FALSE,FALSE,FALSE,TRUE,TRUE,TRUE,FALSE,FALSE,FALSE
"PWY4FS-7",0.018056939417734,-0.0213208972396341,-0.0251594140021489,0.0313643600441734,0.0384982087883035,0.046908512621076,0.575715219194738,-0.553815304937298,-0.53635070899359,0.56761365937039,0.582387514233622,0.594300654692109,0.999947418018215,0.997305600121964,0.996691057705546,FALSE,FALSE,FALSE,TRUE,TRUE,TRUE,FALSE,FALSE,FALSE
"PWY4FS-8",0.0180569394347926,-0.0213208972595349,-0.0251594140220496,0.0313643600505129,0.0384982087934774,0.0469085126253431,0.575715219622258,-0.553815305379797,-0.536350709369046,0.567613659083799,0.582387513933244,0.594300654434766,0.999947418018215,0.997305600121964,0.996691057705546,FALSE,FALSE,FALSE,TRUE,TRUE,TRUE,FALSE,FALSE,FALSE
"PWY4LZ-257",-0.157891835727414,0.130870495783365,0.287230719179039,0.275250621836199,0.324326155192326,0.38955577842534,-0.573629351585533,0.403515084084904,0.737328862993847,0.570228621220135,0.689253116705036,0.466294748711129,0.999947418018215,0.997305600121964,0.996691057705546,FALSE,FALSE,FALSE,FALSE,TRUE,TRUE,FALSE,FALSE,FALSE
"PWY66-367",0.159448877316674,0.200310610616866,-0.721490151973147,0.248186329460303,0.325772485839115,0.378983604010526,0.642456325710628,0.614878847429096,-1.90375030565467,0.529146819447966,0.546777705124093,0.0740120980302694,0.999947418018215,0.997305600121964,0.996691057705546,FALSE,FALSE,FALSE,TRUE,TRUE,TRUE,FALSE,FALSE,FALSE
"PWY66-388",-0.20849639967516,0.331203789782649,0.0830428152324914,0.290294334543183,0.312262055066723,0.343456844181418,-0.718224143103779,1.06065973885901,0.241785297452472,0.476331700349112,0.294504314653347,0.8100449916438,0.999947418018215,0.997305600121964,0.996691057705546,FALSE,FALSE,FALSE,TRUE,TRUE,TRUE,FALSE,FALSE,FALSE
"PWY66-389",0.0305964604524252,-0.0277849368331408,-0.0530576328314444,0.0834418951880861,0.0891422679462557,0.0981879078630796,0.366679836111798,-0.311692056678348,-0.540368299785263,0.71553918474345,0.75668292805785,0.591549956055209,0.999947418018215,0.997305600121964,0.996691057705546,FALSE,FALSE,FALSE,TRUE,TRUE,TRUE,FALSE,FALSE,FALSE
"PWY66-391",-0.603798018845062,0.891477509786872,0.488787325700796,0.306187294571803,0.374656325765232,0.431095072799128,-1.97198913720265,2.37945404489311,1.1338272147883,0.0768898773299325,0.0386484213044881,0.283316684138015,0.999947418018215,0.997305600121964,0.996691057705546,FALSE,FALSE,FALSE,TRUE,TRUE,TRUE,FALSE,FALSE,FALSE
"PWY66-399",0.000798882815060926,-0.00658891855293012,0.00375391897764558,0.060228829865424,0.0675604481481307,0.0744916183900754,0.01326412644652,-0.0975262706736861,0.0503938437474695,0.989474430745105,0.922732182534004,0.960026731769321,0.999947418018215,0.997305600121964,0.996691057705546,FALSE,FALSE,FALSE,TRUE,TRUE,TRUE,FALSE,FALSE,FALSE
"PWY66-409",0.050997603836347,-0.070920703084358,-0.0454405142864747,0.10796169507287,0.1149861462618,0.126791381951375,0.472367572609207,-0.616776067291498,-0.358388035425794,0.638897859446028,0.540423246062239,0.721692497857994,0.999947418018215,0.997305600121964,0.996691057705546,FALSE,FALSE,FALSE,TRUE,TRUE,TRUE,FALSE,FALSE,FALSE
"PWY6666-2",-0.0909199547859376,0.0834702945611323,0.13829663782035,0.236740532201252,0.24603788373112,0.249527078872805,-0.384048958328128,0.339257895147367,0.554234989024361,0.702711743248657,0.735959461588191,0.582102656716574,0.999947418018215,0.997305600121964,0.996691057705546,FALSE,FALSE,FALSE,TRUE,TRUE,TRUE,FALSE,FALSE,FALSE
"PYRIDNUCSAL-PWY",-0.0483227738833833,0.0602368124718973,0.0455971797012864,0.0432838076199969,0.050736383488788,0.0547071712857192,-1.11641688983615,1.18725081154452,0.833477195579094,0.270041579357126,0.241223626027209,0.408882732605054,0.999947418018215,0.997305600121964,0.996691057705546,FALSE,FALSE,FALSE,TRUE,TRUE,TRUE,FALSE,FALSE,FALSE
"PYRIDNUCSYN-PWY",0.0134208557122027,-0.021199156237196,-0.011159236782923,0.0308019733297146,0.0395546819908815,0.0533479528430282,0.435714152744092,-0.535945561187496,-0.209178350587475,0.665082015098206,0.594578379648594,0.835232616145075,0.999947418018215,0.997305600121964,0.996691057705546,FALSE,FALSE,FALSE,TRUE,TRUE,TRUE,FALSE,FALSE,FALSE
"PYRIDOXSYN-PWY",-0.15106309697459,0.0270654335848784,0.41414290985951,0.266693910406566,0.280454688871242,0.289177667438422,-0.566428745014458,0.0965055485212596,1.43214001803129,0.573855731802195,0.923538302070826,0.158864308553645,0.999947418018215,0.997305600121964,0.996691057705546,FALSE,FALSE,FALSE,TRUE,TRUE,TRUE,FALSE,FALSE,FALSE
"REDCITCYC",0.0388510673421239,-0.0994339981316339,0.0380923581789068,0.19714661310402,0.224830313694615,0.257593316098463,0.197066876931967,-0.442262417810323,0.147877898215132,0.844643370826768,0.660371823464138,0.883085440358085,0.999947418018215,0.997305600121964,0.996691057705546,FALSE,FALSE,FALSE,TRUE,TRUE,TRUE,FALSE,FALSE,FALSE
"RHAMCAT-PWY",-0.020342768926418,0.00809409162506955,0.0446403358966711,0.0734546049680838,0.0820074575017545,0.0899849827814126,-0.27694341199244,0.0986994582156919,0.496086508180031,0.783064266327249,0.921805754128751,0.622195536967695,0.999947418018215,0.997305600121964,0.996691057705546,FALSE,FALSE,FALSE,TRUE,TRUE,TRUE,FALSE,FALSE,FALSE
"RIBOSYN2-PWY",0.000333014212452759,-0.00698602301065348,0.00582593631692984,0.0374394423416279,0.045433310541633,0.0563402493067573,0.00889474286005829,-0.153764340026506,0.103406292812252,0.992941579987075,0.878468156237979,0.918090033184595,0.999947418018215,0.997305600121964,0.996691057705546,FALSE,FALSE,FALSE,TRUE,TRUE,TRUE,FALSE,FALSE,FALSE
"RUMP-PWY",-0.00789781762628016,-0.00169934088435184,0.0224420003678119,0.165766320952097,0.174210273251253,0.184592294270688,-0.0476442837176948,-0.00975453888359951,0.121576041169426,0.962205996108787,0.992259310296247,0.903764339655379,0.999947418018215,0.997305600121964,0.996691057705546,FALSE,FALSE,FALSE,TRUE,TRUE,TRUE,FALSE,FALSE,FALSE
"SALVADEHYPOX-PWY",0.0281310382814043,-0.0278543048344037,-0.0453945544306395,0.113140132620158,0.120779521073573,0.121823815306754,0.248638901421901,-0.230621090287618,-0.372624632682331,0.804746867115469,0.818631809589959,0.711139265611336,0.999947418018215,0.997305600121964,0.996691057705546,FALSE,FALSE,FALSE,TRUE,TRUE,TRUE,FALSE,FALSE,FALSE
"SER-GLYSYN-PWY",-0.00455473928197608,0.00842714466768565,-0.00425171608368235,0.0335073076285318,0.0418469050791231,0.0543008899601699,-0.135932714513227,0.201380356605866,-0.0782991970629028,0.892467612632008,0.841289045128568,0.937929669098041,0.999947418018215,0.997305600121964,0.996691057705546,FALSE,FALSE,FALSE,TRUE,TRUE,TRUE,FALSE,FALSE,FALSE
"SO4ASSIM-PWY",0.0334006169395986,-0.0427635325241213,-0.0373051440755657,0.088135395798853,0.0930712123733858,0.097434963600017,0.378969387234921,-0.459471102112233,-0.38287225342135,0.70645426968766,0.648060032687204,0.70357805783643,0.999947418018215,0.997305600121964,0.996691057705546,FALSE,FALSE,FALSE,TRUE,TRUE,TRUE,FALSE,FALSE,FALSE
"SUCSYN-PWY",-0.052562082774722,-0.0384820436673622,0.134640942815892,0.194628993145103,0.261713896186326,0.281805141928791,-0.270062964028874,-0.147038595306247,0.477780291354351,0.789024416970639,0.884119034253726,0.636388323081913,0.999947418018215,0.997305600121964,0.996691057705546,FALSE,FALSE,FALSE,TRUE,TRUE,TRUE,FALSE,FALSE,FALSE
"SULFATE-CYS-PWY",0.0260338687050925,-0.0335387479450406,-0.0297347525483981,0.076443927853474,0.0814480434496921,0.0866845867605637,0.340561630414827,-0.411780891529413,-0.343022371791771,0.734984096587845,0.682412544268622,0.733144342874261,0.999947418018215,0.997305600121964,0.996691057705546,FALSE,FALSE,FALSE,TRUE,TRUE,TRUE,FALSE,FALSE,FALSE
"THISYNARA-PWY",0.000167259593549963,-0.000574552273392987,-0.00408508011072662,0.0402923851215674,0.0486730131408493,0.0590507744193019,0.00415114650188413,-0.0118043292641521,-0.0691791115510134,0.996705824464691,0.990632774805144,0.945146906747822,0.999947418018215,0.997305600121964,0.996691057705546,FALSE,FALSE,FALSE,TRUE,TRUE,TRUE,FALSE,FALSE,FALSE
"THRESYN-PWY",-0.000647462428582379,-0.00141246006960479,-0.000228393749101391,0.0325415408716632,0.0402692869391227,0.0508275980202429,-0.0198964895711555,-0.0350753682760781,-0.00449349876833506,0.984211999419313,0.972171409347041,0.996434149880313,0.999947418018215,0.997305600121964,0.998782852086678,FALSE,FALSE,FALSE,TRUE,TRUE,TRUE,FALSE,FALSE,FALSE
"TRNA-CHARGING-PWY",0.00895466292753168,-0.00733161036695349,-0.0200162834190107,0.0321680866903653,0.040375292172705,0.0537171790816136,0.278371014531421,-0.181586558819007,-0.372623502596805,0.781975093064906,0.856704998150928,0.711140101082769,0.999947418018215,0.997305600121964,0.996691057705546,FALSE,FALSE,FALSE,TRUE,TRUE,TRUE,FALSE,FALSE,FALSE
"TYRFUMCAT-PWY",-0.421080144643087,0.583724934102403,0.410687174384853,0.307758793451305,0.356383295372683,0.420284627292732,-1.36821482798578,1.63791328516669,0.977164396971401,0.180775807327273,0.111237302800431,0.335817642381476,0.999947418018215,0.997305600121964,0.996691057705546,FALSE,FALSE,FALSE,TRUE,TRUE,TRUE,FALSE,FALSE,FALSE
"UDPNAGSYN-PWY",0.0038554438956231,0.00383681640667131,-0.02254861864093,0.036331090148958,0.0454761046964714,0.0508988210208606,0.106119686467313,0.0843699440020205,-0.443008662846799,0.915948830152125,0.933128425017171,0.659835923183008,0.999947418018215,0.997305600121964,0.996691057705546,FALSE,FALSE,FALSE,TRUE,TRUE,TRUE,FALSE,FALSE,FALSE
"URDEGR-PWY",-0.212304149244098,0.211037410279854,0.302739170305543,0.344075002648452,0.36335463075516,0.358733123775542,-0.617028693191678,0.580802864246576,0.843911950809887,0.540258061571028,0.564208198853928,0.403086054874414,0.999947418018215,0.997305600121964,0.996691057705546,FALSE,FALSE,FALSE,TRUE,TRUE,TRUE,FALSE,FALSE,FALSE
"URSIN-PWY",0.00572534395411388,-0.0953696766412953,0.128630699967872,0.24175173595563,0.290292338354078,0.309955839969055,0.0236827418487066,-0.328529775129545,0.414996858845163,0.981212752604379,0.74406961499544,0.680160849384793,0.999947418018215,0.997305600121964,0.996691057705546,FALSE,FALSE,FALSE,TRUE,TRUE,TRUE,FALSE,FALSE,FALSE
"VALSYN-PWY",-0.00447755890616351,0.00297454352757641,0.00437239586806796,0.0309391703744143,0.0392775014215295,0.0494029188494961,-0.144721362983485,0.0757314854540606,0.088504808418067,0.885563106296457,0.939961138011316,0.929859662434976,0.999947418018215,0.997305600121964,0.996691057705546,FALSE,FALSE,FALSE,TRUE,TRUE,TRUE,FALSE,FALSE,FALSE
