pathway,Sample_134,Sample_135,Sample_136,Sample_137,Sample_138,Sample_139,Sample_140,Sample_141,Sample_142,Sample_143,Sample_144,Sample_147,Sample_148,Sample_149,Sample_150,Sample_151,Sample_152,Sample_153,Sample_154,Sample_155,Sample_158,Sample_159,Sample_160,Sample_161,Sample_162,Sample_163,Sample_164,Sample_165,Sample_166,Sample_167,Sample_168,Sample_169,Sample_170,Sample_171,Sample_172,Sample_173,Sample_174,Sample_175,Sample_176,Sample_177,Sample_178,Sample_179,Sample_180,Sample_181,Sample_182,Sample_183,Sample_184,Sample_185,Sample_186
12DICHLORETHDEG-PWY,0,0,1.5339049103663291,0,0,0,0,8.111292962356792,6.331595411887383,0,0,0,19.564766839378237,0,0,0,0,0,0,7.513957307060756,0,3.9714964370546317,8,0,2.5239436619718307,6.825962910128387,0,0,9.079365079365079,0,0,0,0,0,0,0,0,0,1.7370325693606756,0,0,0,0,0,5.627313862607981,7.376770538243627,0,0,3.388235294117647
14DICHLORBENZDEG-PWY,102.87845156707803,95.84707472485034,73.40611597513005,112.07519555239512,90.80495356037152,127.02975856260528,109.44568632500645,98.61869988643794,78.71303046179177,37.78385619,81.11119573011563,66.43208062145706,130.6604281984334,84.53181933734429,73.66772237196766,71.65170683440525,54.89272074991321,56.550607287449395,57.91868967534366,57.574471243042666,98.99241466498104,84.86471975331035,84.66310838661947,68.62196908,115.69757444291068,83.58913005873197,91.16550258,43.302845797485105,85.03852825810729,32.219498695342764,48.75330396475772,79.08736985061114,67.62126696832578,86.79688971635089,63.25064288,16.083456425406204,46.82794073178107,36.57363224532465,116.69832879906721,56.19273837801154,61.61258614688479,34.78438212800215,49.37651642,18.21551874,102.37422799679631,105.13048612477859,52.72477699653689,40.12147661037214,28.937423312883432
1CMET2-PWY,20171.995500290544,22495.100793855603,21151.812540787152,18680.124911830273,21520.747043738484,21901.79459270949,18473.258294425123,17173.57776035637,21278.12153069813,21821.605269249467,21395.05022098861,21674.56294830717,21654.658599216662,18263.817008652048,21601.804633798303,20229.744026214234,19037.833440504288,14759.450421325553,19961.70329823126,21293.66678979447,17645.087103468413,23140.73079872472,19762.898349454492,18324.19373919375,25160.755838173674,27695.07460461021,23149.73896456996,17311.493861712534,18893.28305436447,24059.32507695528,17239.535342650124,16164.75107693306,22469.90836774428,24796.258289503854,22764.273052586184,18758.15265849902,18847.775374422003,19732.734226653272,18505.45686385933,16356.918914618866,19122.081051688852,20278.35212700498,19107.325695488948,17947.68140437118,17196.349390356383,20812.375958768473,20430.186183994043,18545.774978339414,25034.588013557113
3-HYDROXYPHENYLACETATE-DEGRADATION-PWY,0,0,0,2.7868065784926896,0,0,0,4.2438643961746365,6.3294667686697075,0,0,0,3.5245038899074315,0.9483727160023896,0,0,2.9855273764189794,0.9398492507252483,0,0,17.583145862497922,0,0.3180680202499677,0,0.7805416068175145,26.29362492444253,0,0,2.278673369856289,0,0,0,2.7474765171487334,0,0,0,0,2.5516824755331298,3.410580364450952,0,5.369783488087857,0.7768845585380425,0,0,0,0.9455417064570374,0,0,6.535772205763597
AEROBACTINSYN-PWY,0,0,0,0,0,0,0.9369029633933759,0,0,3,0,0.38268465909090904,0,0,0,0,0,0,0,0,0.3832333129210042,0,0,0,0,0,0,0,0,0,0,0,0,0,0,0,0,0,0,0,0,0,0,0,0,0,0,0,0
ALLANTOINDEG-PWY,26.89396487884407,0,32.516669841874645,21.135337744998207,19.269575599858047,19.338081030647423,18.18787790398102,17.506702097363902,39.63636424126384,9.817766558005323,55.96723156013088,14.718439691026306,30.299581175937032,15.520077297204637,17.075937210566067,5.942490459692277,0,0,26.425956096288743,28.179161676646707,25.861279917852908,32.628242074927954,7.904752949604854,13.689250391263563,68.88952336166068,21.50733431143555,13.780363002786427,79.09612930667801,21.10555589923252,7.905125944,31.597543762641333,44.013752578608496,21.399365778380574,9.880470259472322,1.991138409772405,7.8965409889860245,35.503318856272976,3.9714104227826184,66.59376237501662,0,33.21172397,0,24.749147256363344,55.16761621597216,43.32043966629891,28.605121776279343,36.09142034548163,3.9462843426643746,55.12675612972671
ANAEROFRUCAT-PWY,13846.717167009709,13177.691120728892,12237.99753040854,11219.84438094401,12061.310943165669,12304.223178673192,11243.626712962921,10018.706598921388,13743.520880583643,12100.622432664042,13117.546777341302,12128.453114673663,12129.045980261593,11174.309630182448,13412.965303764198,11448.251131398843,9849.496597937276,9545.510984,10760.790927115651,12412.182810460909,10774.217911287496,14192.565669002974,12350.072769063667,11223.087940857642,15674.184006035504,14859.80172566937,13774.393286033062,9616.538379394531,10477.44088224605,14853.150401351557,10191.243278067874,9606.485932880587,12660.213099856428,11200.54116170707,11695.680300889759,9276.329503,11528.374471745103,10139.516544525832,12249.42995800361,8538.804316607853,9840.490099872697,10822.912811839169,10641.404106785467,10192.798275218933,9653.648059532485,11816.171956209673,11386.89581850639,10990.06993,13674.234135260589
ANAGLYCOLYSIS-PWY,18693.15115535917,19303.855569522108,18226.12756875153,16024.786160433403,18510.430209010574,17686.340054257846,15533.794862771168,14385.266296585085,19456.697734306315,17558.702444416438,19172.019161717293,19055.438113184493,17786.657919985166,16363.393582463077,20921.152081145283,16847.826174460788,14571.890687077721,13840.135818289278,16279.995008919406,20319.841301489014,16428.090581201155,20208.385747831748,17221.233669099387,15549.103729651039,22245.978092056437,21354.17822411667,19775.74537144673,13717.69880721144,14972.761175087076,21943.347423395135,15380.979417608754,14412.9204,18485.827152892976,16694.858673470328,17407.331049009677,13784.541920862457,16437.80856757347,14336.866063925123,16572.25935697784,12779.277617345515,14521.960837056165,15727.729802474034,15220.883626978735,13944.648964188065,13699.574386866825,16615.086786847347,16634.42363830677,16225.946478693366,19350.652882400693
ARG???SYN,3095.897289604278,2595.158650261098,2705.2429734688685,2829.2093409525037,3320.777489119282,2854.1159234319957,2677.909341461286,2806.0592369424776,3192.9971451160445,3081.096177,2837.2553591672468,2729.361457118664,3157.436953820884,2739.0325346300297,3586.483056,2488.0811708756564,2175.459710653664,2184.100474902755,2474.1038570605588,3268.254288,3158.716170767585,2871.8628223034275,2712.981356844111,2287.9329540746116,3662.7692400250635,3416.78488,3504.715729212337,2307.134700525337,2387.7447540548296,3107.521056517344,2242.1201096416708,2051.717000374802,3203.3805572950596,2640.3894952205114,3488.3945695224047,2889.6215022539923,3329.283280888362,2694.5906409333766,3014.4933949207684,1890.7849106296858,2514.964924,2193.1568840474865,1924.9316282581424,2288.203355291234,2242.2872403491006,2373.9226037517383,2250.6578713345048,2308.7495552557425,3292.097728057351
ARGDEG-PWY,0,0,0,0,0,0,0,0,0,0,0,0,0,0,0,0,0,0,0,0,0,0,0,0,0,45.008953285683624,0,0,2.619275913,0,0,0,0,0,0,0,0,1.32850881,0,0,0,0,0,0,0,0,0,0,6.9666350787519935
ARGININE-SYN4-PWY,13719.315428721371,11547.083377848843,10678.147841904622,9914.231629,9670.462315179075,11633.96953708073,10780.355832382136,9675.330291487606,11714.704390584926,12194.416967436686,10660.599418270755,9962.379324132267,10768.876085786405,9510.625022,9910.542334364598,10477.342053672643,9167.020153932643,7448.174603242688,9634.86325,9972.908925999875,8949.723284133283,12797.469878130916,11726.078165191768,11968.573182549755,14472.919260008422,16463.672440122602,12976.269221105296,9815.487358875016,10566.08571062274,13160.31617,8434.152995494642,8450.926836461284,11659.869282457363,13526.752214271124,11465.86314076334,9234.792673183028,10264.755317703843,12307.510168108794,12437.277123641277,8786.784668611235,10827.477873189222,11330.849717434516,11250.344257096525,11630.259390920926,9569.808969426338,11381.203473296031,10753.262437066394,9028.390905449913,14357.434529936972
ARGSYN-PWY,17803.56449330883,16504.169199861743,15241.425857156808,14293.139493316581,16253.542154768136,16229.44386967046,14573.659216700979,13117.657809242053,16485.87015586141,16967.328679305425,15761.148458388641,14894.11536859939,16693.916555259504,13842.511878299005,16756.43909591864,14897.215295100752,14118.981547996771,11659.072540082325,15705.77332,15932.767174670127,13657.78047197746,16899.078426412652,15067.786083121253,14985.627441875089,19641.78163970644,21677.777761720514,17403.48691173226,12746.590137599826,14544.251231458375,18025.540031659155,12508.223819438696,11751.590357708468,15893.835827113959,17480.664993326747,17233.692428561986,13364.746995660933,14250.36616743617,15195.287814611473,15583.128778833052,11571.718949150067,14345.366568732605,14713.832112469418,14262.50816786628,14175.103464249612,12694.900130000922,15157.176487958794,14616.454853734085,15609.236269894653,18178.616133995878
ARGSYNBSUB-PWY,18106.406451781873,16465.664789147824,14704.567442425494,14457.497576754098,15701.410277436073,15797.990632567324,15002.350167322758,13210.167085181323,16578.24401222579,16213.770096792643,15608.868452100334,14436.452910989461,15747.356954598217,13928.163908503308,17304.81104423169,14468.03395702284,13100.630709550303,11944.926242399824,14366.415459500326,15992.16538650406,13856.02391678962,16670.408855208396,15018.57194198603,15108.003326683223,19859.414373700933,20938.709064617775,17478.067337674052,12730.243353950123,14407.767916815748,17978.771253937335,12244.57283,11490.693427500728,16042.223628818352,16113.877558317083,16196.536602667373,13245.696815426638,14726.426960380684,15353.810810601299,15720.333829856458,11013.577382171205,13736.182030383847,14195.111854575815,14205.42039276006,14451.278104803076,12733.922486503203,15593.00382260658,14412.560301260646,14439.555178827108,17642.045197472456
ARO-PWY,23164.071998511987,25845.65236582377,24200.726737457324,21138.03920657299,24843.831213866484,24725.089866197173,21011.191641275578,19835.36777544574,25035.731820318353,24827.064572269195,24665.907639098685,25136.76352259106,24017.109299288983,20921.912031103555,24865.789357376634,22954.511544052133,21412.816379951462,17109.967729009903,22649.55663464115,24606.302611170755,20612.301586151898,27146.619356797382,23110.059568958088,21443.81480352694,29274.28949278335,31367.280896232183,26677.153157507666,20244.535393827562,21396.021036852846,27888.685947038484,19669.761972135817,18605.744214741608,26381.54986096907,28321.881831453084,25826.810022994832,22240.998230568355,22143.309124286825,22490.894607749666,21749.630101499533,19011.325334866073,21877.449312726283,23520.411605551853,22200.337585134777,21468.013422199172,19895.91845498526,23965.731916872246,23570.819214910673,21780.41094149836,29363.746823572674
ASPASN-PWY,9159.608613831751,11948.142245842908,12017.608096022672,8995.855331893896,11944.79857000834,9899.865468,8524.682477866267,7030.3199786550895,12483.784348103954,9228.100251071932,13034.998160109268,12763.638975934018,10018.981333707543,10096.447891040432,10870.572553141992,10165.114522490474,8642.749551584368,7480.635670358947,9361.859148777987,12530.521944227565,9578.344430193489,12834.884071516015,11191.699230584829,8329.022627493257,13177.970524551538,10071.92538099028,11783.574322490202,9525.483522082293,9013.285010294037,12615.70052709306,9500.468183296305,9121.761587699797,12650.368211590576,11892.21111207534,10654.573922726122,9672.868012,9131.050217380014,7164.542100280145,8365.122564103152,8642.056119959389,8690.427065953236,10315.313064044953,8591.677354,8367.518640253407,9295.184500458376,10645.528398567953,10908.882140154963,10504.309019865934,13502.36080409326
AST-PWY,0,0,0,0,9.957537154989385,0,0,12.353951986154746,0,10.865135555171818,11.933981532057746,8.745330766452122,10.555555555555555,0,0,0,0,0,0,0,0,10.014025245441795,0,0,0,34.133611525975695,0,7.993730407523511,2.182346011443958,0,0,0,0,0,0,16.541070082893746,0,25.431562476765958,0,0,13,12.377210216110019,13.983050847457628,0,7.711864406779662,25.82335329341317,12.62962962962963,11.235496347228192,9.269162210338681
BRANCHED-CHAIN-AA-SYN-PWY,22047.405604730106,23132.158500620375,20818.160280055985,19584.170748374458,22374.28911759963,22699.469330521217,19777.706548725193,18783.928376265227,21261.593872626065,23651.205311104124,21353.74888806997,20891.89804868357,22675.663935800232,18634.712003319146,23066.671133258777,20563.57029338985,19839.280868303977,16097.767125429322,21272.385857614492,21813.71622557488,18450.963433101777,22940.414395234395,20405.97666793191,19992.587750041002,26873.832938680338,30686.788764253204,23919.003447618612,17125.028923711237,20372.583898630233,24104.433835141765,16894.37983970192,16176.020279742517,21789.776120171024,25658.418246510046,24013.185817488444,19028.535316593687,20823.552081468482,21674.150476223294,20292.10886819936,16424.365131946422,20564.38782722308,20906.756113358897,19908.549276212787,18243.105343768453,17376.06648,21540.08655561751,20856.876500248967,20712.832656654457,24718.718736430772
CALVIN-PWY,28544.42626154584,30014.454539665145,28613.740379172003,25095.466305434475,28717.062530241456,29256.13870825786,25519.783940806068,23436.32208117449,29860.753791443916,29447.900582390965,29046.199623885143,28770.80523150972,28796.97833145149,24898.50590308663,28082.286538249253,26665.29566101489,24709.01079114089,19268.59611434048,26138.654375429614,28702.564515361413,24195.760076659866,32228.343066356396,26861.22797071505,25825.126249906003,34655.75512517849,37346.52356933952,31218.783697954223,24241.66958157689,25507.19176701462,32452.493818435745,22686.395736614413,21678.829948469822,30661.828074292964,32726.11218895523,30032.09447182873,25509.351792031244,25443.78113274018,27492.441345956333,26211.121648166067,22000.710227330484,25528.764359264915,27208.447507676803,25780.23129389482,25452.51447821507,23737.92104174766,28348.86049167395,27470.73176952866,23927.908718409344,34294.804732115525
CARNMET-PWY,0,0,0,0,0,11.935828877005347,0,15.393501805054152,12.157894736842106,0,8.155339805825243,0.5521648219809929,0,0,0,0,0,0,0,5.261016949152543,15.190323969922582,0,15.925669116627375,14.501628664495115,16.954096954096954,0,0,0,15.251461988304094,0,0,9.085388994,5.329437545653762,0,3.5239154616240267,8.507603565810173,0,0,16.68449197860963,0,0,10.368128474366895,0,0,0,16.042780748663105,11.070603337612322,7.599097647437963,6.633165829145729
CATECHOL-ORTHO-CLEAVAGE-PWY,0,0,0,0,0,0,3.9222788952002476,0,5.656649516002442,18.184478187344883,5.408293918999628,4.451336942481301,16.32562978978876,0,0,5.7450185601413875,0,0,0,7.349171144758182,1.6597269126330072,0,11.46830492645342,0,19.024353100408515,0,9.672213149189298,0,12.170926572763625,0,0,0,0,0,0,0,0,0.7547326545471591,5.786811391996915,0,2.911814875,0,7.729981895141289,0,0,5.255197153024911,0,0,7.695396300462654
CHLOROPHYLL-SYN,372.6846679528394,105.19096838148383,147.17788980019714,201.51360078710948,274.6072638879778,174.98535347927015,135.56607046399913,192.338366,535.4594111292143,167.5112415951189,158.93608256638268,340.8237253248046,291.86039990459517,316.24494310599795,243.63952942717742,421.4437377363606,125.33559504877586,100.11731614783787,62.78382406186392,68.12774466138346,184.99854995716154,463.75568080918026,121.73178511010036,114.63640583133963,206.81080668132805,194.21712695306144,77.93132955759252,195.0415981968108,165.0350783749286,291.64528221157707,77.51941978,339.8479613882436,129.15874472319638,173.89331119145862,277.1036196005376,274.225642,153.89113569476353,118.04427405472765,195.91226063085608,93.57382503146238,154.46207259800215,134.28983802072258,162.3291403976785,193.63799108127733,265.06640794943047,193.35648480511946,208.23268866300452,119.95787353710642,118.00779859396174
CITRULBIO-PWY,5229.981445748215,2767.7261629891755,3705.5785998900287,3099.233890505105,2379.9813673801164,2342.055404518193,2327.288363620561,2128.2447473709267,5054.906799533966,2285.4644347709514,3992.529150659448,3938.2278849057907,3163.688557212638,3231.2483439903663,2794.4996940296755,3241.8107285967067,1947.4411000347845,1485.2387440759962,1732.4166644339055,4137.541732323791,3642.3123524324437,4393.626374032389,3871.575489910184,2608.4467763749603,3243.1425584904073,3224.2653344746304,3737.6355479248627,3318.7930704559126,2362.92624,4094.2000104676194,4085.8386925852446,2986.439636280834,4316.770143449248,2771.8776898742517,1619.8443465557195,1871.6421100304865,1568.1047800547233,1732.780249411171,3756.2904298367594,2669.953923387153,2771.0163640958367,3082.5395848003423,2762.539376341046,3608.6703358528266,3116.870317054894,2487.9042358562424,3503.8909249555336,1143.0544219909682,4869.0579897216685
COA-PWY,21716.492559470786,25461.676435052264,23717.81085537057,20922.731295540354,24844.03017186325,24902.46528232239,20746.727027993384,20158.048041563594,23767.589160531363,24756.665731911893,23885.879493007527,24852.607700990717,23707.960863940276,20728.02581589004,25079.65989759824,22471.929150571574,21494.27602413052,16513.36123000772,23015.31488973759,24652.73998,20696.756965983634,26960.7278,21822.14266733887,20928.05879404991,28588.84421990277,31390.382921546287,25702.765968668144,19977.159308731436,21379.34930457194,27204.736001180056,19679.630194963822,17819.275732739134,26006.38057832813,28597.600902483722,26285.28328002922,22437.96862156229,21294.327974690637,23099.059478575477,20964.361161771085,19354.765177423316,22253.72925223188,23642.004166460054,22687.56323089479,20052.596283639563,19261.476520190055,23553.23080072359,23439.814685035566,21387.052120007902,28518.20865668645
COA-PWY-1,22055.88849986139,25549.624160740987,23988.49502940479,21132.77304,24887.621796317133,25062.343643788856,20951.10980567159,20124.412936173587,24055.810625748327,24909.34360212682,24255.27111554645,25072.91005715658,23892.645300513974,20885.02397210046,25057.402142476207,22688.299027559562,21563.334517534757,16567.410986528284,22968.05167717863,24758.694134314468,20746.596221043343,27082.894429174077,22111.46391,21067.481959468685,28763.241779339318,31429.389184729294,25920.706581464106,20099.826472819917,21467.840016077662,27402.645786734796,19844.731378084936,18033.71619,26176.71931231603,28719.466173590794,26290.599798322535,22390.42109113005,21386.589810467536,23203.723080721964,21174.874151219403,19318.18093,22230.29393,23687.405969976582,22715.392199150334,20309.895656859735,19485.377405825795,23721.659882804288,23482.37940381589,21412.48501904182,28854.31838050432
COBALSYN-PWY,13521.991236829259,14222.221401420216,12595.17266550171,11704.789058441134,11831.011176548822,15194.299242657366,11849.782612039166,11825.102290916693,11333.267348210855,15354.987813246573,12485.471293527813,12965.523894994447,13677.939128074504,10393.683357173308,11056.335579484263,12669.460969008773,12374.00939906689,8200.116704837843,12370.385203786425,10942.88937421475,9970.637206040157,14438.596471395595,12487.97487798425,13136.53585,15860.38212584203,20973.244737417932,15036.094318683796,9965.487695536534,12688.64270539132,14921.38947126478,9651.044660396063,9649.639055,13274.098212896752,17489.643830370696,14153.77086104865,10718.969484890731,11911.572425953616,14263.237651645339,13632.84209421456,10618.75521649036,13493.354554379299,13481.090335684896,13449.506403865387,9925.140897859932,11114.232340866814,13340.859759261324,13112.534748850601,9290.044657,15874.152519389036
CODH-PWY,1100.1891410508724,789.5723245959027,653.6779663481856,679.2514022427051,532.9165918524328,1240.3002961598013,855.3065211,730.2056139188579,647.2827297158233,702.1016986291551,892.8285748134102,723.7339419208618,696.7567063314692,552.7490706489672,396.9614153133085,774.9888604738802,557.6475827519243,314.10400280019394,454.8172706608983,770.3708314548348,544.5734450874737,732.3911601728047,1017.0672534145083,857.5731616325531,1012.618322228568,1129.969006752752,974.7575432241177,596.1709506968556,824.0091850528104,922.2445216490644,475.1111846693505,599.3926865613884,761.7615458986493,789.8395237,604.1901013070086,533.6168315993866,845.5060399755288,701.4868052,1054.023655628309,375.00407367497235,552.5624572560537,905.9136762623982,548.7765491933944,789.2767108578965,577.5851580014524,757.8045607438477,801.9938039670963,562.6876727597183,1312.9972193403844
COLANSYN-PWY,18491.292875766685,24335.155807791598,23641.652001046426,19475.726763152416,23743.106982570524,23518.497200856935,19373.637474914034,18817.67559632585,22991.519824398045,24660.131218436636,22683.086226517647,24721.271892657413,23823.542274851643,19804.28411429538,22898.148100537943,21965.444342813047,20974.093920234685,15419.358982468402,22303.50599543072,22428.614305456696,18801.199926850255,25126.106978357897,21241.55394762555,19103.02540511683,26434.12526298806,30033.662555427334,25213.617099508036,18769.31747336795,19999.63839652195,26563.64920842557,19466.679701646935,17932.45535286544,25116.03174,27750.61098206173,25152.677836564402,21082.590313602745,20185.207411372605,20609.65243000565,18395.990102564945,18325.63004407131,21213.14621771886,22097.947446957554,20335.465668717006,17765.40772407845,18589.32883178984,22515.49021763718,21917.70204422765,20288.772150157693,26512.269679356898
COMPLETE-ARO-PWY,23829.649687833265,25569.210647080065,23302.463902668507,20950.168855189782,24379.625469843224,24404.930921080857,21305.748104171464,20046.92832,24115.014444614044,24770.4188,24222.725595690725,23698.760932973437,23432.797681313867,20608.19143824904,25081.58303171229,22296.215977686705,20636.610883403824,17244.388028272388,22086.63122670021,24442.175454102653,20486.66127036855,26519.181821397342,23009.89660153835,21962.980485271626,29697.863780431224,31625.601560622024,26637.83658554208,19691.046643988873,21498.87757103545,27616.490594246286,18733.26811985934,18115.684999748435,25288.357736791724,27709.342586843646,25472.45574959842,21614.925423344706,22480.916172276015,22717.970825264267,22438.459363823295,18548.792450141398,21580.767770525603,23275.685120646616,22018.252581898523,21243.78502385394,19559.401389752526,23386.19716087493,22894.815574987846,21240.725783403726,28774.522959786373
CRNFORCAT-PWY,210.02196170602173,183.07001412788523,139.28184897025943,192.90666732047845,161.16652116979483,234.87179135462125,210.03608904997833,182.04996851254216,150.57405822336753,77.78844623030221,173.1292665364419,125.4763591847042,242.7021967528607,149.7609015,141.44308710676557,149.28910311568413,118.9357353616703,114.26663966744593,109.19809449460392,123.97189540780666,178.36555926516624,168.32045292207926,165.82239660274473,160.0528588608579,240.99812841531772,181.0287743710579,176.9096643518356,90.45415912,158.06881950399145,67.94884655485134,94.59639924520789,147.8266632592893,137.36774808248808,169.2794772572017,128.48396967583923,34.60113536686773,89.64068247599414,75.58667466,225.6002011593806,113.39905995550389,119.70053149058177,79.88103142511069,99.06734610647212,58.27762102290172,188.92596623019185,189.75061269669683,121.54648784881638,87.49195253,62.47257772178405
DAPLYSINESYN-PWY,15691.619680622327,15480.157300680889,13032.580219384678,13538.912892856448,15111.341682308832,15019.985933395854,13634.49883,12226.63054953504,15156.943530497381,13633.466361804727,14971.722945770287,12593.009078677047,14182.568609777409,12389.947263827966,16158.660307931617,13026.05754011907,11903.574146994082,11249.43743535264,13232.654173189478,15357.890366431071,12358.030724350201,15468.117703896742,13065.89534,13132.757557767196,18696.11634891025,18648.600911017336,15427.158529588982,11640.68513,12831.216031924852,15496.322183130107,10561.644536226931,10264.716686080563,14305.863988612924,14971.732726665836,15113.10471026844,13675.30461795255,13547.29516450853,14747.151040721263,14307.091477339252,9872.104144224539,12140.76862648126,13415.003731814195,13105.629847871362,14359.763880976661,11818.267162084838,14559.514075776966,13751.349017900782,13331.621281161495,16791.638606883967
DARABCATK12-PWY,2766.511838447325,2865.2616102843863,2872.7069877143417,2647.8966887026877,2789.043909566493,3098.7961687809106,2971.854919477444,2622.361911119461,2915.633951560338,3197.788522094937,2779.9851356379427,2681.570826075775,2986.515637019486,2822.6590726678696,3042.172047089015,2870.160185,2689.108344572676,1778.4098749147513,2507.803147676631,2633.422450371597,2650.7444236570614,3117.6379544269025,2667.829463340662,2905.275322188497,3716.318349,4002.755001778276,3339.495297,2746.979635153453,2814.2414065852277,3314.4849107856485,2633.426823588809,2387.538812633585,3767.201689,3183.191230066458,3492.4471067515597,2205.2246437878416,2446.8053268943577,3500.389555539147,3098.022418245078,2230.954053999502,2554.2140040868435,2657.222819872369,2804.4139620221276,2261.598115044813,2259.9646066831287,2778.8043572124184,2504.7372603384765,2395.255881906071,3139.363192966972
DENITRIFICATION-PWY,74.59999710802957,50.88165629055723,73.43189114,9.620631657634085,75.02750694382425,63.82875297,53.777593886563146,85.61421764344107,61.539329300940395,48.55019844369009,44.60026685879339,43.95690660811089,84.97659021045165,91.00628374192405,50.94579380704437,75.18649025995613,99.13182200827593,82.64564075918251,67.94771175337704,56.706274530888756,48.25406709737682,68.92665288860088,89.73721200371043,64.14709647965675,61.05591328363915,75.37182984932515,64.94482162635053,49.31417475728155,80.41788456754892,103.67532587593604,84.10307767464583,66.81716803568514,87.77493606138106,71.04213550186213,76.35009195,35.28924572152968,31.95068440781998,40.49092097617664,80.93739930326639,67.34186136319752,55.63499668312817,76.98540569215018,40.670391061452506,32.679346370211626,53.49805322820835,22.02405445759902,24.701326742936057,62.09905239991997,82.94970869885489
DENOVOPURINE2-PWY,5823.781159564529,10764.248041290015,6794.064650975126,7051.151203589002,11761.033287627777,7582.2867348969785,7405.593768578541,7292.751929368011,6554.760033172782,7221.846555588564,9662.252066365441,8084.550108466202,7336.701092943656,8604.630826079449,13996.487100541237,8115.161586006556,6798.404999447521,8999.149443296406,8829.931650597695,11978.923337916936,7609.481362682111,7362.272760804716,6518.931717774481,5859.624972530791,12310.956564775224,7108.886420552833,7831.440004265688,4689.486093297292,7589.713365488489,9753.440228,4670.806576504347,6005.102095,5620.2576838904515,6431.911796734854,10384.376356866458,9329.497432179105,9868.840598383615,5458.390127724113,5457.690325108112,4942.588515837183,4764.192021,7708.0345588193595,5702.257730874914,4648.598935690416,4883.720890028303,6583.908243044384,6691.390264980259,10288.613546657305,5096.840935016378
DHGLUCONATE-PYR-CAT-PWY,0,0,0,0,0,0,1.7686585518808997,15.647483097472612,4.931263844813601,7.424438242994515,2.0616048817870443,0.7241011886088061,0,0,0,0,0,0,0,0,0.7234284596411947,0,0,0,4.97109649,35.93971189617024,0,4.956662131740945,1.8691432678604842,0,0,0,0,0,0,9.894550985097679,4.9667043950592165,5.886983613262564,0,0,0,0,0,0,0,0,0,0,4.9638961
DTDPRHAMSYN-PWY,23996.477141530948,27622.71957054407,25513.618373604924,22579.77902951677,26492.224288001253,27068.51488237474,22649.628853331327,21598.227562897875,26000.61568302077,27213.777478323966,25803.498753359218,26534.21532110623,26322.581804271034,22485.85843805322,25982.39472369243,24165.361912652814,23243.52972663951,17958.966462122255,25357.363652784657,26286.620721640586,21844.381800876083,28109.912266427233,24317.39129320028,22697.713084675936,30190.69178257101,34124.94591495224,27919.26698689803,20928.19621001912,23231.483200026192,29466.27394773863,21021.510095340785,19271.64876181095,27525.99963,29695.110077299545,28264.670021315058,22869.273886143645,23026.649899682045,23918.711058079287,22518.035162522516,20149.360285451705,23818.32629727212,24452.02059895938,23626.555098571764,20568.562855560896,21039.57703208357,25963.581386640944,24984.684495578837,22375.93544857279,29406.566454760236
ECASYN-PWY,30.35170063449126,20.69168205514557,72.81447976429791,41.78090781,49.74443799349998,66.14279790403675,68.23428425,44.04673885521185,69.77898342648697,14.942657734017168,32.215461206582106,14.925903959267515,63.44598227868024,129.22323084131435,44.73593699439604,31.7272715,67.84024239377267,25.63810681956257,56.75524170823977,28.80680603462729,39.11596315744097,60.58811757702607,101.38449471660377,29.326288721582117,72.99367618390798,58.74010258260426,56.466808839926344,0,56.749227957656124,39.94738369171833,18.631148497810933,39.55546391,14.033657512843696,27.79766449,59.128967047220655,0,9.514107565928915,0.8141373624463509,16.604367189363018,0,0,0,0,1.2479235520869219,51.59315154443095,79.62707132750539,13.82676690623145,14.009875884228045,4.914684549248354
FAO-PWY,605.5347729926676,1542.7817488043675,892.8235085733698,1015.2703543008325,2066.5702914342755,749.8421781449229,821.7621380562183,1208.4748032188372,629.3535895399549,855.8761632050806,1612.748484557974,732.4017487705429,944.3437687903906,1300.9693992239372,2305.7636515180434,911.3046916626096,855.8292850509445,1253.0028239057199,1325.3869935252862,2711.6763902771404,1168.3839946031376,1048.4716279508675,826.6104096,719.5293514483632,2318.357404452993,1105.2156719874022,982.3613651,638.4414405789078,986.3674458210937,1278.4896362545865,527.2745715927908,635.9059519849806,748.2961621670385,853.0695739937281,1809.9185782747943,1657.2316858781103,1095.453248006156,792.8187952936202,720.1149443936919,787.1743956072299,691.2099630705127,1264.3164707659416,782.368847,879.5569446839484,665.1142640572089,518.4830055556623,1121.5273586991884,552.4611197314466,849.9608459403893
FERMENTATION-PWY,15488.08418560735,16819.32084879635,14938.280510691533,14494.78958958849,16697.197406292955,16639.441420169016,14859.234358689308,13552.648364803776,15513.418420332406,15881.207123062663,15825.883096592914,14691.799848010069,15544.59658778786,13459.39968926236,17423.916347634462,14348.117340076238,14129.312287168885,11917.29810608725,14873.023814133683,16747.88274281472,13238.59305561234,16814.35076356008,14587.818917311273,13297.930522006613,19365.832737996345,20646.216123670165,16816.37379858375,13224.41367081793,14631.868862036345,16980.01998112038,11882.83864554306,11487.366154373543,15553.748238824224,17136.64629412857,17295.964131190507,15101.242722322602,15034.62293,16141.314267890399,13602.036103015831,11282.146980836289,13696.516566062583,14831.793766659426,14149.619207633677,14839.965852682471,12414.94027,15271.683053869205,14954.240000007063,14896.188230079946,18169.747094571605
FOLSYN-PWY,17968.949294081045,21454.374669642944,20235.357049580674,17532.37724244862,21273.67352919951,20335.580929007087,17270.751994358572,16404.95220957771,19868.299121607113,20572.071752663833,20701.48051645471,20631.64327772414,20152.086883667616,17352.88942850993,21796.63831159243,18987.82354850043,18071.023984322674,14656.281667837618,19138.441435976187,21524.59197270149,17394.25914652797,21705.45669774054,18869.62171651606,16983.390889392023,24488.39048738356,25782.804457332564,21957.331604018244,16004.17419059367,17760.260970377614,22872.21461199637,16289.118973888817,15296.645648181602,21283.44710206321,22789.573179699757,21941.013185329757,18180.825238673413,18395.093125732517,18409.502353624648,17104.437296105356,15355.894930818182,18012.64993034519,19235.724238408537,17685.126586929546,15975.266402377018,15805.537136998642,19234.941742837265,19450.365861016147,18983.42058384997,23449.998207102497
FUC-RHAMCAT-PWY,3364.1293758348033,2851.647946945799,2953.7769988785676,2653.640976226462,2838.6650235077764,3293.114531245074,3164.9844992594576,2722.174777371448,3156.462899867893,3457.3412099956063,2847.176232763441,3018.519222410857,3194.941878069899,2584.223920921586,2535.3194697589915,2846.884790843977,2831.384364858128,1783.022158812746,2171.9916006215817,2331.3233676354116,2354.2969922090883,3101.1995611721663,2960.625628193682,2961.0744396286077,4005.4297858941836,4504.7033078270115,3472.944581117137,2692.2825423920303,2803.4115351437044,3334.4938507109173,2319.364580745138,2283.8699150245743,3767.1687824358023,2937.6581792395336,3410.100776,2287.733319961857,2960.4306455699366,3063.5263017844427,3268.5665512046107,2183.478327804321,2884.206460745328,2762.417527372666,2891.771864743858,2888.9364961006577,2449.386835789262,2959.591141771692,2783.235160144987,2245.2211708941436,3264.0497004984377
FUCCAT-PWY,2766.5118384473253,2865.2616102843863,2872.7069877143417,2647.8966887026877,2789.0439095664924,3098.7961687809106,2971.854919477444,2622.361911119461,2915.633951560338,3197.788522094937,2779.9851356379427,2681.570826075775,2986.515637019486,2822.6590726678696,3042.1720470890155,2870.1601851151195,2689.1083445726763,1778.4098749147513,2507.8031476766305,2633.422450371597,2650.7444236570614,3117.637954426903,2667.829463340662,2905.2753221884973,3716.318349,4002.755001778276,3339.495297,2746.979635153453,2814.2414065852277,3314.4849107856485,2633.4268235888085,2387.538812633585,3767.201689,3183.1912300664585,3492.4471067515597,2205.2246437878416,2446.8053268943577,3500.389555539147,3098.022418245078,2230.954053999502,2554.2140040868435,2657.222819872369,2804.413962022127,2261.598115044813,2259.9646066831287,2778.8043572124184,2504.737260338476,2395.2558819060714,3139.3631929669723
GALACTARDEG-PWY,1140.7637526804133,966.3969332456022,945.8736148406364,1123.7160224602553,991.7830942350448,1417.993749370212,1274.665072238041,1208.027515503023,1502.467123930856,1165.8540728163161,970.0590528839556,815.5082268945212,1450.0452231993581,1020.1382070709343,808.6002585439401,901.6426691816307,1264.460492761203,762.8187799495458,782.9595215888594,768.1151852031172,912.4090430725195,1547.880835948276,1148.1167102098073,1048.414354,1466.0723503361157,1674.4562409930902,972.1660404689429,1338.4935568294213,1390.0516418692443,1313.572989627131,444.4296551292667,908.2673289763196,1013.3503636912234,986.0263636758467,1122.189808738046,637.6824016,1025.2784163560275,1293.9520397614958,1455.286013502666,717.5306810268361,1327.8624354297858,870.2474624496277,1142.0665015599602,1315.6015709961287,1186.6790733350683,1275.5231135556544,1026.8911170138228,723.0897846470541,1163.888203652681
GALACTITOLCAT-PWY,116.58728390566046,1103.9463514433912,318.7866977822725,301.8064216238198,949.3643275087934,430.2998543990285,692.1483368408234,457.7871476101564,156.6423054742997,530.7250516,486.41160417761654,497.8530548604111,342.61126374761676,618.5279065832035,1464.416696005657,741.5705354943457,754.8874957440227,947.8898890525415,695.7689840566773,123.60366230645631,125.87796008846733,174.7952688248391,418.2229696668034,171.84720281248082,741.0983480102346,419.64569126056705,412.4618004986869,191.61817855860608,587.3285655321698,351.15572950068025,51.89483400488081,181.1956562177924,155.1358922676216,373.08720772339996,805.1041313005592,697.6629052155859,1162.7077323658737,395.6945694192093,208.07799803151806,131.91453353288793,197.08729830506255,575.5158816785565,500.63434412702185,178.89863730257508,163.59489338835374,682.5441023698683,190.6853783412333,1734.7889959026977,156.8289094295493
GALLATE-DEGRADATION-I-PWY,2.647887323943662,0,0,0,0,0,2.647887323943662,7.877862595419847,0,0,0,0,0,0,0,3.916666666666667,0,0,0,0,0,0,0,0,5.288421052631579,2.6559999999999997,0,0,3.459325462,5.2322274881516595,0,0,0,0,0,0,0,0.505869493,1.3286219081272086,0,1.9913043478260872,0,5.273743016759776,2.6425339366515836,0,0,0,0,0
GALLATE-DEGRADATION-II-PWY,2.647887323943662,0,0,0,0,0,2.647887323943662,7.877862595419847,0,0,0,0,0,0,0,4.680497925311204,0,0,0,0,0,0,0,0,5.288421052631579,2.6559999999999997,0,0,7.693326299129517,5.2322274881516595,0,0,0,0,0,0,0,0.6068524313316445,1.593220338983051,0,0,0,6.314381271,0,0,0,0,0,0
GLCMANNANAUT-PWY,2992.9623321439462,2761.1630323914005,2575.7239696075453,2303.9293198079317,3060.2066757130924,2691.4628916864444,2492.921130191015,2793.5018111946115,2595.251767,3019.301612832131,2545.602117384798,2600.0153157631344,2696.204575354303,2446.750479349116,2982.1126378457175,2473.0398536906905,2457.5624627491366,1964.174629571292,2449.589574,2395.9688232188964,2621.1956022666504,3289.9093941294595,2765.919533232562,2580.1884930909478,3073.399604480837,4048.9065503648208,3497.9196870691712,2325.3400368902576,2548.7418204633796,3019.681893391294,1940.6461206184404,2021.8620185630984,2696.100116032257,2195.6336149655244,2995.338847187546,1786.5190017916095,3141.644329590898,2490.607280165647,2843.0143638401737,1903.7823803889987,2205.1330057475434,2371.1500886680938,2149.675798438919,2340.75277,2312.449137456809,2803.5402757991437,2391.9376878193884,2356.586373475375,2687.4898723010847
GLUCARDEG-PWY,272.51223611737356,164.7329182791137,295.57487537305815,310.8234812341908,225.30048961854666,273.1795692746278,255.93070537555084,208.1800917604052,268.0935836161696,281.67505722678294,289.36269345767755,218.37976152428055,391.64476579309024,299.16102105659115,182.89552005453422,140.26069746416258,188.8875672760599,131.69601456139344,166.3250484,125.00989685529194,175.5215513793373,325.9745646341679,173.8911020878558,242.6555476811523,357.0904131497444,371.7170724348319,151.32690195328803,343.87413134843024,248.88937988409737,230.10200241737508,94.74236333,196.41185271034513,176.11383709383293,146.31456402390077,203.75383757824022,111.37028081630689,306.65654719870565,284.8221462885094,451.54797754524276,86.4737881,337.4207281,164.85400530726696,299.26989163454095,271.4276394708575,258.6686442,344.5500207661228,195.56756497455075,139.24662204733661,222.6183046
GLUCARGALACTSUPER-PWY,1140.7637526804133,966.3969332456022,945.8736148406364,1123.7160224602553,991.7830942350448,1417.993749370212,1274.665072238041,1208.027515503023,1502.467123930856,1165.8540728163161,970.0590528839556,815.5082268945212,1450.0452231993581,1020.1382070709343,808.6002585439401,901.6426691816307,1264.460492761203,762.8187799495458,782.9595215888594,768.1151852031172,912.4090430725195,1547.880835948276,1148.1167102098073,1048.414354,1466.0723503361157,1674.4562409930902,972.1660404689429,1338.4935568294213,1390.0516418692443,1313.572989627131,444.4296551292667,908.2673289763196,1013.3503636912234,986.0263636758467,1122.189808738046,637.6824016,1025.2784163560275,1293.9520397614958,1455.286013502666,717.5306810268361,1327.8624354297858,870.2474624496277,1142.0665015599602,1315.6015709961287,1186.6790733350683,1275.5231135556544,1026.8911170138228,723.0897846470541,1163.888203652681
GLUCONEO-PWY,22832.118718454807,25109.224486593143,23635.56460629653,20752.354349222187,23972.24297151865,24665.880001986283,20850.200694725943,19595.38962157153,23614.952470044926,24960.88455276791,23943.424941424353,24209.494463025672,23983.672313006722,20297.283258302454,23643.281813847807,22533.988745619252,21314.635522821074,16202.31777597644,22301.77580480343,23698.325501036554,19735.989542510604,25989.24997070152,22119.865591956783,20920.400101800686,28219.53811131881,31611.388906393742,25927.07055901143,19473.93884787556,21278.83681923004,26919.095767046976,18869.45415,18141.85013773387,24986.12263973243,27937.29918,25477.176729272727,21118.42717113506,21178.78053257432,22817.52666112549,20768.12301190701,18422.024476624596,21845.917948365473,22770.055340954506,21665.661295431975,19921.596984543503,19209.71338866226,23333.677472099887,22835.28181773296,20884.712274643734,27922.64601909112
GLUCOSE1PMETAB-PWY,29306.12,29370.399999999998,27696.93,24846.35,27825.61,28146.090000000004,24848.65,22770.42,29685.909999999996,28561.760000000002,27831.53,28048.64,27702.26,24076.67,27586.74,25869.03,24119.54,19374.31,25922.649999999998,28208.27,24041.27,31276.860000000004,26655.76,25196.94,33583.83,36709.8,30996.070000000003,23604.97,24920.36,32319.149999999994,23123.08,21285.63,29997.57,31715.139999999996,28633.1,24533.43,25219.669999999995,26807.38,25853.11,21409.58,24925.2,26399.75,25512.61,25485.43,23194.29,27963.67,26848.48,24015.33,33680.509999999995
GLUDEG-I-PWY,524.2501375806817,630.1119412922017,440.3416481829966,276.0430759,386.1612710553373,424.67195803397965,577.3079397629048,590.9167350216138,333.6290265127547,569.8836192027535,285.93270091682433,434.80792026382386,216.06022735987486,468.36029907151215,681.5039656684876,415.59874503939926,450.08941456993927,156.38934505758496,191.54835879193837,258.96639012131465,378.6681359929754,310.05779456553364,618.6445089785217,214.5319566863779,458.52069439447604,1010.5149849004066,837.7156975,622.8564574396978,513.5168805277852,571.7243879176585,219.08728034112787,366.7909539457626,299.13029264418935,407.2085286253565,324.4634540004442,671.7871001425996,505.2015265586264,535.4516798296814,442.9969292866814,433.9165093603518,398.5481726154079,655.8991666077251,464.55909373166315,810.7831714920973,389.0664209685913,382.38229402266046,372.6298710584737,140.72211463178192,718.7402489
GLUTORN-PWY,16346.77064844465,15635.188308502546,14248.368389738433,13886.377423628708,15532.855585230014,15176.110460158981,14724.254226082136,12736.667482025008,15279.45770098852,16089.707096954098,14377.322007376324,14118.130347343753,15979.520419564684,13031.905632739388,17148.590986297295,13883.439567863066,13926.234258745604,12270.498535577388,14858.326989080426,14961.235488191565,12918.114088059277,14708.860455407706,13639.338012100885,13831.518429180047,18523.570422829493,19967.16069,16327.098488672735,11618.490327030804,13747.984294690583,16511.21486,11479.108748654946,10592.284116593517,14924.039668720392,17050.19507844596,16169.452280324262,12856.071312721082,14589.550932237438,14812.731951280017,14088.303536938283,10512.400311867244,13881.435313270527,13309.21665188984,13066.650534103384,13415.505382552887,11760.21254489675,15320.958635573199,13367.229188173833,15458.25915546969,15412.376588845058
GLYCOCAT-PWY,20.989064644555647,194.1805229401921,4.4995454633142975,274.04460736285546,157.92141487072817,987.2822372154119,981.6599445531169,177.42491232732198,171.84685407531524,161.4355175,496.2971124870675,336.4786161106708,232.81251855674128,158.33065243651782,179.2428178855838,244.0386891445217,125.60431458057535,83.75743807063787,44.951856819397726,124.4424700647295,203.36125582543903,118.69182424819616,444.44510727840697,61.40319823487455,281.9730807528891,65.20857158340466,139.1000072660446,8.997784656877824,267.4271016743283,38.969654562698175,68.86983556303102,167.16105533389648,110.74315938539617,2.999829020311399,1.4999527818058613,0,207.3894625812282,1.1399696130732297,46.44495554873971,23.98346838,11.996483047575005,0,0,10.497049851321131,163.74224530975235,382.1829874311776,8.008497162591503,2.9997542896924623,5.999317184768424
GLYCOGENSYNTH-PWY,25282.027662486722,26492.467244756965,25519.83204530026,22208.15466753025,25520.33516028022,25574.906808696684,21994.35408021271,20719.21354407113,25898.12192050158,26494.384594270065,25425.068964320024,26004.782571987995,25354.969105225497,21725.088643943054,24998.160402618436,23481.07823344472,21891.464601215528,17100.716070104292,23818.00653127106,25931.484627544487,21746.383568313206,28391.186089312767,24171.655706598696,22779.710163426502,30541.677832780853,33089.33042,27977.405595920096,21052.48170722179,22401.969427715914,29610.160010199048,20876.17554456216,19369.918521300948,27560.09557363841,29508.606399238106,26711.895979629982,22450.353809955846,22954.051645811804,23859.61713811919,23965.67945970503,19753.554418094456,22840.052621943294,24269.015909788373,22948.242090626904,22080.625851043693,20609.00613247072,24761.123331279076,24448.29887,21297.246467562873,30769.82940494661
GLYCOL-GLYOXDEG-PWY,60.65075231257234,62.52565574416995,44.91292128071671,107.94911734685337,80.94041740099404,93.97312419963622,88.29042491143589,120.57930094917711,54.631029185195636,87.88500174,100.28895316335331,49.49248404114132,89.22719601619829,5.943024443323688,65.71991023622056,75.68173077198482,81.52298654493849,62.96362219674122,15.01100495849335,53.066564106306345,89.77724952369236,110.42889669051486,54.723234539174555,64.71872940247204,139.45356380557288,153.3777651848141,77.98120603053235,51.088156484668204,66.40824059,96.31913508,34.73308237283967,65.84134236558909,74.33131466,21.090978475287073,73.99445058637359,69.17732490992175,86.00197485161287,71.63696554,131.0504571,56.293852325063135,10.418764681909478,107.63073643892801,63.88411021478932,81.77411086427396,91.31671025391302,66.19238214,89.84873515,51.257842722654445,98.86622517362002
GLYCOLYSIS,23424.892252394988,22633.295276226567,20942.882207135477,19576.462733132714,20897.560842190876,22584.071329726532,20009.085844054865,18274.20722508171,22328.811744417726,22982.30549920389,21362.239971297415,20757.02614024851,21627.570240048677,18343.87529936839,20894.764867580736,20191.77950606561,18756.034236565272,14814.579857427232,19788.483557044514,20544.612015002356,18127.590335679033,24413.245669356642,20763.13155794938,20431.556648833088,26393.57513246051,29991.05210346189,23814.30820386197,18340.356806911394,19932.64329477082,24487.62263679711,16628.732487033507,16354.913758734128,22968.406342349277,25259.59453512828,22521.858279909353,18852.364372828823,19425.747061691036,22236.525492761786,20981.058038316667,16453.21675883998,20188.004247207646,20878.36239019146,20858.251080087113,20434.931645672157,18120.138508922857,21906.167341333123,20813.557393896015,18488.47420068616,26341.200885221864
GLYCOLYSIS-E-D,38.65664015403253,1585.2732452395874,140.31923977439664,227.52511009052876,1658.5770498011698,96.40043559099662,403.2763432,205.31575130856262,64.27438551069709,251.89116757558014,339.3091184253666,152.99860422393274,146.73702645739374,579.7131541255688,3677.6187671441116,858.2091448215886,1045.283914712632,2549.062379243257,1228.3968895130504,566.3996127929915,1287.7351355796452,51.62196134822461,287.49385887017115,89.69508919890694,1400.9456276666733,220.86743067961729,282.448473,25.88115920238897,465.3837386709952,190.7269880667435,194.12021137919834,83.17645489128668,280.9694778016311,146.35911335385293,924.9310591,1190.1733730799845,1957.0243917955813,129.87462736458664,70.48465021796773,57.920064051882555,0,844.1069050211548,379.95778472959876,0,45.12477663451284,515.6036662689845,70.83462554268974,3940.8186875025212,25.89886879264717
GLYOXYLATE-BYPASS,130.17634251893924,53.63327287822483,54.23178508390602,67.48072484100302,110.3601374,70.02647684009081,59.0210345,110.31405338163174,170.32498826517246,86.51172185,62.40017352,47.62943316115117,134.6683631652374,100.65795341963398,125.72932708312996,41.863686061441214,83.74992015169921,55.36886961972257,0,54.230866461811836,63.45110018788895,56.923883560996934,64.92442255,63.629270608991675,123.1527306270001,130.12690378321952,53.17205096147055,83.84635069843364,61.44649252845378,88.79735874116437,62.729464702217236,84.81902383,82.25611342657625,60.375183183899715,80.94364073253239,71.39690535618044,29.50121074229489,65.29251405403815,102.22061538777957,20.990364707825606,55.01800864316313,69.74943766134733,64.73774182,162.98555299424928,70.19192483278971,48.79056864,94.69380650007415,21.22180597490805,85.79763845001226
GOLPDLCAT-PWY,326.2872908830584,699.2246946311842,239.49299571828888,330.44099464534185,642.6369934405549,388.0335243462198,440.38382860677257,301.4812985895247,229.56237073476063,327.41189783997294,265.7409217554133,454.9624680149365,390.9140313468815,393.8048410776973,869.907535,486.98311945583913,523.4018861014468,672.1035206284688,512.8485909912704,166.1893966820447,281.1728945771933,273.67362120278676,252.22550114252178,198.31750156991575,447.18885721677725,318.34987299985704,272.41813283238133,141.14619490713983,411.82359723195395,288.5510816356988,144.91627104055328,224.83532642744285,203.08301822979246,256.9077795452838,637.7325072014827,547.4090630651721,715.5329112256458,295.48682698939837,361.70445800464296,157.04898413445557,182.0903027410361,429.5644103992012,305.76216577589946,153.2833137687592,310.3652091390205,481.37452377567996,171.52666437777702,818.8399753865651,156.74591896601697
HCAMHPDEG-PWY,0,0,1.5,0,0,0,0,0,0,3.75,1.7021103896103897,0,0,1,0,0,0,0,0,0,0,0,0,0,0,0,0,0,1.053191489361702,0,0,0,0,1,0,0,0,0.5332881355932203,0,0,0,0,0,1.2857142857142858,0,0,0,1,0
HEME-BIOSYNTHESIS-II,792.2831531606207,1962.5035812016517,967.6739424995143,1101.3164502700654,2213.682258104816,856.9521435066896,929.7879872273259,1232.479334703696,909.7529603102086,957.6389832700545,1685.453538434173,1052.0932301250177,995.0440849794633,1509.9858398132396,2579.4192451267254,1323.1124336112634,1317.3269716806356,1881.8109865368272,1646.0443599229961,2096.7404531922707,1175.106307919718,1190.5746659970544,935.6366820978348,805.3450455484289,2382.8694864699924,1074.5295283290802,922.4636953279361,675.4653198883335,1182.0805584940501,1288.9789372006203,561.3912322144906,778.8824928788331,738.6921931129209,1084.9949531451784,2145.7936067751125,1678.544249225528,1836.5449159755487,986.3614558940915,747.7563358906908,761.3607934610197,717.6427113884167,1473.948604895048,925.5931131472078,885.4210160642912,750.6954834344824,889.0914453835406,1158.4032766433825,1726.8209874124238,780.7795711463009
HEME-BIOSYNTHESIS-II-1,701.1713525283853,1928.7573131830902,841.4703077737223,949.4722597213262,2389.7643284475203,696.5589334319948,807.4804959271266,1097.1247640631207,712.4546669529917,816.2122547,1557.9197607249394,896.5310049882795,704.7588858323502,1409.4396496171323,3681.2134230144825,1048.2393785249571,1165.918755408398,2192.564334861318,1517.9346821083482,2569.1208037386614,1072.0880640971725,767.4275555362026,766.9888312509981,654.8943001501603,2204.5600351204275,964.2169957965475,825.0106647644463,650.3834481525084,1057.271538857555,1144.939610205924,435.7077120552424,615.9508777059401,561.3202740373191,842.1011152,1908.234884916056,2042.545857685969,1775.8246448377895,848.4704103947229,531.7680222861746,667.1914319928659,586.3656068535109,1317.9570576477763,816.0430473639215,914.9865106,614.4689591259643,732.9732222179827,1031.1928294553015,2365.547138286669,728.2238120658927
HEMESYN2-PWY,701.1713525283853,1928.7573131830902,841.4703077737223,949.4722597213262,2389.7643284475203,696.5589334319948,807.4804959271266,1097.1247640631207,712.4546669529917,816.2122547,1557.9197607249394,896.5310049882795,704.7588858323502,1409.4396496171323,3681.2134230144825,1048.2393785249571,1165.918755408398,2192.564334861318,1517.9346821083482,2569.1208037386614,1072.0880640971725,767.4275555362026,766.9888312509981,654.8943001501603,2204.5600351204275,964.2169957965475,825.0106647644463,650.3834481525084,1057.271538857555,1144.939610205924,435.7077120552424,615.9508777059401,561.3202740373191,842.1011152,1908.234884916056,2042.545857685969,1775.8246448377895,848.4704103947229,531.7680222861746,667.1914319928659,586.3656068535109,1317.9570576477763,816.0430473639215,914.9865106,614.4689591259643,732.9732222179827,1031.1928294553015,2365.547138286669,728.2238120658927
HEXITOLDEGSUPER-PWY,351.76792574189415,1690.8013661808511,487.7519876822713,532.6407806510656,1436.4539997085935,622.8950586874425,845.4465623742982,483.4972366,470.5276635157384,452.2704902471142,747.3945016825719,640.1763627518119,463.38787805295595,906.1061831467769,2662.837728454697,1063.6561269902074,1116.722114464703,1562.3224066915852,942.3419508284583,353.5283609,370.51682491031914,500.64095205385706,576.9866649752898,493.39117192883526,1078.4743806713927,867.5020277531834,896.5044691,552.7279033,762.6580315782492,810.7964036019558,162.49943623018743,473.47717501816066,445.5989490679268,673.5612036387284,1104.1198588121356,1059.389530804235,1528.3159412527073,602.8663583695775,533.6228233207113,377.90698192221464,463.82370173849927,799.7635685305765,762.7861779433182,458.7055324747077,378.3049495624572,801.6273770548821,403.93660837540426,3332.5347407851364,492.91835575437017
HISDEG-PWY,5650.436164504139,3400.893315612135,4168.115086844923,3552.9395416668867,3088.862533860296,3105.735649018445,3079.4979162270283,2447.9604575290646,4942.275839188591,3039.0143617993367,4689.366032699474,4725.449237604964,3521.8360711643413,3656.3953804847883,3078.677089,4158.682186,2814.3074975311333,2124.798412056774,2353.3580078125005,4406.381401143345,3815.8019384711556,4269.129048945597,4112.878002267751,2897.0489051765176,3630.1259699280154,3661.9671719097505,4516.343062487468,3173.7632796392772,2693.6947491248543,4573.489111868278,4163.303356924727,3457.7805141112267,4307.096651063321,3311.670007411774,2044.4435159720754,1818.9007461384929,2097.145284115277,2726.915182363366,3509.854412337512,2680.9941469941514,2861.8271971888557,3179.274163633697,2759.3418672477133,3382.195537376935,3263.823555655024,3274.983536624325,3795.9052101153666,1698.0523260395428,5236.300281583497
HISTSYN-PWY,18248.54899159879,19627.96695092914,17501.08425688128,16865.74222,18822.71978661277,19599.955143868876,17122.061354250774,16285.388139631625,17170.13728220827,20535.23678374299,18284.86235,17865.345412135768,19137.11740190305,15572.986018902395,19802.274296247262,17569.190641752648,17039.49999505326,13565.213103076512,17840.610852389076,18316.66134783012,15541.271034496445,18990.228354020062,17200.511183121696,16959.355074824198,22685.70672955962,26401.731513975756,20666.873458342394,14134.288459882076,17203.872516186017,20428.743158056343,13806.313548583259,13558.147092733741,18099.240525442565,21307.727659868535,20242.60081950054,15988.05155533613,17454.359789829727,18537.953833414686,17242.155687241753,13835.842392123379,17461.130005104325,17516.077993048115,17042.91656621549,15248.970954178185,14406.338979730981,18144.168079063806,17467.49246671013,17591.941175880038,20451.43048723417
HOMOSER-METSYN-PWY,4615.304799791533,5650.598966749171,3610.2276481822605,3860.764339289137,5864.423331944359,4247.212214,4562.592189537069,4144.614008919947,4295.6517283060975,4385.589324200049,4619.540618693606,3706.8590179055914,3991.8561760134544,4455.961880927361,7629.863628,4211.249161103907,4086.3995050318367,5042.179030470702,4296.1804059543365,6593.958460275073,4044.463216822735,3731.1059523083973,3794.499976372374,3239.9853764709987,6477.976916192901,4606.969695654191,4590.825420090623,3450.775931023864,4160.048193925637,5002.841148306566,2855.958767178056,2867.748619639778,3409.694154959589,3838.8520156574805,5378.563650367848,5067.789504048011,5302.479916288157,3936.0583911116737,3046.6047201699544,2942.1358140855928,3349.3780495732526,4058.565115841048,3262.0722071626706,4046.831304473261,2860.6942852805846,3842.719783,3945.9403671339905,5383.392026524334,4118.445353091063
HSERMETANA-PWY,13065.573554591847,7639.323374887236,8063.578197959083,5880.384928042857,8193.032606485389,6870.776441471981,7505.152951654536,6941.007588133913,11151.397101390347,9831.829116768537,6903.128197477364,7572.194177732456,8701.886424986778,9298.163151033172,10250.688989649658,7784.429586682623,5380.994972584257,6944.635518824517,6130.437246885496,9139.351319746236,7661.402831688156,6984.664621178829,6430.45286,5315.794922438236,8442.995861903963,9206.240070610358,8660.105925961225,9351.358844449904,7653.155005513076,9164.399315531224,7360.035882,6150.701591252139,7085.5079965757195,6801.988875380078,7398.387831568519,7159.1013722260095,6665.366544489958,5981.714503348191,5515.032703468973,5411.536910691082,6906.047109568803,5569.93267,5054.609350737263,9166.285053060636,6664.620031229663,6607.164713156034,5705.141565,7516.601724,7536.205206243592
ILEUSYN-PWY,23947.21726171548,24784.56787635337,22209.260702146792,21159.347040189234,23963.957347011474,24411.547571744806,21340.01918544349,19967.543836734498,22681.173037764678,25122.829499281353,22955.76710957614,22294.233172634173,24243.818689815063,19923.552096004136,24337.29802851694,21922.007722166494,21172.816301113526,17043.42513140331,22548.51840646495,23243.39987806462,19790.529068288994,24808.757152552826,22055.64927513741,21406.013563162418,28891.745037429635,32707.848299492114,25554.913588147832,18463.20824285569,21877.62418897153,25549.982870250467,17832.725954724705,17294.680293588346,23381.438420861337,27183.690953333204,25261.425879835933,20067.83991,21812.904676478942,23142.574886568447,22253.268089768873,17553.926718828763,21901.0874,22437.359703352187,21333.99212111851,19849.570801323258,18885.463490925187,23305.735600670698,22492.13273,21664.170463802377,26587.997752492498
KDO-NAGLIPASYN-PWY,562.0510114306672,5476.174729616823,2849.4546833512386,4253.684147064066,8234.421826,1854.7818641883496,2053.452867399781,2905.2449935983086,1200.610534,1850.5210163138222,5984.679384038681,2181.178001277754,2507.3150228242066,4017.9863748412718,8398.000230948106,1772.526665190556,2542.836218921603,4970.824097139224,5285.171891643428,10209.494054904155,5348.671253,2090.1101746980426,1274.1659669229643,1905.117227200712,7450.632689185509,1745.6970072617614,2424.2801856314895,942.3954243511638,2855.8673298868016,3607.1576876379504,1392.0034041307886,1025.654020755129,1572.7579175766912,1616.9814654350832,6575.309999099324,5398.289755242128,4386.485067358346,2242.0610937441893,888.6376894097938,1527.346252491912,1091.9939393151235,2935.6326524656492,1885.8492196088105,820.7486591058698,918.1653224566498,555.2925215121506,4006.8721253826366,2140.1972034469245,1454.2842664121943
KETOGLUCONMET-PWY,29.929577464788736,0,5.905511811023622,1.7936383271156489,0,0,42.48870496592016,63.5988054,24.01641586867305,29.058737151248167,1.6548556920434603,0,16.16110305,31.27750124,15.939679547596608,19.527466036621384,0.7994357753680683,0.5998914551046252,7.960432766615147,21.399393070892692,0,9.738219895287958,39.89872302950243,0,19.93403728327467,57.98887806340403,9.280350004721287,36.872093023255815,34.19246861924686,0,27.00499168053245,0,0.7981545559400232,3.9701770736253494,23.670857142857145,0,0,28.42937419287285,16.335981308411217,20.317135549872123,3.5598264104153747,21.657344197313368,11.70124481327801,37.18333333333334,0,22.111981654882477,22.5911359,0,3.917525773195876
LACTOSECAT-PWY,100.48658024961598,133.17738369108307,94.54031719709063,85.07912726114589,64.66511507,76.26914309038857,70.61358854730244,54.962348379115845,94.13526084263808,70.59320402801859,78.35454886365467,62.29839545868126,38.446214833701674,51.764969304042054,42.74095690839723,53.852405851100684,23.86705897763695,49.97634171912786,55.711795619665764,67.39446627898401,80.15154283530786,65.03491487,66.46159752620576,53.38218295586407,52.18034059681234,79.58923334408662,75.52837099819475,104.0037599353684,75.663553,76.17798288152163,36.99817321437032,37.80167325691654,50.617157904776235,76.85716517398396,67.61808214717581,60.95370042527731,106.34599116774545,74.46302531913533,87.23599313020165,68.65434221804877,69.51379128437078,72.61454676582235,68.82714151,97.33822966282189,53.529917022109316,109.9932808806954,50.48829333926059,15.921758645260399,81.08427622728954
LIPASYN-PWY,152.32999999999998,929.58,692.1700000000001,871.0799999999999,1698.2499999999998,702,787.46,630.21,146,791.4200000000002,1510,599.79,637,771.75,1641.5,587.75,610.4200000000001,822.5799999999999,885.92,2155.75,740.29,292.75,230,296.67,1232.33,303.13,243.42,146.25,561.3299999999999,613.8299999999999,161.75,161.07999999999998,169.32999999999998,238.25,978.25,850.4199999999998,597.5799999999999,316.38,96.20000000000002,215.67,161.57999999999998,459.5,268,55.17,267.25,273.25,536.0799999999999,300,231.25
M-CRESOL-DEGRADATION-PWY,0,0,0,0,0,0,0,0,0,0,0,0,0,0,0,0,0,0,0,0,0,0,0,0,0,0,0,0,0,0,0,0,0,0,0,0,0,0,2.076923076923077,0,0,0,0,0,0,0,0,0,0
MET-SAM-PWY,6637.526642499628,8058.963478,5257.531431134519,5515.606183233179,8402.993716921768,6161.571904693464,6508.438951382326,5817.9568058084515,6441.803463256957,6372.069153935861,6645.067823722246,5433.579381,5804.677570328336,6420.656992641281,10658.956544187977,6080.238572659533,5857.341643528712,7070.205720107662,6207.439907794084,9371.740061159751,5941.524511896734,5438.185811181745,5366.308600760396,4663.186503,9151.287796650817,6498.2650019987705,6480.9201190584035,4934.011897359565,5947.477176341199,7187.923475263242,4166.190044162711,4131.754526120611,4939.715170133691,5597.058745,7732.568443552187,7191.487572082853,7394.8000090498945,5610.072407239417,4313.3074134545495,4178.873201195924,4816.264376931037,5727.720241204035,4662.355735061766,5634.690745042192,4113.644737725611,5525.834907198385,5679.176658134044,7681.868025415167,5781.254323642776
METH-ACETATE-PWY,1205.7698242863696,875.5001610920372,724.2579211187956,741.8988827779336,586.2770492195508,1383.9226781915602,931.5735180315578,820.2657960306185,707.9971470552828,775.6068678424338,993.3087719975257,810.7679261805431,777.0846447177362,609.1757326,455.96814867945614,851.2615494,610.0492167389804,336.88944973799806,511.79437719491875,849.8178392006789,594.5192358993501,797.1695423,1131.6456297068578,942.7130785792327,1120.3096500575432,1245.2961267623728,1095.4481820124768,645.0921764723684,915.3308751993618,1060.594120455283,536.1809982940425,665.7652172513752,840.8619008720666,869.7315091631535,679.6609052,596.6128299,989.8218701474239,759.6979948761525,1143.0961993337842,407.3190216584593,603.2813553967628,1025.0584557297939,608.4624631640951,862.5554236599187,626.5147365559665,833.0551731302984,876.5760459281782,685.9495257447223,1519.0593144840198
METHANOGENESIS-PWY,1981.7585745190236,680.4361445037844,439.3005125,349.29279605175066,394.3758437,581.8015814262767,563.0937432923438,673.7147743817435,1205.8118590451018,758.2697840516072,484.04891814979885,401.2764606565718,467.69794362293584,936.5687992879523,491.5254320666052,608.6439660424644,356.06270548866513,297.6952910250142,280.1933582654271,389.6962671488662,609.9287794149576,576.6079805083202,574.9518193,508.3398754,468.62097885453767,789.9291830186006,735.3440564065456,1186.3813867239073,726.2124381442261,798.2423095537979,400.93107678139717,501.34767543412664,423.1682044000343,549.2371343422378,499.8041651389689,798.1129683047916,416.9499811323258,536.0351171154216,505.0698981315475,499.6718482532954,667.0962796683285,482.70897026141887,599.3112367536221,1367.042586661816,719.0428804316492,644.1581290959346,528.4740865750168,399.5790748,693.2282154155289
METHGLYUT-PWY,10.455802557061856,378.09563530787443,40.423319596689396,5.965528938247558,297.9014760587974,4.980215393,169.73769056449942,71.51265203528753,53.67887690248142,101.34722429816023,55.914421190367634,22.62840404750723,4.482466244,162.3006231570602,520.7855176850791,205.70039646061196,260.89615179225865,278.2317371905612,195.38625855173328,2.9905860373834803,19.626371098731635,34.160874936130305,72.72679752341084,3.2394201339715365,201.22116377503644,115.16591628355893,121.29075326883783,9.449019626091307,154.64827597401958,60.34711419439228,13.534165766509167,31.488828177405317,3.2379882969926883,61.41465812,242.12705532868983,279.4892278,377.2101640366481,66.22726932720913,59.20847293881316,2.4936535396801798,12.731610763870835,154.62197313385434,134.31333991215214,52.81780078182149,15.86591645755978,188.42040795010982,13.514305450970179,481.17866882865997,19.683439225754054
METHYLGALLATE-DEGRADATION-PWY,0,0,0,0,0,0,0,7.413793103448276,0,0,0,0,0,0,0,0,0,0,0,0,0,0,0,0,0,0,0,0,1.5046819136257876,0,0,0,0,0,0,0,0,0,0,0,0,0,0,0,0,0,0,0,0
METSYN-PWY,7085.818441048588,8575.657970982269,5713.343923908075,5998.360413250839,8832.100333,6637.3071244633265,6950.606164817566,6342.158079910067,6687.624981861261,6850.278304609883,7139.246024572288,5859.590482655373,6278.990007916302,6795.0800931183885,11103.722721723723,6528.677486827534,6328.765798656243,7368.1650862900815,6655.731491914941,9767.075009918952,6225.072847640647,5920.703716293764,5932.225054,5120.507066,9826.169737446859,7326.011578809502,7163.5844475876365,5366.667988513145,6427.8939018778165,7764.147460408051,4531.449739086189,4518.285321768308,5440.346601760161,6127.856860110831,8232.956073502035,7620.210592487708,7970.763047738929,6151.950581811882,4843.151403900694,4626.953197604926,5297.082416095912,6317.684188793428,5153.913263204766,6202.934218467326,4527.517610326725,6025.150245224386,6165.524207164991,8080.453607776533,6531.520619155299
NAD-BIOSYNTHESIS-II,63.39827291915535,1807.5373215883487,293.8617179954719,144.4455335688377,1734.6870442758936,174.12333345365306,602.3878651207245,353.08072200408367,111.6188380062564,545.2125828818395,286.20983057684754,691.6323027,99.84273524905939,738.3788671444263,4408.804801976766,1029.7342843509493,1374.9304460328597,3217.062079342169,1298.1379330402433,90.18155724799045,66.88626447216627,129.88097914971019,347.0635162290712,145.13183621238852,1011.3380112263632,288.7654954118522,401.6073418662515,118.70131232708677,761.8198939494475,369.97016446615817,61.822408311836654,75.74927976,81.08438418213944,388.8554212804463,1446.2787106899477,1648.6514400727744,2445.9512205209994,481.7492819739734,78.59026410675614,10.71932286,110.89008578395377,970.3759717674646,579.4151566020729,45.625679910368824,69.37196317103482,1114.340950635612,179.21576860065005,5353.356615344246,48.41225573880372
NADSYN-PWY,32.820452472689794,0,21.050229338287256,46.14651315634261,38.105644525082745,11.01936367647649,0,0,94.65206443,0,42.80953638,15.817997115707874,75.20273817202803,49.16542354836397,109.35358867429193,17.766459401785163,23.979532938619375,18.548506237246027,0,0,16.923304798990404,0,0,18.35682323671535,34.820240274309896,27.474964167735678,0,21.61200701618983,42.50080802401135,6.838854567440432,0,63.182362260400595,16.157659976171818,5.285465038891176,0,0,0,0,6.227505604790856,7.939559983,0,10.628408002895513,23.363393074289487,134.7841361493881,48.62866213,7.409086185955414,89.01833666,0,26.800312549239784
NAGLIPASYN-PWY,12901.209067796024,19192.515506285705,18012.54349824026,14541.54083309767,19516.036293305344,17106.125507630884,13547.523929903835,13723.185189479276,16917.918382858985,17875.06815066332,18061.719609592463,19511.327924824658,17539.880447017644,15408.266848686857,19530.01264567058,16980.84215,16194.11978,12814.664432051448,17706.437215381677,19027.87675,15197.81120194642,19063.691714275494,15809.640564554826,13875.003848872208,19959.158780560534,21263.844241218976,18409.733900022806,13719.672390678383,14933.44966610916,19978.527190091194,14882.34188840196,13635.795700152967,18764.865893892318,21130.317876164172,19880.193677000254,16297.853191716127,15547.098248379523,14486.63458588427,12823.82787,14198.999036014222,15843.14792534227,17039.45727747684,15138.260416693474,11829.059058601668,13684.41316788356,16585.88663922508,16899.393211934457,17245.555905774316,19781.803038724574
NONMEVIPP-PWY,24305.290236159723,27275.66682935499,26032.303127598596,22502.30015130632,26143.214868578285,26253.461892573025,22367.265924460196,20681.40371245027,26583.132585974974,26499.430435186274,26284.16666788654,26906.62307,25683.41707434035,22221.564838574053,26034.403259943218,24312.504624125788,22677.25150860949,17828.097876996086,24203.259724696538,26179.61655,21747.839991510602,28695.77314517446,24577.171102259632,22913.42811359821,30963.28131005441,33171.97532524438,28071.997232339658,21065.712863686622,22733.60541374103,29712.564743595714,21055.729440551426,19919.821420267162,27974.028538437586,30240.802131837925,27401.709607447938,22752.422760748774,22985.53624393423,23966.77925126896,23011.985674870444,20130.673137591457,23321.95745702906,24803.45492561045,23357.84731384058,21657.374397268108,20991.421978248774,25340.77288735659,24797.042736925916,23158.71102765203,30802.925495061423
NONOXIPENT-PWY,31591.096420112677,31760.269446564773,30923.56311599782,26972.27011504696,30027.93751109489,30833.188480835728,27386.9112,24724.93053020092,32693.43137280214,31103.29581781956,31002.29275862147,30909.67795185809,30745.10395203099,26484.864030976638,30160.620057560773,28758.04153859442,26319.466973218226,20775.025514635265,27516.50828400024,30372.491101698968,25921.038081770115,35076.09885464108,29603.78935,27762.548712166295,36534.8441,39846.33325498815,33736.39925500557,26193.401836984962,27147.903747843822,35111.41217693163,25476.520964601696,23513.113999848032,32983.06814848167,34577.20132802499,31401.627493693948,26550.515235559076,27109.14935073386,29171.778312790062,28661.95718121426,23497.801112385598,27399.423149351216,29140.84320605219,27779.525061271448,28496.027310226968,25518.55585,30333.467076248442,29525.03516348956,25658.549777521115,37689.56308297036
OANTIGEN-PWY,17015.51917939343,16923.715350447772,15399.345116346012,14333.98601852344,15790.984486462434,16369.348937236833,14799.739002313154,13637.922070678824,16360.745240530045,16776.08228929014,15785.050777725066,14989.235602654007,15723.846346590395,13911.086098757616,16608.164658468995,14797.972872896415,13384.018220925285,11368.361982955554,14786.066852706466,16227.612120510898,13794.121841147646,17765.496053454215,15259.816184500454,15094.818207319497,19898.40267111443,21510.80866113271,17628.969509889692,13213.77885288313,14480.54219546556,18583.07491365747,12471.360438315154,11909.043146391485,16568.14205583916,18001.88558827685,17237.82142369538,14362.02875834522,14900.585775261345,16120.717636404632,15432.178257465195,11983.89572406029,14410.044279798192,15140.800660336788,15012.53311681128,14576.506053700943,13108.006365341163,15847.036483379152,15170.480474700727,13892.412156320643,18707.97146027576
ORNARGDEG-PWY,0,0,0,0,0,0,0,0,0,0,0,0,0,0,0,0,0,0,0,0,0,0,0,0,0,45.008953285683624,0,0,2.619275913,0,0,0,0,0,0,0,0,1.32850881,0,0,0,0,0,0,0,0,0,0,6.9666350787519935
ORNDEG-PWY,0,0,0,0,0,0,1.4159358245656468,5.453622275464057,0,9.812558575445173,1.6546464096984768,0.5795059915413534,0,0,0,0,0,0,0,0,0.5796518823602458,0,0,0,19.22666557988497,46.70818156317536,0,0,2.9671134782116395,0,0,0,0,0,0,0,0,1.514190719801538,0,0,0,0,0,0,0,0,0,0,7.644905646970796
P101-PWY,7.476414209762818,27.726491796560218,15.192835784666098,6.753363761001028,10.639926305281517,10.25421190421786,25.06684534206674,20.815240124521324,30.121297425091218,29.032549274530485,13.003760636531442,2.1450397855369094,34.67310633465573,3.916008697828604,13.029231406857852,0,11.018369713337675,14.043065450144102,11.614927231433562,23.399964567429215,57.70136603263987,2.4965846724734586,35.02680643086006,13.698178072012302,42.27621657306454,45.38267339629583,1.7737704547871618,9.567125991,27.69322819,3.564568117,20.917611894577913,12.332313112218898,21.614607957579302,9.226045700997947,35.11987614981519,0,13.46614841739314,14.580200343226679,19.781453517216057,41.33607857012287,5.877399770508562,9.879784822833791,8.484598895625515,24.786292324706583,13.763047648090891,22.25663854289712,15.614864072458413,17.466855809909905,37.13970579753787
P105-PWY,0,0,3.497522971656495,0,0,0,0,20.926559204899615,10.470529118309509,12.2212284,5.246204599907807,2.6234238319789647,31.28454046472597,0,0,0,0,0,0,13.981354686833473,0,0,20.912979878357575,0,79.82649794456967,17.460033503722464,36.53382790051585,0,13.963693960457794,0,0,0,0,0,3.4983532324494964,0,0,0,3.4965182275910096,0,0,0,0,0,0,10.462887914525195,9.329751753294888,0,0
P108-PWY,226.55092137612297,483.71559288406013,833.8161998285053,791.9753188,1325.8425250047335,616.7437528509552,633.9372416984432,638.5151598546702,710.7630202,814.9432720704759,814.6568201748614,811.5184728733526,946.3816566965365,971.0326580897485,1528.4372060924168,659.8779382544179,533.5401069,441.48875505372655,1081.6228043036176,742.7751221718297,1218.387931721905,560.1128080311415,741.7329810665599,307.58714760888546,601.0161386468403,536.0749744,904.5158322525938,260.22106904622876,392.36535537843025,534.5545374340593,542.8946578420731,423.80054403887004,887.3778015955165,289.2269935,1346.6029157719142,381.89262667254985,616.5320153892612,407.53823353406284,281.63659964094836,329.9272098725568,319.2375731409733,297.2754137139032,230.5125638,236.35291546082794,450.2236806417054,640.6862072979824,317.91104950666016,731.5400573999283,246.1638354580295
P125-PWY,314.6850478,210.60430336279705,143.46361280600885,157.4387923049024,123.13380748613353,291.5454016880369,325.0023536022028,170.10712678836916,155.57000609122164,182.4924688813511,155.61276034246922,213.3139623228448,176.0846411658232,167.79584072785244,131.70899702935768,186.1984053585192,151.42457378453318,86.56645541071151,128.4531349307585,194.9890856374257,150.30717974207514,158.2150126569249,219.74310085330373,175.45163322798837,248.4285145,283.3524222,190.5701120590457,214.63061366847862,257.2015352723225,200.18364934324447,125.43529201574837,120.98825535769073,154.39568825409688,191.5693895115415,141.09526597411707,108.54992176765982,180.7797253,262.9903416628694,288.7630032,89.26004153928464,137.32271962352718,139.55333262104924,155.30281776256223,215.12203875499773,210.5387113011755,307.08727370929995,251.7293653648255,99.12020790743534,277.5910880063265
P163-PWY,4641.620189546156,2208.239600356356,3350.2418511041365,2896.440731294295,1880.6824171162202,1967.993578988379,1839.756622307117,1389.2398867012819,4610.808069401998,1702.661873180138,3807.5733314806853,3431.9901926248117,3003.7843895923843,2770.3041569888037,2093.1903909254133,2592.7314916689543,1655.6129183993544,1210.4053256295588,1421.2185290648308,3489.5238906695204,3163.836935917843,4019.016328674046,3115.1059706255796,2259.4073781585557,2669.156283393121,2085.1610989346573,2760.943010968999,2636.7239761518204,1878.609449884709,3410.5215399012495,3608.042258459705,2507.7307335245227,3919.1330398895752,2515.459973557025,1091.8874939412885,992.0255522108514,1069.4333531034551,1439.4464045106147,3516.8354406782432,2092.069895114907,2237.1588519051015,2246.172711767521,2261.5269647558825,2483.261598483252,2697.3976532744614,2150.198591421054,3042.2025526398456,1030.5235873776774,3892.397726052734
P164-PWY,7784.462847079002,8778.419982211843,8816.447143024092,7721.639262318299,8372.282995,8119.347037058808,7004.68672,6442.831256,8728.883107348089,7952.166876258657,9458.944640163527,9461.34639,8755.427603324622,7731.715131,8324.712032299409,8500.782860090269,7314.809161208244,5462.151005387924,6990.876488275889,9469.234907424227,7582.529950208892,9459.403934649907,7993.2254158548285,6731.063098918666,9292.195181,9695.803849750293,9224.181573666407,7027.2625225605325,7022.467159363754,9840.934338231304,7638.872292968515,6776.760158956794,9179.310476375636,8731.987439,7183.076086187757,6248.887230781466,6288.499545008467,6870.690673307453,7021.111003,6501.9647175735645,7497.464760537551,7769.282341191911,7261.891308829188,6830.871920145524,7013.507674868808,8040.047294574417,8671.125871227548,5829.758569172969,10090.882726662574
P184-PWY,0,0,0,0,0,0,0,0,0,0,0,0,0,0,0,0,0,0,0,0,0,0,0,0,0,0,0,0,1.9342688653351774,0,0,0,0,0,0,0,0,0,0,0,0,0,0,0,0,0,0,0,0
P185-PWY,217.39389281795542,957.8219645936917,191.46580189467883,176.84137418157786,912.5360849672848,281.0305183806601,513.0073030898703,281.12801125527994,63.50478269300431,379.2992277468764,293.3753265045178,557.3380569743556,192.2730877474443,489.99216156758865,2384.7218738171146,613.0360598287085,728.4572205,1538.9942036063778,748.4791367302748,165.42856458775046,69.54765721123746,92.69197113730935,266.2277474254797,122.17316582512768,522.8751941093749,356.1755704599231,290.4525274208177,148.76294272475064,484.24778317583014,329.029531,72.43487676509612,63.39809894904847,147.90464946354453,275.5604798452944,860.2870978070455,812.9290185415913,1383.5521852574532,336.68289165525175,68.09878595431206,55.362669490836154,170.96448503711676,533.2755000564937,352.76579309153914,159.99675584627403,100.47982360603702,586.1315641613434,169.8508151174944,2971.754004078586,163.84250807849162
P221-PWY,5557.7044641205375,3903.8100883159655,3810.6131492417853,3178.192016040805,3176.0881916247467,4133.701616684598,3836.392953320534,3395.6985619713014,5290.558229250774,4241.316620642471,3785.4663187902656,3315.462183858269,3487.4584955410946,3563.311678,2734.821853962594,3399.3287104857527,3004.335989,2315.919353137763,3017.6668315654356,2612.357202601862,2881.215408811989,4074.9155240373066,4023.1606399086045,4260.321616841384,4790.403232914409,5827.497842187481,4473.2128650105005,3662.9092040818314,3712.1053299648597,4002.7839825139217,2643.211456441847,2927.5734850783724,3777.3365976681785,3879.7343079471193,3540.784143122829,3100.7663302811966,3363.5971813526703,3597.9913566370383,4568.6365080783935,2908.558832082093,3580.6020487827195,3793.9909640563833,3773.057233590257,4606.778427612098,3614.1744377220807,4004.927422446236,3607.807586153928,2803.2123742671542,4296.274551483985
P23-PWY,2464.5202892809257,6955.508807538669,3793.1605098595887,4343.903893939206,7856.925054729068,4428.791879327035,4871.53424,4507.825066986237,2276.210182505348,3914.834139,6389.069290063225,3670.2787726929173,3294.9019655713896,4996.365228,9619.149466,3685.8044028170507,3976.3356826894124,5471.075753242626,4824.4845283540435,8768.070900718747,4713.352008342146,5374.352694341374,3715.0314197860507,2306.853518,7689.975821399711,5152.928861,4606.475178356531,3268.285353303386,4490.128860167507,4706.029379235741,1749.5359288418347,2513.9889980787334,2286.1713696570923,2744.505786936746,5809.662126357887,6355.310055088355,5676.296837,3627.950235007453,2352.6277600763597,2883.8358173228426,2510.748616915349,4680.238918812874,3280.326724807228,3574.4343845539365,2423.8532012268174,3118.0561178119465,3958.606783801741,5660.051346465397,4001.780979879293
P241-PWY,0,10.408024277390284,10.370004631292817,16.982993685488115,43.69817076849537,0,46.687029119102924,0,44.512975872442695,0,33.63486490375508,30.054307281535824,105.22966849786458,0,20.709829204770386,27.237205646405094,0,0,52.509877965651825,27.163416349563306,0,27.134518490185418,0,17.125390709221346,0,0,30.749198612539875,20.76820817067647,0,91.89705256,36.851110725356186,17.104498591523924,39.50167778795694,0,0,82.20530294346119,0,30.569464825893117,0,0,0,0,0,0,17.228417814294726,0,0,0,43.45199354783389
P261-PWY,1586.7196258851425,517.0559776,333.72555631078023,273.1985260874419,358.09372521715073,481.4261825331572,469.9788018994872,470.1665729724717,1010.3482279815004,591.7156364977532,356.68810113128916,280.91189700231774,433.30431538033594,751.4925917021571,399.82476177787845,428.572717,268.43332093000953,209.95262602723167,220.77219036299508,288.18234178642916,469.0620586819455,390.28086186126416,423.3488774089954,330.0638512968824,305.67863327039936,520.4922677910145,487.6930170910557,910.8579081661475,559.1465611565179,568.6208075549148,302.6843059122554,388.7112452403513,257.3351333922215,378.10565097373745,359.2197574,566.0326575365332,258.55062901616395,394.14068625534395,321.5653649,318.7371479163841,495.3226297655118,325.17097586627807,423.63403031019834,1010.8927178070966,495.94081309008527,521.5375698796772,351.351924,297.2715471776732,408.8187768375641
P341-PWY,29.981022944259724,57.43278147795213,4.999473649338806,92.29350561466562,74.88098913226445,0,22.48780855,9.997375667052689,0,94.81356205,37.470432643347415,0,0,34.97034693653985,149.5234268,0,0,62.378802517315584,0,112.23129572783537,57.41763984454169,24.98815509426317,37.46848920826586,0,24.988861135454613,59.94055951674853,12.496954006312151,12.496091699040479,47.445451013069636,0,124.59628899395835,0,47.45581554660466,99.81508839,62.420514986439215,74.86565662284926,206.48898402492992,69.88977161548132,0,0,0,19.991069856374942,44.951904074277714,19.99048624,7.4985553098953455,62.41486254666597,14.994994540102239,146.96548351861392,37.47520814230278
P381-PWY,50.291721535967994,12.692643096062572,10.155136472660821,30.464779853876582,0,25.386880565683516,40.33415340482396,83.89844240257798,54.34980289896811,80.99786559177593,47.59651815998758,9.552973539089875,105.65658830346938,0,19.957942950261174,34.96038384,12.824615143701394,12.696693160000901,0,60.255509703843025,0,15.343344653579054,73.27769382,10.255475720093855,65.61364199260505,80.62361974739423,108.98271061789087,10.254595703311374,124.56391304007106,47.45471452775622,0,0,9.997697673,38.46586071597363,15.29816465,0,0,51.30614358875949,67.36505307,12.442907316254388,17.786324781824106,0,89.86585051,27.08609623655627,44.61621175888319,76.2676351,10.143921466522823,10.267785779348577,24.62208163301174
P4-PWY,9492.92687,10390.746824842596,7975.382151692976,7885.010174615042,10544.057224853792,8463.585804780945,8444.018627175938,7493.7077873286935,9307.645549,8533.100272335116,9421.497850480606,8067.924666397316,8439.503273947374,8650.140563028883,12678.800779355764,8336.990251051864,7687.734398949143,8334.652948,8351.931268285676,11621.76848,8204.694313617149,8630.653865079086,8026.726758976349,7103.0838111913945,12118.770646816227,9753.177777055784,9368.1947,7097.793825532045,8057.544961293601,10192.165317355311,6555.642140320318,6264.286998378317,7791.743273,8394.440130271894,9837.380989187532,8948.330549,9158.693042806071,7581.7410412584695,7028.516197098337,6123.157692972882,7090.257101031884,8306.492176723514,7002.0235663922995,8068.487779488733,6333.751662490423,7819.328838962182,8122.618711884748,9286.488434009538,9319.924046
P42-PWY,19224.909966616913,25603.58259124138,24015.132577372377,19920.27708,24758.18465426359,24354.250164095818,19789.015613564345,18988.583520640135,23447.367576243967,24557.741818238548,24141.687865754888,25396.904098144067,24310.36519366183,20963.027402528027,22908.45978037975,22898.77841779523,21265.809817248635,15541.045120607068,22867.85725057999,23727.908484438172,19528.675398029325,25355.35180503058,21422.51853095972,19472.160861589837,26918.641428265797,29878.769560739504,25700.917753078364,19824.636481094887,20936.689064346243,26850.01443,19078.54945002256,18268.607735531805,25135.868155618442,28577.70289754836,26018.52656850754,21963.206268111022,20107.955421710594,20882.693001193347,17759.68585969195,19054.236896779275,21585.772109975456,22722.16876590401,20718.818925837906,18181.16019173502,19364.799104928086,23306.908259862765,22807.336912702853,20466.980928364024,27321.414886659782
P441-PWY,2799.0784714743445,3092.7835663689752,3037.506744,2277.931967358039,3341.6266890580064,2434.317803272001,2592.1885547353018,2898.5279635276315,2507.489485287179,2987.9113026954747,2570.228952412283,2975.37943,2616.9434839091673,2932.8601577450313,4196.4137530385315,2993.7875885291705,2202.280540422228,1544.9989907933361,2515.261041,2251.403713836219,3088.0011467933955,2244.3798372205856,2975.8764575047426,2101.849110951438,2976.823566712755,4580.228285627428,4371.458481980765,2941.2833779231196,2610.8911557285437,3255.298438644224,2272.695905,2157.637996,2778.8631556862283,2169.2157359550824,3053.8958609097235,2507.9028134838923,2686.8197880513644,2565.6886742225365,2066.3552909982673,2231.1160822861048,2287.517677315607,2915.9227994794437,2152.3899610950994,3229.4689759469957,2203.237064910086,2627.1397934812535,2129.055959637247,1694.9643573744568,3846.042060052374
P461-PWY,401.0401250706717,1124.4369490578115,305.51696166694825,363.7783985250047,933.4556086,388.3828564051581,503.8586139980043,271.2229605612085,539.1882028809223,238.58851450402565,481.5697081490408,380.3566743372107,274.12099318611524,576.9146795356763,1895.0270431638407,686.5228127992467,717.9115502182345,1036.4534500334428,579.3650671965523,305.28216026685305,371.0319747351453,435.30518241191106,348.28937110130386,445.46214099782725,688.7307756222401,635.9519180192483,675.1814077074464,534.1368009253225,463.5278255210849,642.0497966006841,238.0723815043152,398.0725012,392.1515092718881,486.9423025176837,689.1471790163988,682.9525292651538,945.2797223064086,394.6888607258375,425.6052479054155,336.3637007,352.55316078534184,501.22764674745054,504.9949497401466,401.71273435830665,281.2824930788445,470.27440221444994,289.73316785697807,2627.0081130406184,835.0801337347887
P562-PWY,215.6501955507758,176.36111655252967,207.06780779289886,150.3650141281893,209.1104931299208,236.1557741205348,222.87283405756023,89.82621436,224.68411893466964,133.39394475369087,233.03549934808265,237.52937423043068,230.7482006,248.3540482986249,179.9060008626464,169.1731700238027,135.07417094345263,135.73425429385716,124.8884398617348,117.2910474526432,104.6351479219159,148.3271118128961,224.09657843182524,98.42787893218369,174.11484468585948,160.0881281583847,149.2670367825428,181.6785115651537,125.21719508476541,161.44359353048367,98.26068226185062,129.8651068379969,182.70724142223438,164.0322821139988,291.9688456176948,132.48259892590477,121.92633763504425,144.01644656758765,133.41735103717576,92.37120334530798,139.6639086563625,211.50602536205807,130.04658887056962,190.83108324927048,119.39085683313512,140.88240729977582,84.65088287,137.1062814,183.07907601685537
PANTO-PWY,14572.830291923063,18285.10349541518,17627.11717363084,15304.30113808049,18340.52878129138,17869.316067071093,14464.484386018223,14205.851202376549,16924.362356536127,17209.421158965848,17486.172837194255,18796.40025163804,17714.633437694538,14651.171561571633,17541.009433697138,16716.629673093943,16074.55443517147,11620.944882071635,17043.298324215008,17976.555763721466,15376.400246778305,19612.63044714929,15549.439008032135,14379.507164338575,19620.883694420914,22396.398893814036,18563.655395568792,14409.329169660348,14845.108226793003,19356.56018157317,14779.062502063545,12763.08196112011,19553.40846,20799.728249904376,19125.77842321191,16070.98449487843,14678.251506180559,16016.829097662829,14667.172479271729,14198.763316924467,15849.698741190616,16818.50136060468,16087.752705051922,13904.268633426369,14112.690983462162,17231.935654567867,17273.150957912163,16355.58181324497,20997.34410652937
PANTOSYN-PWY,17056.46040639421,20858.685227349335,19824.822597843555,17258.03269226136,20607.25167,20356.77512475116,16643.47127776565,16349.62302,19344.830625847557,19907.016805667292,19750.77656584284,21014.944640327354,19798.967151255994,16824.55355177944,20074.03844846273,18780.73752120338,18002.99270362201,13198.42815613985,19131.80477258371,20306.863019238197,17324.272138141496,22302.081650011525,17821.54207792818,16715.250345570534,22710.863819412967,25586.69548803892,21149.909322399162,16502.454393650885,17178.25581854245,22193.988131665523,16524.63634679448,14588.391405148697,21896.857049368373,23718.12103,21628.99631,18352.749236938034,16940.23301,18539.46966506293,16831.09330490909,16135.956843162634,18210.12018377957,19318.263000778825,18507.440660718185,16150.606463912136,15999.606419707088,19499.007517802132,19493.35464517819,18060.346149532495,23819.267050870392
PCPDEG-PWY,0,0,0,0,0,0,0,0,0,0,0,0,0,0,0,11.22922767547857,0,0,0,0,0,0,0,0,15.055572551749014,0,0,0,7.675437027884586,13.16866864302092,0,0,0,0,0,0,0,0,3.881095491626642,0,0,0,14.079386141821315,0,0,0,0,0,0
PENTOSE-P-PWY,6640.826577566567,8682.210003578348,7138.0261488074575,5771.929027,8279.382603,7066.299067638368,6668.325339824215,5976.710225237845,7079.509576078716,7854.955783424164,7872.318582374916,7206.015867226695,6782.298595613811,7344.348858342748,9877.382633187732,7044.079096,5769.7744769905485,6470.2680127006115,7014.060477459004,8354.645440862256,6122.830832927557,8040.698112952861,7337.870249095344,7843.299997260946,10365.046605454285,8871.501329161443,7658.479685556309,5540.792239497611,7221.8960676481865,8466.364672079488,5230.590673691553,5975.544967507214,7061.926117306222,9233.058409,7993.299799,6313.8979518981805,7248.204627925521,6586.007704691045,7211.080901814577,5838.509991151542,6608.317714091789,7774.813489912916,6435.809471381634,4581.003199054728,5795.859343791345,6605.400311702253,6137.321314890612,7440.218546549824,8352.020683846999
PEPTIDOGLYCANSYN-PWY,25202.771666989047,27973.210345571682,27036.97420203917,22874.255444418144,26800.422949832704,26602.166130177167,22732.791670460738,20974.13919,27963.719338567305,26873.374640343765,26935.07835795767,27733.691876302884,26527.143883914883,23123.40859943919,26434.299759701047,24989.044444083764,22953.51997769721,17971.207016506993,24455.453617702962,27005.887197575226,22438.582348993423,30215.612747412568,25091.775154001505,23259.37073264149,31423.137801833924,33322.59749831468,28927.980332590094,22290.561351407006,23209.37307812807,30694.00473958588,22110.843186412316,20525.82137833209,28902.494154258868,31201.970125200318,27914.563484729886,23900.84138134527,23377.120133366563,24081.613199246487,23283.589105049203,20873.53398359403,23699.90629078145,25431.494682284556,23837.86047650517,22829.325933703636,21646.628805511522,25832.377187748036,25709.253449792515,22892.722586870328,32445.222853226962
PHOSLIPSYN-PWY,20211.85759383281,23365.859716091854,21677.769384891923,18805.43094235685,22575.558177681127,21608.009276799665,18609.13817126437,17669.891075302403,21971.635074267448,22066.64924940854,21998.594831849277,22007.897634017994,21236.52632840504,18911.414407202978,23840.51564109382,20447.244987560833,18855.462501621965,15877.74263,20357.364550574996,22903.139860533018,18596.206853631465,24290.57828,20328.660766443856,19130.863254908396,26815.08040180913,27830.238971414354,23717.78577301249,17789.76727468674,19107.071809491736,25085.680446514747,17571.087809268807,16614.71511915688,23343.10445,25166.255235997407,23805.094744833666,20257.255508052705,20271.071959339442,20439.593200432348,19213.99909575846,16876.90611,19253.092245622665,21110.016321259423,19626.839846705992,18567.73507703048,17373.882020962945,20875.14045245681,20687.151955253663,20157.54657691472,25925.26892114759
POLYAMINSYN3-PWY,792.2341098,501.30525024746464,455.72124359814956,844.8902662396017,1083.136374294331,609.7888748673016,649.0362736623056,649.5173325406437,886.4979516030439,701.7714665146908,669.2732111893605,824.8871560199825,736.6769408729953,662.1931971636659,871.1579705,697.2163852862052,583.1028082588606,492.8300525117167,690.4116763055289,958.9467181,1087.104911844846,851.2193293646669,790.5567132156868,430.6338972877427,718.1601987162253,715.3268795771651,670.7705533607691,463.3401228938831,401.26625775503567,740.8851596731733,485.7567485,494.4023299352811,607.9706156589089,500.7345459460553,1043.5228386112872,696.3335085156302,750.4012122111976,568.1053105877456,606.3231298984631,279.5138322184973,318.6500143150806,534.2247374880675,393.2113502182939,512.2761465459013,567.5890419143486,577.1964353122054,582.1175419139726,564.0019268745154,270.77995796131626
POLYAMSYN-PWY,1701.5321582621957,1409.1778591729317,1484.942897,1570.7592232030347,1859.7685044670686,1567.6076395200346,1475.5768570515904,1571.2085931272616,1769.9438774367284,1698.8750614187475,1559.2412047022237,1502.630333986535,1751.9613421259917,1520.3883816163388,2009.090290201903,1359.1923460192854,1184.3449860121952,1208.3556444562926,1354.248520933956,1821.479247337403,1789.230395329415,1570.5811161907636,1492.388821857848,1239.8492010498421,2021.8718063140627,1857.8048609416376,1950.7994561874382,1269.616922993688,1301.849999206567,1701.5201162807573,1231.7491663562878,1124.1269080030172,1782.5244608485707,1429.0370703822073,1954.2628063052778,1623.560492316536,1885.5851786200792,1478.5784780197093,1673.5886023849182,1030.1768253528596,1378.6027108109931,1185.3173114157876,1032.6858580673554,1248.7577791306824,1230.5502727051542,1287.8340354429065,1219.227453555491,1258.8276094017913,1810.9738654010146
POLYISOPRENSYN-PWY,20559.89660129667,25631.652847134057,24226.990952121392,20526.12378215286,25063.496558152212,23955.196971913596,19864.769568554188,19098.74068279174,24446.81451,24198.023717323194,24569.873537256688,25589.80937832461,24024.634391595093,21025.699021608998,24598.030196649084,22857.067812847123,21454.88239079037,16798.98533336331,22881.821746838927,25047.675571485324,20469.44729546642,26543.49559034609,22325.037181600095,20029.51914202508,28154.89765018311,29797.55229508529,26120.05577933118,19531.897247593308,20775.15621135088,27551.368242358232,20039.140263512883,18555.593484221226,25960.70828,28039.674182353043,25827.419242517688,21707.912906758862,21385.99556676647,20825.591373650215,19637.019188553342,18981.034429426254,21487.222099186754,22986.730804037237,21005.26457448761,18787.022270634672,19325.76806924725,23264.93510277184,23283.40389,21830.196447512968,28160.207189185323
PPGPPMET-PWY,16695.130292256297,21424.176358389643,20017.96851486732,16704.33429798055,20650.781437659258,19247.06550852109,16366.980035023505,15806.184400719625,18947.458520532084,20422.71821724542,20284.738564381158,20849.45170066981,18870.42825719057,17250.20841038601,21434.544495465077,18709.29031088126,16468.245406862756,14260.897155270082,18391.251915264333,21063.70484345758,16921.826883220063,21721.968575929142,18340.497966104274,16740.769740870324,23606.52542926902,24617.671872690058,21871.643980982702,16077.176146497333,16997.434552739294,23360.50719641792,16071.97369506168,15305.877581397894,21247.923358253454,23437.166876746123,20597.57407071817,18235.809993255043,18418.972973532476,17266.962702035373,16536.565942842983,15713.308260709358,17435.746807680895,19424.118082377478,17065.33732157872,15236.132719223726,15761.062933786372,18125.65998562581,18737.99805080289,17642.05206295512,23534.266254942788
PROTOCATECHUATE-ORTHO-CLEAVAGE-PWY,515.6863433,264.53719808914104,212.80116141883957,164.07835711074168,235.59888388027724,287.0267293741128,216.70218700270757,420.7849042312591,529.1804367242477,333.69967947674223,223.5738971752814,388.42961410131403,303.08626763628445,350.21430542117247,240.68769999216212,511.87840687817766,251.33177080742277,219.0454634613374,242.15649397083573,237.01723357328586,228.9509850321981,531.8638442964283,465.68581543238923,319.6674142057156,533.3306073967909,509.2448547,382.91400833742597,319.1339790445252,257.5413694,429.1753659051762,206.32722438210425,327.8521054739824,379.29608635767244,435.6654002611615,376.8302491561813,495.33763581442025,334.0144834498166,216.1297760414173,450.9670360846395,342.1214406429659,379.5445934,483.2273862453811,317.0309161390005,634.1274664617109,405.3853486365359,236.86713723606098,325.8286218728795,181.89268449524778,364.30354932070117
PWY-1042,31673.042668018723,32925.890666944964,31689.73175990413,27363.846722249462,31293.577428648194,32367.344898626536,27713.068551557808,25909.344506679765,32940.344768934665,32475.698558312342,31647.13942368273,32341.72299640808,31504.80270367393,27373.36999884754,31365.039296362786,29529.257187479125,27529.88160251309,21476.884724095846,28778.73882603967,30910.19222749923,26394.086070316167,35193.185717478766,29766.901487953586,27782.921786841827,37426.413816835295,41582.80829187111,34492.34744514283,26455.70208,27821.802504749732,36466.24273252011,25450.17976160751,24504.44755938025,33881.473216284314,35777.79079703156,32792.19417,27809.615671712836,28198.247097452593,29906.73415418139,28738.917932392058,24428.111373045333,28450.926378299868,30001.144859645254,28406.707634701812,27748.58131808381,25738.45974169107,30469.699547688357,29948.853000822237,27597.717499244365,37516.636400718635
PWY-1269,11653.788902146145,15986.192330955506,14971.29337613677,13075.783437169273,16164.733093320898,14839.186153272693,11774.374710813567,12103.820058532858,13742.094668025771,15608.234433673359,15652.71986931829,16107.984682327355,14879.02811583939,12739.135195919327,16850.860156857987,14316.39849794315,13818.179361416276,10831.772325811453,14883.538192404363,16690.93664440847,13435.483810506174,16260.950890615573,13733.274803876691,12529.364348336865,17241.010623840913,19034.83639776997,15618.447971271009,11153.51460814593,13017.763322243298,16730.584361449615,12712.79654575356,11437.621625584059,15523.671694860865,18461.916826661953,16650.911285913022,13183.713602479747,13326.740431642746,13445.165458901085,12057.750489226382,11984.932597276435,14196.738129400266,14568.336541684692,13623.309854576808,9621.653888035837,11633.738190038628,13951.132686098326,14588.208972482844,14801.50940036237,16778.13976253325
PWY-1361,0,0,0,0,0,0,0,0,0,0,0,0,0,0,0,7.084503998854481,0,0,0,0,0,2.701381064757023,0,0,7.995561030345885,0,0,0,5.134482718,7.899888777853517,0,0,0,0,0,0,0,0,5.828476306797824,0,0,0,7.831398371316064,0,0,0,0,0,0
PWY-1501,0,0,0,0,0,0,0,0,0,0,0,0,0,0,0,0,0,0,0,0,0,1.7043073341094297,0,0,0,0,0,0,0,0,0,0,0,0,0,0,0,0,0,0,0,0,0,0,0,0,0,0,0
PWY-1541,0,0,0,0,0,0,0,0,0,0,0,0,0,0,0,7.800036984421748,0,0,0,0,0,2.479972692780072,0,0,11.106041554699175,0,0,0,5.556323478559266,10.069368659866992,0,0,0,0,0,0,0,0,10.408418023989338,0,3.8424154390474743,0,10.542800427912649,0,0,0,0,0,0
PWY-1622,1599.6515336032096,1674.111045628511,1266.1783057395992,1275.3352053364576,1598.110795,1520.2377316992904,1448.5782262967596,1512.2180333935717,1617.3936915439842,1625.3181396114087,1438.2713992709523,1439.6052072537016,1474.6994145731112,1427.1584488610424,2193.696551231263,1510.504235089853,1482.143717729043,1963.5913316633114,1396.8693544812531,1269.0064300862218,1278.3400524129324,1542.2775084966665,1591.2333709601335,1402.9190547381954,2062.0245306738125,2134.9468966854497,2077.0776235335284,1250.926776372703,1299.2154681329857,1832.5081951806521,1130.955769010545,1166.746829868311,1521.2583768645095,1539.4594521414638,1652.3991758287625,1257.2016222127493,2052.0080756158445,1289.9342371539033,1615.1521853852566,1067.3013352774437,1291.7835274132824,1444.098206,1201.4885318722331,1269.5314416925592,1246.3693073236063,1608.8195294768057,1390.8372755776857,2015.8978672229925,1547.0187618945336
PWY-181,0,0,0,0,0,0,0,21.96984012545187,0,0,0,0,0,0,0,0,0,0,0,0,0,0,0,0,0,199.07900014896993,0,0,0,0,0,0,0,0,0,0,0,0,0,0,0,0,0,0,0,0,0,0,31.74535130506856
PWY-1861,7324.173193622672,4429.696795250448,2074.094679258399,1563.858669150209,3146.807401906558,3104.824667024658,3532.8773963505723,2828.648882723429,4679.120418156939,3536.0674522087184,2507.3003154475095,2216.7083565408793,1976.5151214079601,4129.537876376588,6107.339927483195,3109.5347084311206,2615.430237618212,4220.985511275475,2409.783316095033,1402.6814296767575,2359.5706180704874,2092.512966859401,2463.553495655952,1914.5037065991658,2451.7142034900976,3053.7635162598153,2920.889739032169,4396.519746755453,3538.409883019684,3227.5002432899855,1531.9727983702937,1869.5794449001953,1449.7573454729238,2297.1283842638168,3283.944828928645,4287.299587,4086.0623829105375,2553.244248548989,1827.7555417294411,1719.9781522857309,2532.6860690406666,2660.607268487485,2717.320591745018,4961.165483521466,2785.380801922495,3504.2361531471665,2088.586323968235,6407.458812389144,2316.6441784759627
PWY-1882,0,0,0,0,0,0,1.6815960425876453,0,0,6.074350981266187,0,0,0,0,0,0,0,0,0,0,0,0,0,0,0,0,0,0,0,0,0,0,2.4345893537517402,0,0,0,0,0.9289470487163394,0,0,0,0,0,0,0,0,0,0,0
PWY-241,971.0632709401573,3314.9956492206393,1624.0170836274851,1968.9682286769173,3929.5681141905375,1948.2583365956418,2218.589111685979,2049.5554740567454,891.1167628101301,1656.9390493722435,3046.887610305454,1556.381989970551,1369.4522648803224,2262.870083,5088.145214445177,1565.3856375225232,1768.3072501908841,2746.0586387405606,2182.4891574452786,4481.193764263765,2140.5732821941824,2410.2580535577586,1580.2281365467552,912.2547535362128,3547.9742733643375,2186.3364806269346,1969.288713141866,1376.654790299823,1980.3043793723498,1998.831114691734,694.6785144,1028.4643488479157,906.0761614142608,1088.5836754918032,2603.7571367090436,3039.595693139617,2663.2205332887893,1532.4062037008373,941.5776969730225,1219.103675990824,1007.5129543224031,2084.9940027081007,1376.3950087466555,1507.2479252084104,991.0487214789744,1287.0525147844087,1716.314966032051,2599.685036282657,1657.631452756017
PWY-2941,796.4014755,428.3496397511862,478.56836920623755,396.46281548812937,366.4114836642828,728.7235063276272,467.97072260386085,272.84366280221434,622.9948889,199.24752011554443,554.0611141234976,349.1662869796821,557.2887961,440.7528058958819,331.19478088623754,359.0621644323156,234.1401754297195,156.47864902564118,281.53245884319966,320.5113950398034,381.9391951077874,2461.933775603002,430.4165909919151,379.8278553062717,487.16452434914044,464.33136526781544,670.2978277326024,516.4080564631662,162.38867539868713,761.2236447142712,254.3523315043832,255.00828947691443,341.4085841103749,333.11949929498826,263.63752550503193,376.57999608465786,140.1506164779255,335.5150783372687,349.40009195427035,240.91463586610067,366.3022524998505,561.5846013502646,253.04740833075567,551.2113864832605,297.45798950155125,485.80232636426206,310.5311331627579,311.1739995654181,851.4499267788425
PWY-2942,24271.562070196265,26524.27867666646,24506.104042229887,21828.74764233003,25337.200797102374,25561.72180965315,22000.47406124049,20589.24147311907,25048.534554823436,26188.913578387845,24927.781568511313,25038.00979486757,25056.85200005803,21581.285454856144,26003.17227896894,23739.834427670994,22365.970984972333,17952.39261670251,23720.702417317098,24903.32030862997,20911.13509144554,26845.77095576562,23538.159017128415,22323.76202,29930.30002,33153.11688113155,27592.115979314913,20180.519069191192,22570.25394759528,28363.49256119192,19848.298140628944,18959.56501005869,25631.291653303793,29039.96345269701,26601.714581817967,21962.69329201279,23054.35241916322,23637.355903820022,22301.336303472628,18851.108475125402,22779.718585438444,23820.81500936076,22555.389475192784,21133.115592156086,20013.941293395077,24555.836422028104,23605.52892937483,22990.423327905977,28910.500085686817
PWY-3001,23396.85266886929,25233.24673973438,22908.359980075267,21122.69319198207,24378.075601510405,24641.230830611268,21321.676816545474,20133.582670457872,23247.27829029467,25497.026590427733,23518.52606383282,23169.760108274542,24452.461098104777,20337.173623296174,25059.143669884368,22406.34108702828,21544.377827821416,17284.93695922527,22924.979493077484,23914.019916233483,20036.818243584523,25036.23169,22097.05675182872,21488.407288733364,29020.196533342474,32694.159855290374,25981.914708789056,18706.080441871934,21919.00867,26450.310448459368,18546.03709331879,17695.298182650215,23856.932515956403,27984.35302511682,25853.26419344448,20776.104259642158,22314.8076,23215.893974002687,21608.70859812976,17954.052837494164,22167.270661408515,22711.629575137595,21482.809235002725,19706.981822429232,18855.363146501986,23219.11119639128,22619.27999701282,22300.14537037033,27193.19907289952
PWY-3481,43.71484450648396,83.18005737550708,73.16516027957438,9.980927747141262,543.0054938309268,0,39.767552605463244,305.30043261969723,23.904299902246642,359.7033383549883,84.93479694534118,29.873547854439344,76.74168397165585,154.00402192143858,747.4862922641167,65.36395626,174.05804528830447,433.59162780310714,443.5662862598508,363.7965993790442,501.1051004023106,55.694849761195854,131.8706608165614,59.65013273,126.36470765095906,196.15983877378756,219.69765412365254,19.932613758845264,118.2222133811951,253.19658229302743,249.03448891652494,0,87.04513994,19.969941968389872,514.8746300590569,174.5810970688984,793.6451827669924,207.72323720864745,3.998376974330486,125.75402540824406,67.45322586845772,110.66514673971773,0,0,0,120.03871129232974,208.39986523474852,665.2565475790498,27.918874316757588
PWY-3661,0,0,14.875672198389086,9.944922532028967,24.636580847704245,34.48134944549909,34.49658727702837,51.09680837104696,18.59270464073612,19.79906866138138,17.353945977795547,6.227230155940344,39.53757318648679,14.84960084699805,0,9.945375212,26.969799871789625,0,2.495727448241508,34.38028444227482,29.56980569100606,34.552433730220294,14.908833244420999,0,17.384418833617307,29.63128008656632,9.964236161431266,24.73521695442907,12.423256832763023,0,0,12.41742668,12.419114000160421,0,0,9.938351037555542,6.218292924281087,17.318121841113587,0,12.403758059114779,0,0,0,7.4721053271578874,0,27.115276903268217,9.951046066542645,0,0
PWY-3841,21628.836643639082,24132.275034935745,22844.89578310597,19844.72709765619,23526.82809105123,23129.752159912943,19626.04906356517,18285.02324474622,23685.22845080293,23194.23251,23036.06341507841,23876.775414841875,22920.354203225823,19841.36279622648,23574.666529786264,21591.98645446409,20011.74574779791,16029.822289483567,21369.712153021894,23506.385102787004,19198.189478905635,25380.888102636713,21111.13905787984,19815.99987540298,26902.075582931928,29502.935124136784,24598.649168666718,18817.546507817224,19896.32515281948,25866.26363758198,18846.07814260245,17534.670377046416,24756.374011677544,26565.02923589027,24393.906613173778,20710.342668026224,20263.607648903846,21421.068611492377,20070.43417341713,17682.30918951624,20563.251694381728,21587.198870516626,20468.879647436625,19482.229671692872,18498.46194158109,22417.699377722583,21856.911429052452,20021.185540112474,26991.555587032995
PWY-4321,0,0,0,0,0,0,0,0,0,0,0,0,0,0,0,0,0,0,0,0,0,0,0,0,0,0,0,0,0,0,0,0,0,0,0,0,0,0,0,0,0,0,0,0,0,0,9.133605489919825,0,0
PWY-4702,67.75012013455071,67.70574712643678,75.33183856502242,74.53196527229676,48.559701492537314,87.36,79.83924197,72.60969976905311,73.95058450418557,75.50024987506247,52.513914656771796,50.99041533546327,59.17784877529286,59.794871794871796,22.55862726406101,74.96296296296296,68.37341772151899,31.666666666666664,41.4375,67.66265060240964,42.41355932,92.27291724165123,106.33263157894736,66.83766233766234,116.20078065766197,111.75462962962963,134.80952380952382,45.386479093395856,69.12199704737618,73.9952381,27.23926380368098,60.565916398713824,76.70140612076095,84.25624599615631,65.10726643598616,17.642384105960264,51.24848484848485,44.33456984602876,80.84755403868031,62.391304347826086,64.26288659793815,28.984198645598195,43.850871918220086,4.384213959556425,77.85919231498453,74.88934993084371,66.68310369833212,41.14285714285714,81.30103806228374
PWY-4984,880.2868732365972,742.5360282565449,829.0169776396347,933.8551686891258,1119.7449429687747,922.7757082461603,813.4202303981587,881.4829399180013,858.7509098199591,899.7715079504508,956.6946917227554,934.0021536178566,1095.6252226532854,1039.5167125977055,1414.1859641874828,680.7281840315821,560.2382206817177,451.7206773215926,797.8334567026504,951.7632140502827,1215.0613814589067,835.1873031120672,775.3001183707834,606.0033735610003,1086.5406265342688,918.5620932045515,1060.7446365705105,728.7730006445275,686.8079402966183,877.0034752898034,657.6370271,617.2234858059713,1154.8707697038722,719.5431596939392,1030.0882244931101,661.2675944471096,684.0763918326974,732.0953743680869,909.4786048549447,514.4730316419448,768.4566363376194,563.1216814251594,475.17993577178646,476.63989567712485,703.2346992980165,631.5994681941024,553.0200420655083,699.4028673870516,893.1612381272594
PWY-5005,1790.3218291539677,2049.6631506848826,1914.7206248958053,1428.8866519180822,1557.6046962575015,1781.6638100836078,1587.8165079664443,1629.0403101681613,1738.9908775603953,1911.4518724384372,1724.4752884614188,2080.024953789115,1987.6700544134326,1998.0373935954349,1780.1016405092748,1791.0389357504212,941.6122952411712,1243.4259116059666,1545.9233517733078,1583.0962964865896,1787.8287927007138,1370.1784164982182,1596.6592817133444,1651.826147820788,2404.6942594711722,1663.9268404492275,2635.7045777340427,1190.9186849085593,1470.4002598691798,3208.6097206650093,1494.7750491333352,2040.5270260954794,1794.634681359436,1123.7012914679779,1576.9364668962583,935.8230177944022,2106.8208980323734,816.6186956,1750.689491804711,1366.8529802667529,1128.1653287195836,1200.169151394539,1176.7619106049306,798.3256260163681,1243.2079942109972,1599.2753490369253,1345.950401626118,1161.5847158870224,1055.7872197090608
PWY-5022,946.0312196851808,1662.6082342952345,762.0424061733374,679.2652768869285,1430.5327627253935,1199.9368317986623,1373.1682661819714,1048.7941268266131,854.0247060223394,1203.5389325812223,1018.9074333948826,948.2082483012558,819.9832389954388,1006.2097720650559,2394.191564705239,1243.5503498179446,1181.3466024216557,1653.9048197051789,1299.2382276234125,829.8753235492999,661.4549298225148,957.3952021,1250.2832392440598,922.9056758808963,1669.4533520455614,1433.0335433089126,1221.6036603890484,826.0844316421642,1056.1420994807388,1207.877856002159,624.3590247692878,645.2841826538411,812.1563854594592,1106.0435586371214,1698.2869659391567,1403.6840118879154,1628.5610164254708,1009.3365784627974,1023.7937126312955,808.2712000561042,815.4606019892819,1390.0677181761862,1005.9412605581036,1096.0335132989533,866.7180027739251,1229.9140185536305,884.6371751,1985.285355086276,1082.7212382323291
PWY-5028,65.0532251,59.38254724439951,24.415188936998547,116.19767095633951,73.93732907,4.995244721750439,40.18790600034408,27.319796979809013,3.9980789017256466,100.98311625769054,28.893939268472163,9.987469291611466,17.448745096844746,34.80266172173839,180.08242431999037,17.456521117775893,12.467281282343462,63.84286551356739,14.943873006854053,135.48006441391686,91.1894961,35.325828750628695,37.29869754342603,1.9991851744549651,75.07049925681356,80.45059801488384,12.479673850448945,41.67523175857278,68.46079699,62.001010018477736,122.81825922088302,0,81.08541950724891,105.95601504750005,64.28961815413447,73.24262900386235,196.12942848689647,79.12208801,13.96707330215239,12.465854004162981,27.09760151068755,54.44531297978628,72.84646645,30.33918516765321,16.45069579103869,69.61144092662782,21.924592544495717,142.11592072260902,47.24718314000427
PWY-5030,6459.710786026122,3943.5518607235726,4834.989705,4107.375667649033,3565.918592,3609.369997541186,3551.451874924703,2816.6286654067594,5681.867784882727,3560.3344879981596,5394.760860308402,5415.3500653889505,4112.049310282436,4229.955455,3586.4111254163736,4785.625052319552,3276.763098081855,2476.3075733249643,2743.678473668004,5104.388268906394,4398.380755318516,4946.427955082672,4683.006998711546,3378.4881138419028,4209.457275149234,4239.249532150771,5202.624182,3697.2708736533255,3130.608164265476,5324.326611446954,4794.0562234430445,4001.638243011572,4980.463579093135,3798.392864,2420.9127080819726,2117.1215526874644,2448.454561862367,3087.2375891091065,4052.4613013099383,3111.694955447228,3335.787452349279,3657.488702732629,3171.8326665647774,3932.7791918080516,3770.2419594407493,3764.5831921077133,4384.922834577139,2032.096134239908,6030.868059849288
PWY-5055,0,0,0,0,0,0,0,0,0,0,0,0,0,0,0,0,0,0,0,0,0,0,0,0,0,0,0,0,0,0,0,0,0,0,0,0,0,0,5.977706412541487,0,0,0,0,0,0,0,0,0,0
PWY-5097,24226.257144035677,27004.01627,25494.856451206644,22202.316886809887,26114.279845162953,26227.80694863776,22390.37935688195,21104.15488304991,25365.119963431447,26891.22847943109,25509.485351166917,26228.134743043072,25626.06079815776,21864.48005688422,26168.438459948993,24172.82799115144,22998.679192940705,18118.056474013658,24292.246509319164,25590.111036377308,21463.633691757514,28240.178178404854,23945.009567996363,22683.865554056843,30327.78769909387,34064.390223208495,28085.156629849793,20924.642577664334,23022.045499227344,28943.66587637158,20461.084016303463,19338.41578819058,26888.037499897797,30053.246247631716,27571.814651025707,23114.285509651334,23522.956491198584,24234.96163453901,22598.284676198968,20033.250582860495,23388.568355363073,24720.946613792887,23065.091969067667,21315.96289029194,20504.591990930276,25110.85650608818,24488.21680048138,23503.94098071781,30214.016303814613
PWY-5100,12642.706993010728,10284.31015701376,9347.506762489129,9681.207829,8784.506195442787,11336.467019338526,11071.836210674146,8926.057940889143,10990.233943180257,10526.348282122734,10146.356408950014,8645.005395,10258.570753567052,8368.075674352107,9837.995603121071,9207.961584550469,9040.884321396576,7489.217253,8367.147683667228,8583.744621908887,7720.125390587925,11672.408119221449,11078.576537209383,10040.54760616341,12813.37306186612,14064.441223391359,11601.681754930396,9021.706712411462,9615.622625505843,10885.838124748418,7592.226503303424,6928.859844427959,10060.542276119097,10360.655979599162,10291.661305081854,8700.092557,10486.403930307159,11270.07116379888,11461.66297372919,6731.055958606146,8600.538460775215,9681.157062042084,9425.286688791944,12148.175461475576,8817.465112,11222.049141308757,9756.997913759516,9633.630086392075,13370.246062231283
PWY-5101,13307.372820830631,16659.690162775187,15438.158792661727,14266.344450498073,16130.03762749509,17424.537796753855,13853.15659214905,13731.282416122514,13905.95970090308,18441.831621723537,15586.648889038477,16253.183053440096,17657.26609423152,13112.21073444064,15579.11731423274,15643.428404471164,15845.626046439165,10761.380572309792,16418.67994,14817.866864428957,12161.426089779043,15649.38609207924,13730.444123819501,13136.599731170887,17096.08459,23248.165876492527,16507.957349581033,11789.754569286277,14805.732440759508,16346.048601513185,12201.017629265307,11567.28090717561,15164.069083688079,19669.293838107445,17608.13944525977,13519.45462051944,14048.15629143319,15519.792599052023,12503.878195637253,11941.914319312942,16021.077172615998,15037.424115904032,14385.97308034584,10810.439182394435,12142.637280232031,15747.140560317956,15329.550487298311,15925.196564106156,16251.381430141473
PWY-5103,21701.298072183883,22862.462225090745,20514.41091,19310.009278872458,22112.29074529352,22446.91197196568,19545.554623668755,18483.197634309792,21006.37630262123,23336.699513079642,21091.03394,20570.483647478137,22349.138778424076,18304.20652187695,22723.723031932215,20259.08291697317,19643.10795246268,15904.098646883613,21025.948299640346,21500.108955332562,18146.560805942867,22597.284215448522,20137.392227606502,19784.515515955678,26483.66751070276,30256.98023523244,23495.172930441866,16812.71949219846,20160.965373010644,23666.581198581727,16619.473079581272,15943.553383719538,21441.272743670223,25413.080136583267,23699.298761863476,18739.308793888693,20574.65774490803,21448.411800742644,19975.419581614122,16193.78282474338,20320.552676186693,20627.262837785154,19675.583908713874,17915.639106311923,17181.550209655772,21344.088697461873,20589.35020767586,20505.317069285677,24334.14967
PWY-5104,6.5972146830413125,10.485920711223224,24.81711888668848,8.688180336,0,5.995495067381665,24.51976139853147,50.68214824,34.70505016997772,20.055054613001836,15.268934409730784,0,50.11153743634134,2.9991600961243265,4.797876557202051,8.989391773805979,2.998051113772739,2.9979105191408957,0,15.56362832364929,0,39.39911014957376,17.951107725721446,8.387911115367274,37.018070819273596,45.077231057287534,0,2.399460065210152,32.272211808363615,23.93711988211311,0,0,3.8980496992227884,12.574456620810363,3.598595584,0,0,12.575001674108796,78.68318565,2.9984823679670156,10.934679960927404,13.465837326123525,22.71561390627774,9.591239056649849,40.57598812,18.55616445,17.35056487643591,5.3956624864117675,26.89975230643332
PWY-5121,23605.99235755526,26258.667982601004,25100.359281548954,21583.641865305784,24971.32652884213,25273.93068317439,21480.369150544488,20005.958523860056,25701.27772200059,25563.49507210865,25164.305382517996,25898.12094918453,24766.352647644628,21469.328395358523,24797.916412920516,23474.95834207736,21876.745195714822,17015.612330667922,23176.943313653275,24847.542528568454,20893.961196634402,27848.571496031207,23757.144338811275,22099.154051345155,29675.33100723171,32017.738778494142,27179.502432896432,20444.375586425176,21937.552451905405,28655.276293249335,20405.342561842514,19189.257750700694,26970.30706953474,29275.236823457733,26322.854221069705,21900.922402476746,22119.00978633233,22968.467308261428,22205.230024485976,19538.519324365127,22532.775653113673,23996.179901885218,22500.73264088577,20965.34707605435,20325.020056999925,24470.663885617683,23959.85372535855,22182.70754875389,29905.386675538375
PWY-5130,8605.169733628014,13585.26334196103,12408.274834172447,10198.95630033096,12345.573049660934,11531.60546815153,9480.577294171582,9374.649522668022,11646.64365899487,11068.440582141233,11420.275320054927,13815.383930819871,11266.910434222724,10725.140736162364,10711.145147826763,11818.010353129896,9232.534991515338,6719.064960372426,9502.52221,11050.03002535869,9594.198173421415,13104.219047386972,11128.571616205874,8938.033414942762,13239.310872839453,13901.639145055238,14960.226924335333,11471.915174795246,9344.555061171674,14643.498608086795,9469.760865020016,9567.593424767429,13783.71852074483,14471.33106973908,11768.707908256665,12763.643928997739,10659.672822767237,9706.016467830888,9063.121844332758,10664.779779923909,9166.767182461812,12553.332949135985,9948.140877506654,11010.303833475855,10488.096470543094,10899.125399512084,11592.424087570951,8044.837624,17084.89258604748
PWY-5136,1120.6913319042876,1763.646912177913,1102.2644464222121,1198.6836718259617,2288.951187027447,983.0252092181964,1096.428904735833,1406.677743451421,1014.2938395336373,1104.9104716159106,1813.030630529512,940.6732414729315,1285.1752509157934,1534.0527606367248,2516.483094393118,1249.2281282555666,1008.3108706253062,1419.8442576299058,1525.5049068674903,2940.448920075629,1365.1578453459495,1396.7861648215105,988.8711541594562,877.9094976313025,2637.262981341951,1380.9631763547545,1353.6880493414892,802.1736541,1164.1550096894025,1613.4351178393574,713.5795137447641,861.9808416,969.8556164632707,1019.0122328936836,2162.738334800413,1881.542951049061,1220.6340316186195,959.6489217,942.3894495441358,927.2965728211519,859.2452177678883,1456.2408184895924,945.1913144698274,1157.2866222342468,923.3966214263093,693.2571397332839,1327.0492680951077,653.3561227184468,1037.704464309192
PWY-5138,328.02229771978995,472.7735189,329.5984782207741,221.2073684534665,516.0900908771354,385.9509300446118,320.9829211226189,676.7860427984887,312.3898732996519,461.6704141563316,329.48892637997693,338.2147452000858,266.2766923722426,512.2549537840097,373.7239716650514,513.1816041389287,487.3647824433396,384.69738595214295,541.9277657913663,496.69866815801623,366.5613213383459,614.1801957164571,721.4980857749126,500.95650506206397,923.9228894229401,741.9104736288779,553.7775005908544,421.0757106889526,417.24365815707466,575.0660008769588,318.1102579111405,398.0921394324292,522.7786386801151,684.9806969380916,633.0498789821104,714.9269399030088,502.6845183869018,360.18091511199856,558.7420483936341,609.7226985394292,505.60722802546843,914.3949801630965,489.74087999115494,664.3732231046044,431.05640941870706,339.24624395048386,486.1310952295327,254.89131985336982,573.9952253876355
PWY-5154,13167.04875128857,16306.212541605362,14854.840192377957,13543.560018486754,16199.67922845214,15961.213466015037,13384.941422018348,12789.382220205805,14849.453245973293,16919.468788700924,15267.877023959705,14753.593289761955,16723.671727652338,13383.822936063914,16601.026081079584,14791.54953249977,14362.652359721089,11545.33148248587,15780.295835023766,15519.956017525521,12059.812921732047,14950.014980426571,13393.473375063475,13282.658868553804,17806.48343674223,21350.36381230261,15774.039331712162,11557.884861165243,14324.985608188406,16762.000612165848,12198.21371463337,11356.343447567913,14873.462374375731,17898.414798920236,17189.820447789676,13195.890825082592,13608.221966127085,14662.354334058433,12362.471309360331,11023.220677837166,14372.65816061045,14125.971149011639,13194.704094692432,10505.791789034196,11854.771173575098,14806.731186605133,14314.477441906725,15602.755125184574,15974.667666280146
PWY-5178,0,0,0,0,0,0,2.1728262292300498,0,0,0,0,0,0,0,0,0,0,0,0,0,0,0,0,0,8.569194570223683,0,0,0,2.0998897547021427,0,0,0,0,0,0,0,0,0,0,0,0,0,0,0,0,0,0,0,0
PWY-5179,0,0,0,0,0,0,0,0,0,8.103625455538703,0,0,0,0,0,0,0,0,0,0,0,5.733177388758419,0,0,0,0,0,0,0,0,0,0,0,0,0,0,0,0,11.498685447769118,0,0,0,0,0,0,0,0,0,0
PWY-5180,157.3453521872511,145.18426299772887,124.91668056937553,174.50945540581446,137.45170001295602,202.2970174695739,167.2051165332844,162.8120248739833,133.7714275584566,63.61473121971394,125.03516316994057,100.50728125677078,246.59351089866354,133.56578428166782,111.52690831882195,119.26219146926255,83.27177218,85.27969115,87.79091717542529,103.54365594678825,151.3028098173348,154.2650047365219,149.9331430295931,105.31866987612705,198.78725773823328,134.0507471574992,136.7988087850051,163.5830588085698,154.67681630511106,64.26379469635812,73.37560454220186,119.02004280448162,102.34041711030082,134.41407642912884,95.18611719437679,24.306573507705014,70.55975299,104.82031185879538,228.38279418511576,84.69459985143597,94.13033395825107,91.88311752188717,91.64211744788744,136.32896782443683,174.15497171088728,170.8084844526792,79.90376686043177,63.051695016981014,89.02807039612966
PWY-5181,0,0,8.251982469682245,0,0,0,0,0,0,5.922392567563686,16.23720317043588,0,0,12.63065148668883,0,0,0,0,0,0,0,0,0,0,14.10450333859664,0,0,0,6.7157845581982105,0,0,0,1.542813821197011,6.700583290741885,0,0,0,0,0,0,0,0,0,8.974404612375698,0,0,0,0,0
PWY-5182,0,0,15.148652533203983,0,0,0,0,0,0,0,14.14161020617538,0,0,9.998636687363057,0,0,0,0,0,0,0,0,0,0,23.553431825736958,0,0,0,6.128990097,0,0,0,3.569092417712372,9.794369357822749,0,0,0,0,0,0,0,0,0,8.888703279362204,0,0,0,8.365600585178464,0
PWY-5188,8464.564525204334,8311.034526371377,6222.211436188122,5938.625987306676,7714.956990796482,6584.577414861221,6351.400387166824,6322.043371608062,7065.858163584553,7415.012841562286,7218.240729837949,6159.889877837977,6349.737811,6640.5022368219015,8644.117281428486,6681.798500136721,5536.681448237973,6131.458325760488,6257.847695222941,8260.634257,6273.2142351118255,7911.538090437598,7018.751021490741,7409.732400315509,10166.17450460188,9193.988892772555,8192.552517748147,5831.035216694674,6982.418647,8688.124367205062,4855.315699541141,5371.397040052186,6514.066435182253,8509.136300959786,7820.912945017477,6675.3345199065025,7374.213089736943,7254.520121946124,7502.957196,5745.237140499842,6193.499490955585,7411.322439735383,6588.482321442375,6607.289862795779,5725.878979643401,6695.443768786465,6735.6003283843975,6764.896459973758,9030.817313
PWY-5189,7568.824800442067,7445.062071954509,5519.329462459473,5333.221584362184,6983.5496214960385,5871.3306098339635,5642.292719773334,5619.9781890555005,6404.111542811804,6562.245081826948,6490.035059869508,5498.435583049997,5713.121210733416,5963.589597781462,7638.1318068822275,5973.126879402444,4911.964934,5542.0392167320915,5619.699245224112,7346.015547,5611.127483,7138.115785941527,6136.178047652965,6658.806657310103,9093.643426283279,8002.645336962703,7219.979573220565,5126.4509724450945,6244.980899071925,7692.870410274896,4252.107545119933,4789.258789,5763.081587571362,7572.387094763204,7009.224036281625,5955.740912059269,6573.939039894055,6428.498880898546,6702.204344812655,5091.2503538406945,5510.929335168242,6543.118944595699,5874.812257407906,5786.966897741186,5122.967515846775,5987.330370843774,6034.366163332065,6140.5955991013725,7899.904302969074
PWY-5196,1823.9318925375967,579.4904630634392,382.2740125463128,272.7522071030706,308.3202063960452,482.0901765288353,478.474886,531.8420845826607,1098.5126703663386,670.7929269550315,397.2184632184477,304.33444643220537,393.9073141037732,826.7878346064502,419.9012617990957,477.3125594662882,277.9529855277051,214.1291184155257,221.5266168,296.73642859154046,510.1272087,419.2432001237273,465.23889730213887,377.2149780035015,317.2688893502579,586.1718590770478,556.0404443,1018.2269909199447,629.6327950216304,650.5705280565677,324.4311812130738,382.6383073215479,284.3495118292896,404.2561886974529,411.6167831656956,655.9917014323821,342.4916531287475,442.8578641618282,348.0421902709997,356.00026630497166,531.3491133510565,365.0918371230033,479.1469507698837,1145.2312217066833,566.9365818145615,548.1847417821432,409.4136160006956,339.9392638300701,465.26638308407007
PWY-5209,2028.4874097229915,766.4961790079738,527.9838734465013,386.21621268359706,476.7387277616333,652.9588400458637,614.3193850898706,820.0361233266738,1239.7832342244265,882.3321764336023,536.7700451542945,489.42785987049643,554.2062831929096,987.2629367713267,515.9434128891621,751.7662255058955,470.6120866036246,356.0441481330096,440.4625581462356,471.5671927094332,632.3344355897519,722.9976208897225,831.8107292600278,679.4876055610065,693.3610903,972.9191475498747,866.1862373484587,1210.107392568169,800.7211986318779,923.6371141149855,484.95116879967736,605.9238864138628,601.2294039185027,780.7038707414213,635.1510190444371,938.1144843583392,543.0495236168485,601.6368125084884,725.1125468063067,665.5637035533631,773.2782878802517,838.3687992125925,710.9894539171099,1528.9860574510008,836.4929235336923,742.0920193,640.9671407489731,449.6835527100092,821.5450025838287
PWY-5265,391.2728919,325.6841764183238,343.0310620693225,360.5188497579924,0,398.0935561,498.07903130591154,790.9060142,485.7137802467658,507.39554230946624,39.48522253,355.7302329701416,494.29853283724486,469.1856109580006,227.0371894336105,199.39380286478774,154.5162024091346,0,346.4581581,0,0,313.5368364131149,0,199.33209909527585,377.9891095846828,782.2701377,691.0713680977668,0,256.6206193223821,300.3132118856299,274.37653229767415,0,0,319.1335991,358.7817146695036,0,0,432.8626074189962,590.1477700335839,108.71653823560953,353.5555218072831,139.31737358524066,240.39443347409465,1434.0716208347292,223.21055675417364,932.6276103160588,170.57993411582328,374.7526778669603,0
PWY-5328,0,0,0,0,0,0,0,0,13.405348173325587,0,0,0,0,0,0,0,0,0,0,18.571244845830424,0,0,0,0,0,0,0,0,0,0,0,0,0,0,0,0,0,0,0,0,0,0,0,0,0,14.908274106354247,0,0,0
PWY-5345,7628.413872707815,6894.657555562557,6028.754117100012,5546.020677892895,6556.025633438688,5913.699890885021,5843.770943506173,5584.240184552672,7558.349981880247,6880.695562095029,6231.326235293302,6073.959160744934,6303.945544833689,6289.4916761597915,7116.213407966855,6449.480932615722,5275.810344362513,4498.137083954967,5744.751636639736,6889.624518864934,6330.385488690315,5869.790805050699,5814.187361102236,4698.206933604291,7047.185309927006,7108.090023556887,7370.189309573642,6005.650234724026,5833.785694752352,7490.9021417467275,5159.388237725559,4556.26749,5806.788457394575,6242.818310091707,6759.929550430613,6906.851860181137,5577.7807459966125,5770.306341163744,4714.989676706544,4565.239162486956,5208.807983388427,5742.113568748892,4541.177051619431,6766.1161896378135,4929.938979260974,5354.642204444562,5734.8960184394455,5406.885261872906,6955.629944123155
PWY-5347,7860.075146914947,9511.631412683468,6393.439253957997,6680.753043723535,9775.430751014104,7409.176354371047,7706.987839756119,7036.3073019621415,7454.592342370243,7635.579032544131,7952.305621911489,6562.257604912904,7010.778982513447,7538.576791321576,12164.898790162377,7274.066083970681,7044.980983,8081.402454,7409.944153914873,10768.02741,6920.069134674973,6635.540478352744,6622.119712846852,5721.570943847553,10878.534537975243,8195.916796,7987.743278825671,5987.007812876236,7147.513646499371,8651.025008189348,5073.181672599678,5052.202321971207,6102.324703470029,6870.5389436387095,9140.850615841202,8439.677107931844,8797.035966506559,6848.694847798543,5416.452915161219,5173.856538910226,5923.131750439696,7046.957484252804,5766.285825101392,6894.259836069337,5069.012866933583,6730.329680421991,6881.575327445665,8920.340863291927,7314.973425211302
PWY-5367,45.97018730493549,31.98550433008024,5.999468439550321,9.998324529,0,15.996066264549452,25.98857645344848,27.326289123622878,37.98022009,35.980867450598026,11.99791118,17.995263990650347,59.94677680698628,11.997646871804871,37.97916189085426,17.994909128280582,25.988137082990754,39.96686171188871,0,37.97951945782556,15.995748532341288,15.996595202810202,23.991282491177834,53.95266175024937,93.89233332959182,43.977279754149464,31.986488440479985,19.993019480927998,27.98689735991811,23.99279206596894,35.97769467101389,13.996264780799885,57.95469635577207,31.98635713912665,23.991676373113158,51.952717802819066,0,0,17.994917740093683,29.98276052,33.980904159426615,19.993757713713617,33.980848228772835,47.96159855124694,0,0,25.98965062909591,21.991933076025347,33.98577214522388
PWY-5384,24674.84476709876,28512.79614,27028.352971642154,23559.42370524237,27630.505103644107,27969.29357330932,23003.32360227943,21724.484185302088,26802.944439365532,28451.923201669146,27155.439838832663,28296.11473699973,27422.989613413818,22750.576376148587,26848.187453509367,25502.20939624458,24380.13312,18582.638855822224,25792.859964626226,26518.821011754284,22098.147813270556,29461.01678905223,24600.147121824008,23306.612469019514,31492.128451547054,35370.552212420254,28654.557019072236,21628.666430246565,23747.197241452694,30142.361106969358,21791.49743332285,20448.4675,28669.921981390176,32974.661239832596,28940.027416051686,24341.90873151714,24076.339218055044,25466.230787828466,22907.24175742903,21032.26026805478,24963.610049702245,26091.548928864377,24226.06340445545,21673.074542334503,21875.061293654417,26134.785525486463,25781.420762209927,24586.33612980669,31431.77980517507
PWY-5392,311.8674849174979,664.1070365132649,1092.9574254044928,1048.541165584632,1753.0953377631467,792.6707943354401,718.2158574795583,719.9391485,998.7479388771303,907.2575566341109,1000.5321932191221,1068.235150962897,1124.7932060765868,1287.8007674049022,2157.460386198987,901.5951153178181,559.5058125971966,654.0155646728613,1361.3732026980244,978.4511085,1547.8393837771246,739.7556098899988,569.3075779,443.9103480491065,804.8213861554304,688.6576839501591,1283.7216870774662,372.59323753354187,529.7092523107277,712.2868469547623,736.7464208007234,607.9461298211019,1169.629523956497,416.4233128465397,1609.9421496226148,567.2183777,631.4796761679637,452.81843685929465,401.5691118787451,468.149142,497.64780918834845,385.61796552180203,299.48371158874346,283.6757251512559,585.9627826978716,749.1255259692269,463.4158436874738,943.0381684056522,402.8578988185865
PWY-5415,97.30783231,33.92797418321698,66.49341042240633,56.03495853133939,35.76143531832372,57.41807097985065,79.10637405826962,96.82360066186433,98.74552885870548,43.19300558,59.72053395540696,44.97375453412373,105.04262877769908,89.91574491,54.187611275548996,49.78814499492661,29.53924580329218,19.50728678754263,18.312316579878274,62.094300028432656,21.209863564025678,62.599042053252894,94.90146192372944,40.15530888997778,101.37344566882612,108.23459851428534,20.45045566343979,69.03418247152665,69.42741843818656,53.25990685363517,43.63426948110883,53.113841884630546,43.471336364000415,56.01889244329079,78.33400693326793,4.618522411428974,37.351673392142445,56.00883845,144.56507405155475,26.212727733299634,47.02804728468841,51.08407135970611,53.46169826549353,33.32915755495655,77.59286558313339,68.23751161741895,55.66448976571476,15.737733701683055,60.01429211558472
PWY-5417,0,0,0,0,0,0,5.4203925422733885,0,7.235695513126079,19.761260380959857,6.9164668795014554,3.7637445463457238,17.378672489116003,0,0,6.951273586478766,0,0,0,9.134950346753458,2.3954516750443275,0,11.636154736293355,0,11.547291282013779,0,9.776011958431127,0,12.282690770292161,0,0,0,0,0,0,0,0,1.0595803954740586,4.417982124485882,0,0.8136722527180644,0,0,0,0,6.9047246145615055,0,0,4.724646951836662
PWY-5419,131.10565700114734,93.16947187212524,103.57931747540637,105.01519980323012,104.53209738609424,103.48855735982931,63.511263027818934,77.43217445692342,115.79165889230256,47.64687181525309,106.56063872347238,56.82164491,139.30746778032974,95.09361417062091,100.99836289100021,50.15820256074767,68.82025506872981,53.470324824980786,65.16336477754191,47.50743902812873,89.77185125536559,96.45509547073796,75.64046292359698,58.997416496962515,149.02749453372783,95.85806783221786,87.66509937701592,93.95111770115165,72.01167802966219,71.33976809882114,59.95625694815331,108.9810920349555,86.34429985,94.91989233549224,100.5584053556478,20.871164674833988,62.333837187409834,72.19772984133462,159.25093056088622,34.92849188900355,65.02430771580605,67.28182851149027,68.79347224833096,106.79106902735013,118.98017482081167,88.00031479,63.915196653883896,43.18814405986813,87.76816772409038
PWY-5420,152.7366464081028,122.87125637911598,122.18972929731427,140.56124422310322,128.42822227126337,143.41576768584414,93.12649475899833,108.97330568880032,136.52856023462834,60.51342191398459,123.54765227924796,77.20937012366196,188.69195686055377,122.05999768219054,115.36403956795496,72.28428915020004,80.96840499128689,71.01971081486214,82.91435734239428,67.47350900021983,120.53472539578621,128.02496792164962,105.25448951601942,80.41082306,184.27823327598972,121.88292899048831,115.70172056035301,96.98415096202218,101.83199590681087,73.07603986970146,70.99038517,120.76102805678092,100.73705394014462,122.11646735785314,104.95527931495553,25.524221792208632,70.37313892066403,92.42767496042524,205.1062939,50.505031221210366,84.24678241000437,79.32001735855694,85.01557726595877,75.37405785386991,154.0954789750333,121.99761591454877,79.64440498002386,56.17460076759047,96.78876828233086
PWY-5430,0,0,14.19680974368819,0,0,0,6.511377374913247,0,0,10.45300506505612,5.742697887,2.7407506906401697,27.847060201725277,3.902225452330639,0,0,0,0,0,0,1.139763982,0,0,0,37.29003254353086,0,0,0,8.450834484,0,0,0,0,3.877073472,0,0,0,1.4991864505059918,0,0,0,0,0,3.808485733015707,0,0,0,3.6549412649068476,14.461015668233724
PWY-5431,0,0,0,0,0,0,5.4203925422733885,0,7.235695513126079,19.761260380959857,6.9164668795014554,3.7637445463457238,17.378672489116003,0,0,6.951273586478766,0,0,0,9.134950346753458,2.3954516750443275,0,11.636154736293355,0,11.547291282013779,0,9.776011958431127,0,12.282690770292161,0,0,0,0,0,0,0,0,1.0595803954740586,4.417982124485882,0,0.8136722527180644,0,0,0,0,6.9047246145615055,0,0,4.724646951836662
PWY-5484,21680.815998858576,19480.413924243614,17752.27610219292,17057.765794449046,17433.79090917705,19601.90845751592,17901.92863572932,15972.626187430715,19597.255627576356,20110.121488390887,18212.205624083606,17246.25047662223,18499.958164766915,15772.424697369608,17257.89852649621,17294.034277899864,15832.30540914536,12577.348089027402,16726.78797712266,16970.979221167978,15500.344158615011,21413.230580362524,18275.36427051278,18652.19256446456,23245.59048478749,26603.91195114119,20706.870098860207,16132.294304126013,17632.540897000323,21193.389989356096,13944.180017032508,14093.490508435098,19996.027061212415,21814.87026607425,19068.45335599304,15900.092419139448,16643.909816586445,19996.12626048624,19194.15551036016,14141.934409532758,17599.476341144513,18071.54054607659,18666.53928611708,18512.253441971334,16034.702073256221,19480.17321082351,17881.24772,15335.981271405224,23151.477522542355
PWY-5494,52.504615384615384,38.51439182915506,51.51787538304393,44.49008134722421,11.843478260869567,46.21671826625388,42.234221087194456,38.44176081028437,55.556653108657756,100.35160680529302,52.154500462007775,15.747634069400632,39.000749437921556,21.422709923664122,13.65322009907997,55.17215870880969,23.330543933054393,46.22584541062802,26.98550724637681,30.834774692762863,51.38428417653392,86.13525498891352,58.16826156299841,97.28181253879578,118.95206538546498,68.83024959338657,67.09233325421314,31.18458353240962,65.50417469492614,53.37529293605624,72.00236593059938,0,77.03250591016548,96.89915966386555,0,28.968363136176066,28.901367187499996,73.64233326,67.07147979918719,25.17601170160897,38.40255591054313,27.261631192314937,36.66395263,35.29022859,27.388073680924137,48.177842565597665,33.159150421879545,28.338257016248154,120.67917783735479
PWY-5497,6786.012910900942,4798.838813062854,5196.830086557954,4577.6160541680165,4175.863745044957,4580.685184670982,4222.251160251334,3654.129841133448,5693.915950217535,4351.321185011151,5755.499276725791,5280.967358499693,4991.569932103803,4564.131578,4233.88847,5183.854541212502,3942.268204531013,2574.6817299077297,3158.839187257559,4777.7988896628485,4430.725140718429,5592.733442061253,5139.646422679834,4181.0208984523415,5378.146244097838,5584.358598839202,6212.155295000108,4830.123603683432,3950.742455740937,6169.035144459547,4434.148361288343,4412.424150913924,5428.393016139081,4932.604782236325,3413.0787853701186,3122.342324209172,3329.0783064219954,4043.531584330458,4985.990861596708,3748.218898694003,4261.5225656155535,4660.997053349273,4114.947543947767,5369.160785259345,4531.807945346233,4619.3809797301055,5039.567609750526,2714.7658948121234,7407.560654235312
PWY-5505,18878.345255242515,16196.823376564385,15310.522172553792,13949.887389689442,13481.399531974945,16518.79436661474,15128.487653549188,13438.498163058737,17043.42660925365,17098.236915012872,15045.475523309733,14373.285978291186,15358.169493198247,13404.59997155496,13528.704722122664,14883.651956071126,13011.903530128597,10115.998887172442,13499.557560638288,13815.573839484105,12502.57445107175,18225.80523388789,16505.116374692407,16623.276826198344,19935.446634793745,22996.77627169162,18353.40661582428,14108.618184916524,14911.04037,18653.86502274787,12141.503723886099,12141.317402676425,16808.36642765087,19266.536130991328,16000.358398921477,12940.03202006719,14065.903623485721,17159.799642169357,17076.92703397899,12498.179887094673,15321.26569018795,15855.115957234731,15868.477472966651,16412.21228645657,13674.037442686304,16280.592125932715,15221.10703636053,12333.364775451251,20480.774303644357
PWY-5507,584.3663824053433,216.2680664174497,395.76414733595595,565.8244581335225,0,516.8871850994273,491.1836477616161,175.28547618216516,396.58551316935717,229.14958019455503,310.0818247042667,0,416.2103240615852,0,0,323.2063400244287,0,161.86090553931024,640.3426399,0,486.5606434838942,501.9889345477438,0,0,756.0970030503502,0,423.4850286446322,211.28408035414887,0,645.6816217017071,0,251.9435219211206,315.1912102068072,207.62745859500637,989.6136199750308,161.1288654811705,407.54780382563206,502.8601549084118,520.3635586624854,0,0,0,170.69893272907578,471.28361358810673,490.9938538096036,179.28811729408196,387.94194224006696,0,0
PWY-5517,0,0,0,0,0,0,0,0,0,0,0,0,0,0,0,0,0,0,0,0,0,0,0,0,0,0,0,0,0,0,0,0,0,0,0,0,0,0,0,0,0,0,0,0,0,0,0,0,2.8
PWY-5519,46.769965500318634,51.83231102496864,49.55764631060847,27.017757405338777,88.34989525139665,38.96540958877156,60.27029709990782,87.45952591340428,40.55217111,82.13894609616655,27.633978691616168,62.62558027853369,52.10974298105226,31.201595713475573,18.31842860551029,81.34265042,62.621890973710336,26.25613852486162,49.25321883394178,7.684989729611018,30.27728285077951,88.84882692388695,97.23630415474426,65.63185176436623,70.2434264,127.86623040610725,63.077348903325465,68.03780233861926,43.16961237414422,45.206809985411404,24.82003738317757,57.78785623604606,37.69973888904158,137.33865742995187,80.98048759726215,38.524039061914635,25.407945680732286,44.44397265549852,77.66056485787686,84.21111421390674,95.75012997816367,107.18921169298241,43.34210875785221,48.84429201371877,51.23665831552704,99.87626222150986,53.771034541491574,42.66621369863014,48.55049344328783
PWY-5531,44.73278001694488,826.6336341735743,617.6673971019767,427.1121523157219,614.1585629941746,411.73955687770774,489.32348431433735,501.61950474803604,165.6827453116554,545.0885127937537,677.7941934617816,658.6196100695512,503.6242954,727.3374288848737,731.6986431558568,578.2373565062876,309.60670963069254,555.9867174689265,651.9563165372139,695.2579982432969,611.0756979990693,393.41766338322094,339.193049,418.0032326978059,947.1054610214211,436.63173451342016,526.0233686,232.9567021895252,491.7721345,895.1095740101827,242.46327182298154,264.6858064648451,248.47719415187163,290.34625891283923,611.2502320296917,319.48857850016236,794.9049467001104,290.31301451914464,173.64210731087033,364.62721413251984,265.8718171657337,427.8788483467571,329.6605003,79.41531781139149,195.9521410539475,418.09015423092984,456.09551823257334,503.9030911438771,296.50760830322963
PWY-5532,0,0,0,0,0,0,0,0,0,0,6.720000000000001,0,0,0,0,0,0,0,0,0,0,0,0,0,0,0,0,0,0,0,2.3333333333333335,0,0,1.6363636363636365,0,0,2.454545454545454,0,0,0,0,0,0,5.333333333333333,0,0,5.793103448275863,0,0
PWY-561,0,0,5.375374686245754,0,0,0,0,30.743445408028517,16.11562452256281,0,0,0,40.75727982121968,0,0,0,0,0,0,20.05745658,0,0,29.29737713507204,0,62.927411464303226,26.09209356417755,36.76461268540933,0,20.261539812052554,0,0,0,0,0,5.4199984627592865,0,0,0,0,0,0,0,0,0,0,15.19098921034347,14.158320689931672,0,0
PWY-5644,0,0,0,0,0,0,0,0,0,0,0,0,0,2.323508313867692,0,0,0,0,0,0,0,0,0,0,0,0,0,0,0,0,0,0,0,0,0,0,0,0,0,0,0,0,0,0,0,0,0,0,0
PWY-5647,53.73296345434809,30.113967565378527,37.35660325878874,57.63270287,45.74745702462674,40.76894348402905,0,0,76.56452098743935,1.2331771566243972,41.26226218664797,27.590835974830863,71.80295600892647,54.98332392268899,77.39798585317807,12.920100009165596,34.23590974,26.657977775300434,0,0,26.486279345437943,11.520880535270601,19.27578191144361,31.494634111718366,58.11104428741209,46.60952415605117,24.99534873255183,34.42320584747383,25.61314146,34.082206266574815,14.970498368877763,58.555005007373026,32.82594393243571,40.72717763298642,35.133426329025966,0,23.136612203237934,35.099250320856854,60.59807824707397,0,26.510785886197194,31.27429877269366,24.937324445660803,74.22622011649275,49.49429685,48.14577793812076,49.679222518284234,0,45.245073659469845
PWY-5651,20.52551486520647,0,13.161149207524035,28.86762402876409,23.831250012843814,6.88837999,0,0,59.251369746983656,0,26.77540015,9.888816040039046,47.06217196567923,30.758785475660552,68.47587241399486,11.107630935301254,14.994205899477304,11.598235671883288,0,0,10.580636101591711,0,0,11.477295783303314,21.773796327063465,17.17825886396038,0,13.513515676384017,26.585244605857344,4.274726072067028,0,39.54525498206497,10.101098719471283,3.303675805473235,0,0,0,0,3.892685167156742,4.963082663,0,6.6440345054890315,14.608614791163957,84.47176536083285,30.42415468114378,4.631276347469505,55.72342012792363,0,16.75664341016937
PWY-5652,20.592,0,12.736413694038784,25.21887332797821,19.496081977094633,5.501710730948679,0,0,47.22729979545867,0,13.039765592298034,9.375,37.04231625835189,25.59442575684767,54.55418793155208,7.539568345323742,12.605433376455368,10.532463071109586,0,0,8.112732762959235,0,0,6.874371859296483,12.249735577649512,14.585735963581186,0,12.694610778443113,15.944530046224958,3.751462803009195,0,25.60795471211099,9.848750844024307,0,0,0,0,0,0,0,0,6.995260663507109,0,71.94641187,26.632808532249875,3.808237677245105,40.71103008204194,0,9.022177767047218
PWY-5654,49.561952440550684,24.96013197690404,30.759088747676483,51.61487477677901,39.27999531780405,35.036149351292465,0,0,66.08170159022909,0.9878411206107834,34.75887026,22.648607975921745,60.95799895779052,45.79151184696207,65.74431145544106,10.468029260942476,30.061971830985918,22.189942807385567,0,0,22.016152505237567,9.374370119070823,15.785019043588658,26.27021482705568,48.74594939329686,39.579259646020844,20.358461799085212,29.171364490513426,21.177111066958076,27.714492350486786,12.155686062962475,51.330018138966686,27.10823456296888,36.32733678535205,29.548607485757085,0,19.132764920828258,32.366319285198536,52.32160007048768,0,22.037318985747813,26.29438222065438,20.814975902198192,71.94641187,45.350842806742456,42.248929864998345,42.35739338,0,41.65949992036949
PWY-5655,31.262362242990335,0,20.043788626656397,40.78738813,32.88405391347615,10.544220803497975,0,0,71.06435676968893,0,26.594188166753497,14.95327364,62.02417703229003,41.315886925765994,76.62660093599372,14.128467294644727,21.117823894544458,16.87031222134716,0,0,15.173734614434869,0,0,13.204994496248675,24.767846310621064,24.887420978072107,0,19.585322642587855,29.969433715147225,6.704591918051776,0,44.35700566680908,15.580861180620722,0,0,0,0,0,0,0,0,10.547514548543647,0,47.57184888912271,42.305671562115336,7.260040247864064,57.28712827,0,17.373399500428526
PWY-5659,25986.149293769617,29032.370585044588,28358.37130126022,24425.47654,27956.114592456863,27938.91151439805,23627.698789155987,22400.77454975785,28946.27078466495,28947.577681348943,27955.500988897198,29493.11783742447,28237.76397296815,24235.79648620858,27723.69489,26250.794375952133,24215.775626467163,18619.936003606563,25924.972292190694,27984.42945389165,23728.281331215465,30863.89036916966,26010.740585639927,23993.44045865807,32305.88294384978,35775.35209040845,30435.82985000733,23126.473478271084,24287.569273226214,32497.80546567906,23629.893944575422,21766.974949523024,30297.00601591982,32983.385167903594,29203.89847402597,24721.36113224408,24564.09462032412,25842.673057513555,24337.501730228825,21826.875367107194,25318.890789536737,26707.467666292177,24930.269980528366,23033.06127875947,22651.91431,26581.06898,26684.68989841854,23922.336455761637,33247.03787754874
PWY-5667,23092.99405117423,24486.948440930468,22996.400465615327,20022.52666815848,23602.498699196265,23299.694403708305,20426.502789399325,18937.509432726394,23516.117711977462,23276.229657314645,23099.20239754693,23784.091307891635,22885.05747977492,19904.494177531382,26072.729274756806,21636.01665521984,20288.02798716331,17606.866936567694,21574.810284109848,24343.82380393194,19852.45143,25780.43306011223,21488.58272946661,21479.478727557045,29686.55059156773,29775.692047518845,25326.062676143425,18965.644189516865,20345.13530025683,26760.70222641549,18689.09100336623,17603.076444652605,24896.254856425086,26545.171340755518,25096.38290395324,21445.447226127977,22396.522258428122,22919.06141174507,21824.644101724745,17778.585837538816,20386.219641744417,22106.39365956907,20833.439663708432,21244.220484671438,18573.487863890816,22396.20864249739,22159.517212605253,21465.240309999564,27606.270085963657
PWY-5677,386.3974969267761,205.01897912451517,174.3516261470761,144.13422107280695,165.59058636113576,272.54107846132877,207.93624666043192,117.88782831169496,275.17370861508243,116.13229120999092,214.83748917319278,183.70256850525007,195.50640535005178,195.58378476595735,141.64931525038818,255.99119308507193,132.26666231652007,109.72231786514914,143.7640977683891,149.22989162130312,181.2270081003551,257.23203769080857,172.52335399669585,187.04883796959137,228.030943,287.9783520244127,350.8263658930225,212.29687015043896,127.82655821113995,245.50167762979626,128.82429018331476,141.71145801873848,102.75058760737807,173.54284059566245,123.88130939483248,149.8613843157315,65.12003361883869,155.27212901510285,181.36747104210235,127.02003157225663,201.10637900867206,255.9105681024129,145.4775100648469,258.7126281386649,132.95024439138118,164.51141341456156,235.46319524912832,96.46709008172178,276.6650271196896
PWY-5686,27192.18620853637,29998.699330527783,28758.571089919915,24847.55277552897,28538.408235826857,29078.996429916315,24500.603734820437,23056.523964228818,29254.971173648817,29280.81239432321,29019.814062553214,29628.941304822547,28597.647574199786,24531.69906916576,27283.629877511656,26767.905541683944,24940.80269493203,18830.22135203699,26225.094517842146,28791.724612037593,24011.87887205641,31577.453583990642,26952.146204414206,25303.290883764694,33775.55856743252,36658.04143671876,31254.28281981732,23546.355133315745,25146.78988431794,32625.868180306687,23201.905888402307,21916.011630038713,30946.180341471994,33304.94576194238,29935.624308395716,25041.622656362655,24660.592409124896,25959.368129879906,25334.678970859903,22452.673417669947,25887.668294835516,27163.207156687415,25681.234206564823,24050.40974670218,23460.446813303704,27892.754663410255,27615.146264875097,23763.29357311026,34194.15830953058
PWY-5692,97.26993522515113,41.823808471582915,28.960836434489526,93.07758360602473,58.04500408480854,78.93581491015283,22.553124066373254,51.78914905918213,74.09849319193344,41.14570118086889,67.06162138,59.23163798044721,79.09676364427818,38.66576009613864,44.10901249889497,18.91154192472841,27.556952885541676,36.02680859772161,12.053890635889658,7.720008092251669,43.75002014263365,61.86787922881049,44.52228796954651,80.42497607645241,68.85305476929287,125.14816391361813,74.57203314,98.39336946126873,22.957400736781445,53.61592993241802,18.074440966732276,47.732590529247915,40.78650235102493,52.21363446197878,54.027513027242534,77.55832567904474,67.73119245,84.43615608917217,103.78123113111508,16.964115770027433,49.24584103512015,30.778361857415526,63.67709727,67.20261616023981,83.85499858503593,81.71123265151276,51.14429559779702,17.20228023612512,106.12188022177216
PWY-5695,25431.49651534306,28925.933357732545,27860.28286231897,23359.524101357947,27840.383923983678,27217.328312111254,23140.064579797196,21699.08293131563,28508.120819448348,27947.377287827156,27776.048304705757,28535.115954573997,27517.687725468782,23907.801005357218,27687.823683506776,25860.84759310541,24042.61294817626,18774.76031378121,25375.595702953684,27621.67939446702,22614.89139950297,29947.766681798566,25574.75306470242,22850.090073145508,32179.243349756267,34820.40253100801,29741.09047,22663.070883731703,23865.90886023903,31291.703734915296,22626.953077609218,20928.295145328884,29367.693652106816,31559.51628564824,28824.651392763615,24326.47402440795,23983.38315733397,24350.061769032272,23071.92102693189,21350.173189377663,24248.56248416918,26135.076944801785,23694.92030022885,22471.43851513356,22130.946524109768,26519.27209747481,26124.43662694291,24021.62714929247,32474.688729919588
PWY-5705,97.26993522515113,41.823808471582915,31.131424591644635,93.07758360602473,58.04500408480854,78.93581491015283,22.553124066373254,51.78914905918213,74.09849319193344,41.14570118086889,67.06162138,59.23163798044721,79.09676364427818,38.66576009613864,44.10901249889497,16.80590276490885,27.556952885541676,36.02680859772161,26.851529117462928,26.408304498269896,43.75002014263365,61.86787922881049,44.52228796954651,80.42497607645241,68.85305476929287,125.14816391361813,74.57203314,98.39336946126873,22.957400736781445,53.61592993241802,28.78649621934952,47.732590529247915,36.37143237465841,52.21363446197878,54.027513027242534,61.10323914541695,67.73119245,84.43615608917217,103.78123113111508,0,49.24584103512015,30.778361857415526,63.67709727,67.20261616023981,83.85499858503593,81.71123265151276,51.14429559779702,3.9592000839072825,106.12188022177216
PWY-5723,76.81719907709021,72.07055457294878,180.8242112275903,57.614834250026064,784.2394115748315,17.489542213859604,24.477759917780233,389.8788918854803,41.93924271070984,481.7850970231404,62.75922126096659,55.39935551548554,139.28376392547182,206.8044207515933,921.3824747069875,55.88414814050802,181.5918588937527,371.1725109,638.8606084915505,251.1933122243757,609.2182992351603,139.42386921810757,221.25860290681337,90.70917945564912,243.86339981878118,293.2342815250218,156.74779461559322,34.95229983878851,102.3427821602917,382.0905120048441,140.54675969737244,17.48633877999281,17.489406321574567,10.496583138046134,515.6973854612846,232.38229953138296,1353.1395207553592,134.50774632681635,167.0715895601919,77.22447128467456,27.481389421600934,137.59198696717687,13.992730829125039,55.885992399588005,132.28182028055437,111.53429075106136,218.71858187504753,614.4540684973722,80.31734701541559
PWY-5733,0,0,0,0,0,0,0,0,3,0,0,0,8,0,0,0,0,0,0,4,0,0,6,0,10,0,0,0,4,0,0,0,0,0,0,0,0,0,0,0,0,0,0,0,0,3,0,0,0
PWY-5742,3.320754716981132,1.864077669902913,0,3.769633507853403,0,3.1578947368421053,4.605166051660516,9.651980218825738,2.576271186440678,0,2.863845398646205,0,1.5384615384615388,0,3.0547542552464284,0,1.8848167539267016,1.9349457881567975,0,2.311080041943377,0,2.1132075471698113,0,1.5334685598377282,2.7213822894168462,6.845151033386328,0,1.4035087719298245,6.970954356846472,0,0,0,1.5645137119736252,0,2.2876254180602005,0,0,0,5.124555160142349,1.6363636363636362,0,0,5.599999999999999,0,0,0,1.4693877551020407,1.527483124,0
PWY-5747,5.295039498016993,8.584676434,19.649399711378003,7.079828464663381,79.09138142127979,4.9349311926882615,19.252919313884746,39.51260551,26.126933957375584,16.793447143851374,12.325481229285826,0.7232731186738307,37.15688085878724,2.486140550053554,3.957815008454242,7.372976562443051,36.86808684427619,2.485650106650571,0,12.733304174093957,26.67121197841592,30.938859216071545,14.460218945023684,6.899521785170407,30.08701327291062,35.06522665473469,0,9.702057937868483,25.253903918722006,33.11357097203067,0,0,3.2288196774628934,10.27575373192546,2.9857550843278293,9.851826386038127,4.9564234894004535,10.24177272517347,53.54090259144929,2.485581207816409,8.914005593168406,11.08170779450914,18.149067405164303,7.746599935097041,30.536863515882654,14.17616969942719,14.110159671702398,4.436335046977843,21.44310078441206
PWY-5749,0,0,0,0,0,0,0,0,0,0,0,0,0,0,0,0,0,0,0,0,0,0,0,0,0,4.909090909090908,0,0,0,0,0,0,0,0,0,0,0,0,0,0,0,0,0,0,0,0,0,0,2.4
PWY-5837,2270.5040173514535,3447.2049888923834,3311.2544240212983,3406.692145373407,5044.2551067612285,2832.568085165715,2837.449410454495,2514.2583551448943,2058.9325601460478,3003.8904946216558,4739.980904360865,3155.586069645306,3268.9542655125306,3230.9803652913383,4863.603309419695,2820.705862344805,2376.3451368399487,2908.2467580659095,3376.0421192407534,5825.289628606234,3726.3117537388475,2357.2330900033944,1943.5657235285516,1895.190873497373,4578.399253681466,1948.4013465368776,2285.198633975851,1915.291096343523,2610.892229465936,2952.778776125763,2255.800522413531,1684.4975985987383,2623.8851559977115,2113.6763471762597,3801.0556594228215,3034.084432017358,2309.7175848537295,2025.2803711322842,1698.4205279860942,1779.8089567484967,1726.7697423285201,2315.848192397835,1876.635261555242,695.6784404489193,2127.481069939434,1854.6568065681668,2796.6430186690527,1776.166884443139,2227.738898508494
PWY-5838,5139.538544120225,7814.594901737502,7420.859256620085,7070.086257206579,9983.669339177073,6656.907478419744,6119.739307525999,5651.797960580918,5246.851228592096,6859.239868383537,9430.24393,7434.445036283903,7332.197553075044,6909.334323586727,9603.61149,6568.086875173545,5759.604636079513,5993.681919329826,7437.637723335508,10738.179201251616,7469.805728,5963.977133872682,4923.920511413622,4606.473379456936,9425.923659508511,5279.633904386141,5779.1821209743575,4710.117900912446,5937.787578492888,7064.795133812028,5369.902219186552,4260.750637481038,6447.779706459161,5605.982473720737,8357.398014667227,6803.786083553812,5523.042843057419,4938.185067990384,4194.699652,4486.967018789291,4497.191045577006,5696.014312217964,4743.563137938529,2049.3178766233054,5075.082506456283,4835.093543948094,6583.610784821876,4668.347874047647,5790.069842970037
PWY-5840,5157.916876576139,7699.174244291141,7328.020575118916,7008.904353304294,9736.412183035145,6598.667368909816,6092.2795958239385,5603.840704582202,5218.889852567664,6802.21981,9274.085882,7305.4057345442625,7256.491441041074,6816.719068593699,9384.324584644646,6481.441695,5685.808904338255,5893.957683684911,7300.128286651404,10480.38091196486,7361.2415200621035,5913.414497170738,4896.026403,4594.707529780074,9346.990190237795,5263.834534716473,5743.142788,4679.667740079244,5890.768343907391,7003.929606929108,5305.190261171297,4221.748031877714,6391.396135805882,5546.643834210786,8222.595266707953,6700.914793401486,5481.776280083599,4926.853522084826,4198.968224269249,4434.8883248732955,4458.914788356617,5641.415760868506,4714.869966665327,2050.422372624092,5039.366940843428,4804.312388087232,6511.513509240072,4601.974635247724,5758.859825992168
PWY-5845,1993.918964589177,5789.9558983071565,3943.644075350343,4645.107933625642,7968.019383155044,3559.923542789402,3481.3871321846905,3847.2641410739257,2407.3504432581212,3549.457396300736,6538.098703,3343.322868678335,3800.965565241511,4586.780157824165,7823.812290137293,3238.8640277343256,3378.5574750844726,4806.351917525461,5466.130831711725,9122.676597093909,5475.823999540086,3207.564157838969,2270.903661348459,2840.9652704460977,7327.628306647745,3625.4028442578174,3560.080996532451,2182.1558340161505,3765.5576092584024,4338.678598656535,2397.896588082698,1861.7063428968706,2645.7413567101194,2442.0168551139404,6457.623213108789,5020.951231052012,4171.71312,3063.8181910791805,2010.3133818090346,2521.6174794204394,2549.6415,3510.1157708972437,2942.071631640246,1105.037001356868,2158.482163426263,1943.9653858329555,4392.061888976186,2783.018192185205,2883.3621614577255
PWY-5850,1993.918964589177,5789.9558983071565,3943.644075350343,4645.107933625642,7968.019383155044,3559.923542789402,3481.3871321846905,3847.2641410739257,2407.3504432581212,3549.457396300736,6538.098703,3343.322868678335,3800.965565241511,4586.780157824165,7823.812290137293,3238.8640277343256,3378.5574750844726,4806.351917525461,5466.130831711725,9122.676597093909,5475.823999540086,3207.564157838969,2270.903661348459,2840.9652704460977,7327.628306647745,3625.4028442578174,3560.080996532451,2182.1558340161505,3765.5576092584024,4338.678598656535,2397.896588082698,1861.7063428968706,2645.7413567101194,2442.0168551139404,6457.623213108789,5020.951231052012,4171.71312,3063.8181910791805,2010.3133818090346,2521.6174794204394,2549.6415,3510.1157708972437,2942.071631640246,1105.037001356868,2158.482163426263,1943.9653858329555,4392.061888976186,2783.018192185205,2883.3621614577255
PWY-5855,2452.5851246815264,3622.351581267067,3003.351900215473,2769.0104402807915,4132.1378108941935,2069.365294743188,1999.477066329123,2019.3126362734577,3944.5682348003543,1818.2432143307497,4105.658230772453,3515.9414686034506,2379.065429355424,3324.796908769763,5491.143705172638,2824.9756499062446,2404.5229384227455,3322.9978077790606,2640.573199948142,5428.948428,3314.1471111031738,3909.557841588692,3145.565176826647,2138.093961145376,4132.829152388926,1997.1002270010915,2480.4414644439007,2216.2818276062826,2221.253626458594,3492.473739083935,2871.2704139774114,2459.435035163257,3159.4491908550417,2326.029833168795,3025.8873499494766,3153.815420145349,2761.2542795082327,1489.4641972463105,2665.3690678862204,2114.0837815677673,2068.5360052097153,3154.317411076051,2542.1026652325704,2691.097268258331,2348.8660484077564,2238.4428073355607,3277.8409565251336,3410.3579382415865,3352.686106044918
PWY-5860,1419.609143026578,4377.321627070986,2883.709535,3533.7441661549888,6333.288409446331,2579.517739709487,2579.9297644404287,2879.9983574254766,1701.419473283499,2579.0038094682745,5057.9131675921535,2387.586939129451,2772.4585761210724,3469.6252529957173,6222.061893644437,2333.055845115511,2452.500425,3771.4322325671924,4169.898543889736,7517.080908357442,4285.544489948629,2290.131221463704,1604.843756692641,2073.6976288936194,5726.389165973164,2594.1470515110286,2569.362489728369,1551.9324223172666,2796.5296415730445,3172.3595354459594,1711.3889121922598,1312.5751826099602,1867.3931926201217,1708.6582298844553,4953.319684238428,3795.342975700185,3115.978667627603,2232.1615100517824,1430.1731368378357,1808.0512629845075,1817.5283982839876,2548.9818887768606,2123.1205830340027,763.9279401586125,1533.1708893870436,1357.615716008385,3251.4425347343067,1983.3870128694036,2040.8991308434552
PWY-5861,4098.580748477886,6198.498288611565,5932.970898713272,5806.2880619237685,8341.072226143822,5218.066798035086,4954.095578305834,4489.595000410566,3991.4006034434447,5439.8104217048885,7852.486638281808,5815.9477908608405,5860.5907085004565,5608.953196336119,7988.032191555213,5157.987434420422,4460.199747628075,4918.1671480301775,5985.379489570029,9234.171244,6241.432154365616,4534.702394541973,3742.2500458890804,3573.0934204216633,7748.273640642566,3908.591441966668,4397.2439832559785,3630.7168986669108,4720.142295671756,5500.072632671725,4199.789523805282,3244.6536800314034,4970.2965225177695,4191.475484085769,6707.677231,5399.623061357846,4292.741540912004,3814.371433848157,3218.9754191085526,3418.488751279516,3384.9967336704376,4379.8331449760235,3605.188973522423,1462.9416785850906,3954.5709176105634,3633.738994699032,5158.120801617862,3490.1861542220095,4370.279071364194
PWY-5862,1419.609143026578,4377.321627070986,2883.709535,3533.7441661549888,6333.288409446331,2579.517739709487,2579.9297644404287,2879.9983574254766,1701.419473283499,2579.0038094682745,5057.9131675921535,2387.586939129451,2772.4585761210724,3469.6252529957173,6222.061893644437,2333.055845115511,2452.500425,3771.4322325671924,4169.898543889736,7517.080908357442,4285.544489948629,2290.131221463704,1604.843756692641,2073.6976288936194,5726.389165973164,2594.1470515110286,2569.362489728369,1551.9324223172666,2796.5296415730445,3172.3595354459594,1711.3889121922598,1312.5751826099602,1867.3931926201217,1708.6582298844553,4953.319684238428,3795.342975700185,3115.978667627603,2232.1615100517824,1430.1731368378357,1808.0512629845075,1817.5283982839876,2548.9818887768606,2123.1205830340027,763.9279401586125,1533.1708893870436,1357.615716008385,3251.4425347343067,1983.3870128694036,2040.8991308434552
PWY-5896,1993.918964589177,5789.9558983071565,3943.644075350343,4645.107933625642,7968.019383155044,3559.923542789402,3481.3871321846905,3847.2641410739257,2407.3504432581212,3549.457396300736,6538.098703,3343.322868678335,3800.965565241511,4586.780157824165,7823.812290137293,3238.8640277343256,3378.5574750844726,4806.351917525461,5466.130831711725,9122.676597093909,5475.823999540086,3207.564157838969,2270.903661348459,2840.9652704460977,7327.628306647745,3625.4028442578174,3560.080996532451,2182.1558340161505,3765.5576092584024,4338.678598656535,2397.896588082698,1861.7063428968706,2645.7413567101194,2442.0168551139404,6457.623213108789,5020.951231052012,4171.71312,3063.8181910791805,2010.3133818090346,2521.6174794204394,2549.6415,3510.1157708972437,2942.071631640246,1105.037001356868,2158.482163426263,1943.9653858329555,4392.061888976186,2783.018192185205,2883.3621614577255
PWY-5897,4777.839365514152,7264.638824570433,6906.897717566986,6642.268837541989,9428.451485567186,6162.884086624556,5722.991585810914,5259.041679591216,4803.461806429985,6369.002691314134,8902.446608,6877.740472133584,6822.940116031529,6464.827156240454,9069.607349057298,6086.049566243301,5309.5625811073905,5631.908420902795,6936.151576064713,10213.439770163217,7041.546451077721,5467.606149233048,4512.625098194353,4243.818922726033,8857.370975312004,4794.370752805935,5295.645438919316,4333.9446641837385,5517.455964489149,6519.783169119146,4959.356612488432,3904.8967829351977,5932.415674183869,5106.417799463968,7796.742049756554,6332.067525967071,5097.494691,4549.792208684668,3856.415048844209,4115.128246552321,4106.463901291079,5241.093443155475,4349.944713867805,1838.0217134794575,4688.765729088783,4414.780920989003,6093.245085011247,4256.770144101954,5288.717078487302
PWY-5898,4777.839365514152,7264.638824570433,6906.897717566986,6642.268837541989,9428.451485567186,6162.884086624556,5722.991585810914,5259.041679591216,4803.461806429985,6369.002691314134,8902.446608,6877.740472133584,6822.940116031529,6464.827156240454,9069.607349057298,6086.049566243301,5309.5625811073905,5631.908420902795,6936.151576064713,10213.439770163217,7041.546451077721,5467.606149233048,4512.625098194353,4243.818922726033,8857.370975312004,4794.370752805935,5295.645438919316,4333.9446641837385,5517.455964489149,6519.783169119146,4959.356612488432,3904.8967829351977,5932.415674183869,5106.417799463968,7796.742049756554,6332.067525967071,5097.494691,4549.792208684668,3856.415048844209,4115.128246552321,4106.463901291079,5241.093443155475,4349.944713867805,1838.0217134794575,4688.765729088783,4414.780920989003,6093.245085011247,4256.770144101954,5288.717078487302
PWY-5899,4777.839365514152,7264.638824570433,6906.897717566986,6642.268837541989,9428.451485567186,6162.884086624556,5722.991585810914,5259.041679591216,4803.461806429985,6369.002691314134,8902.446608,6877.740472133584,6822.940116031529,6464.827156240454,9069.607349057298,6086.049566243301,5309.5625811073905,5631.908420902795,6936.151576064713,10213.439770163217,7041.546451077721,5467.606149233048,4512.625098194353,4243.818922726033,8857.370975312004,4794.370752805935,5295.645438919316,4333.9446641837385,5517.455964489149,6519.783169119146,4959.356612488432,3904.8967829351977,5932.415674183869,5106.417799463968,7796.742049756554,6332.067525967071,5097.494691,4549.792208684668,3856.415048844209,4115.128246552321,4106.463901291079,5241.093443155475,4349.944713867805,1838.0217134794575,4688.765729088783,4414.780920989003,6093.245085011247,4256.770144101954,5288.717078487302
PWY-5910,211.85583834320823,289.34066494630866,266.8342063,296.77419323783477,460.41933710370085,51.75337208123108,151.0636886,671.1586665803338,187.38733814766755,620.4880191188156,212.90146150490406,203.04059733237725,203.6205371,348.1051891459964,624.6396845386517,159.69257419527094,355.64638267810017,312.1942888696065,305.2908965649293,423.7875174462546,660.9387379187616,1298.6794129066072,381.04025507487046,176.29930433833002,402.2628112772202,537.1409349151087,604.1808163017722,263.5846821619404,292.3382515561553,499.30034377283863,432.61077137640495,33.51567898436256,298.3075715460169,127.46044875083977,528.5315478668591,415.9994816785523,526.3623171,423.88703573658825,132.92397837912225,276.8598593,239.30388998204558,263.21205965336605,102.59856808691214,211.42567972931184,90.90619311962821,436.45323185355795,394.9920766509021,342.08837124061904,125.56146759920611
PWY-5913,194.44203608670892,111.7400239558378,92.30395349386788,120.77301649075513,102.12192537881018,147.98320635535896,223.91674028276023,327.08908275065903,199.1196666,236.39469618754958,158.90671711466442,57.62959090722393,236.0837763419155,151.57807633894694,172.89398438110175,134.95481810168278,116.91173031178671,141.17511864063258,56.33990581367176,332.80963781876346,228.53033611648692,107.5558297865703,182.41103969647315,135.69116250067026,346.45018493561986,340.84987525951715,187.81067355620957,169.02378198652542,214.09716490219125,76.45000018946344,197.3387357,36.39772229596046,158.85481265150975,102.2455414310213,142.03378879781113,183.47612492507005,22.76447733334229,119.88282183069845,80.19449602850874,81.20836995482371,105.27899821472575,123.6749143963051,121.69638333141869,250.78839278787032,37.81726438327715,148.0072564353199,169.18876921032927,68.74190381612583,120.77508693411997
PWY-5918,1736.0900095229783,3620.082243205221,1961.2174235308848,2152.1003892698823,3861.0705427140656,1790.228784462132,1904.5202039126466,2380.164330240738,1901.987857238795,2004.9591725149382,3112.6920248340807,2089.160792570174,2010.883562,2803.8364527240064,4442.755206543531,2543.4424445110776,2426.2833754118346,3220.9292511742146,2949.6002331370564,3791.1221739360317,2292.6619139165664,2422.462110046131,1949.2560402380345,1730.2820370751551,4403.808445946351,2283.4122579636905,1970.958785065005,1438.5723353706069,2356.539861783779,2634.789448225134,1195.7584941813434,1596.7759248285024,1577.8821003819091,2276.306227,3793.6081314380904,3042.193529439378,3340.374729813911,2046.6472546343311,1625.768376742445,1586.1643022674896,1527.4266069433775,2836.860342133908,1911.1893775046362,1842.9499457015675,1565.574308939171,1851.0694144879692,2299.2944398899344,3118.352913096282,1726.6384837289804
PWY-5920,653.6092015313259,145.17203637555352,200.55519084823192,193.35323288777337,436.44258084178153,245.09744382083878,121.66433621718986,281.0688195345626,794.7534626663265,181.78106699252862,226.05381497587578,467.9675463955282,416.16859631004644,463.43042046114823,372.7648783665845,646.4519246,195.10609979319904,142.78976116142434,31.72526579783473,40.45520247002605,261.77395716128007,815.4513473311983,51.00472739,120.55928778055669,292.87575533868164,222.71011121224242,103.89285161849779,297.4598254786588,150.53763396069817,390.3809015348327,103.42693520736431,456.9389238404823,174.20307557447066,277.5310974570854,433.5936572589357,845.2331030114174,176.11598558696843,89.38876092969608,269.35670827762243,127.70549741821968,171.27000234955833,198.40047817607228,200.95861695410238,642.7224694,429.85309521110105,47.88265111096614,314.1190243716663,138.28471215373193,170.51517509420066
PWY-5973,24058.992080829346,22318.33558452173,21540.18126599372,19408.310861680136,21758.27744036912,20079.651544195312,19319.562283984666,17525.23616946543,22238.36417177168,22270.222525783385,22321.832669865224,21800.869271498555,21465.213754959233,19517.527161454585,22962.514574083507,21530.653174204304,17732.51522774265,15272.140552837098,19358.180024667636,22976.336409398722,19470.710427215537,23153.15097049149,21269.848875151132,20340.27933957624,26805.776253115815,27544.599841094456,25336.193619163074,17902.465937673667,19691.872179036556,25130.73404407955,17795.15504372797,17147.495311225575,22494.725365755992,24218.94188909397,21140.000157569895,17975.79877192644,19774.72852179884,20398.873651358128,20819.478048319288,16359.549708607334,19097.749714097983,20542.471659124145,18214.399513582142,19457.473415006363,17815.89746892152,20024.69321432108,20247.708686270653,19973.34361,26673.45546351755
PWY-5989,18070.66459873167,16572.20110713924,16016.205168326678,13292.037219993024,17147.308209060993,12261.945589974104,13689.376274248882,10655.494594919302,18059.66482583076,14644.52049,18629.419053813526,15191.00919783163,14174.375988856855,15413.270031144812,18925.667957618956,14580.87034818247,12418.989981929011,13145.115479565007,14308.347149541176,18190.58552,15994.51161446856,15403.74720848101,17299.30306379918,11656.708956351618,19398.78322902578,17333.681159711832,18722.44727995338,13336.981122291874,13559.067447221625,18244.95214,14757.703525833553,12239.504302167288,15977.553908537748,14667.495928803257,14432.23166489793,11755.682547039762,15040.495041093374,13050.564658301444,13555.50005763919,10226.37570625264,13448.712045507751,13761.83704700694,11533.539013598662,12548.512390879043,12309.500713228177,14136.477895329623,14649.66744,20436.356898484875,17484.003892393604
PWY-6071,4.482756134228455,0,0,10.236738955479169,0,14.178177728865087,26.247872723140446,39.77236748639513,20.869042782332517,19.211872206915995,4.754172035645235,0,1.816982246268786,13.923420365989157,0,0,16.64655959381781,1.0850344514111534,0,25.717629080248482,18.834495464747146,12.06031717084402,0.36494083569213404,0,8.380875412779126,47.845322565757414,0,0,11.135677407768329,0,0,0,1.4503212286553224,6.425901380259115,3.311724558598734,15.40497754,0,1.0092456013836815,2.074043493400589,0,1.0834675982138153,0.5364049365890695,0,0,0,8.755307791471099,13.19555753493077,0,6.545001161022687
PWY-6084,102.87845156707803,95.84707472485034,73.40611597513005,112.07519555239512,90.80495356037152,127.02975856260528,109.44568632500645,98.61869988643794,78.71303046179177,37.78385619,81.11119573011563,66.43208062145706,130.6604281984334,84.53181933734429,73.66772237196766,71.65170683440525,54.89272074991321,56.550607287449395,57.91868967534366,57.574471243042666,98.99241466498104,84.86471975331035,84.66310838661947,68.62196908,115.69757444291068,83.58913005873197,91.16550258,43.302845797485105,85.03852825810729,32.219498695342764,48.75330396475772,79.08736985061114,67.62126696832578,86.79688971635089,63.25064288,16.083456425406204,46.82794073178107,36.57363224532465,116.69832879906721,56.19273837801154,61.61258614688479,34.78438212800215,49.37651642,18.21551874,102.37422799679631,105.13048612477859,52.72477699653689,40.12147661037214,28.937423312883432
PWY-6121,27929.83625538741,31349.07204063432,30352.286519418965,25521.23583595991,30275.954678528073,29770.278509902546,25345.366578877205,24250.43730624509,30769.845474924536,30969.11915927607,29912.05489331336,31042.2316,30151.573132473117,26183.79694359177,30207.46946649824,28135.318752043597,26210.094908143234,20388.315876244684,28033.61421210233,30407.61976878583,25496.748434319834,32175.53562049551,27915.416709238238,25864.528053125752,35012.21574390825,38312.700475775695,33017.43358610195,24331.140429366973,26244.568510397872,34724.265225653486,24974.73489039451,23040.37816966848,31782.140987482337,34285.75306841997,31575.043573900723,26029.94902126987,26634.865475720602,26680.993865567245,25746.482822659385,23359.31647778905,26748.22608120432,28188.300705739523,26205.34718352885,24205.244449923386,23894.54980712574,28695.170991668827,28507.29024339342,25504.764866305613,34880.93924
PWY-6122,28657.810594070208,31117.412860667762,30397.37812190136,25352.05691245183,30022.76006450178,29313.21032999331,25152.408942645645,24024.67589358034,31490.371181211005,30732.726574802557,29727.442038976453,30959.212182810792,29901.114541580282,26308.947266209663,29931.963359450056,27963.396668337416,25783.641660984358,20267.536498451802,27599.943528766365,30242.129026729246,25649.33892505484,32200.90414085839,28080.001267915293,25807.877342238233,34725.63381879489,37797.48930162697,33093.695148045816,24764.894213913314,26098.154428534057,34771.738848945824,25211.18856433536,23164.78563416655,31951.343470089007,34037.965952425904,31097.481386184158,25893.60086417219,26550.920857737656,26445.879044258145,25771.769597887116,23324.602961223834,26507.90845956943,28107.75337205424,25927.964757394147,24864.98106113027,24035.87667392662,28497.618908791832,28348.11674109629,25659.29746846347,35204.492718657704
PWY-6123,25666.658435595826,28850.376207587546,27111.532343636492,23532.181131271413,27305.248261093817,27569.075464111505,23288.95978133368,21874.170758981432,27330.560371210668,27816.83004616327,27353.00329014931,27975.863493004977,27180.77308737062,23194.061233597862,26810.519898234954,25601.19874129337,23969.999615941935,18545.477124796533,25282.533820123954,26869.864126988497,22593.31491339336,29944.995275780842,25511.857095539865,24236.32582833354,32178.255151995876,35140.73040373384,29558.20599922893,22010.031694285026,24076.17098857545,30771.14106146441,21790.613652410124,20679.55294808194,28896.205836525725,32074.443074247152,28592.32157988798,23780.317220158253,23912.245054075658,25106.979511053585,24138.349962801763,21174.271070321858,24738.377410808298,26011.82079966565,24628.03368513346,22321.062897091757,22138.555118807548,26741.439235217935,26183.78506646211,24068.807333570858,32292.96982071605
PWY-6124,27057.80892949979,30466.27038732264,28461.689314065403,24782.96677989757,28842.899341108034,28962.576856155138,24649.808654091008,23076.960280826184,28839.843228381204,29427.15252105952,28725.760008539357,29429.012310244787,28720.390394320697,24476.573749111656,28528.11430375368,27004.565925931867,25397.59457371535,19934.889549551797,26977.739325383987,28269.409984356964,23784.48210504198,31457.99682710481,26844.12108401071,25764.38233453413,33944.49294247902,37185.07721776953,31279.468771848475,23130.16016045051,25454.711886552243,32488.84052229476,23049.971710576832,21776.37412509104,30447.203013688795,33794.98037243025,30275.913584438815,25066.695958631557,25557.42544353664,26751.507072678378,25458.11001866713,22205.916534380252,26151.159468397807,27359.25479183141,25975.06531286857,23495.73849114205,23273.012178609675,28355.95564983085,27576.61160990033,26119.34523928792,33926.82116281795
PWY-6125,12231.803840217397,13264.155306912857,11324.353585888912,9716.639384309037,13733.241447039034,10995.225923883048,10032.085485278718,10293.392375271873,11401.990141270418,13022.05941137111,12215.568291004898,11806.786130453651,11097.973456656071,11455.514733620845,14621.950567629516,11618.554064345066,9398.478220439434,9338.932868,11280.603448337584,13737.587942066557,11427.14194270812,12700.243478278648,10730.199370726532,10832.65961672017,15158.562609793427,14452.221960984261,13371.766854887295,9444.083074,10605.73429488436,14831.583449993666,9320.089281,9559.555677861325,11264.499432819288,13438.937474242633,13217.210543961028,11140.111589010477,11764.942434573019,10322.74729711997,10122.507751631825,9534.224737207873,10220.285662621194,11597.79662602003,9960.083820444952,9639.775293782202,9035.612159065535,10219.041952487878,10134.717134019766,10876.989887695278,13125.814684201345
PWY-6126,12205.234813483927,13200.03268986391,11281.068179095442,9688.112388849571,13711.677784032245,10945.72761627096,9981.287871558186,10275.96551482858,11370.852192944363,12947.310319605576,12160.951069089811,11753.511862541174,11070.187432309434,11416.76128165374,14575.629584707127,11565.256102580428,9373.217193579181,9303.231970967763,11263.224485952802,13735.557444013188,11412.305310026615,12660.258740791343,10677.123190583003,10758.43690665172,15077.900845607577,14393.48048549613,13335.117544066337,9441.254799098215,10545.523870175677,14762.00269533016,9298.017132081493,9502.880086115847,11218.684308711256,13363.618149445427,13190.775408257039,11151.63252322055,11733.18660545349,10290.487829725136,10059.804262953308,9492.255758428284,10181.83501002547,11544.727433061455,9923.406789625684,9656.800865802781,8993.710365756584,10175.398060764006,10123.314397033186,10875.785406233434,13097.24305715693
PWY-6141,1437.2512582512024,546.9554604103865,381.2467586641362,272.53766077994226,302.14987518735046,459.34364069608733,453.9863741931085,490.7976695515787,936.7546682205989,629.2242787272245,388.3599150015919,316.23760628965374,380.9630328681954,744.4058622781233,410.9125966457821,456.2851509307459,267.67663887991756,217.1796296,229.50914378080813,298.1476065388249,483.5629662348403,397.11050107253766,436.77598446752273,372.53242170821403,333.99413103304653,546.4106572126556,550.2855970170812,850.9373339359204,571.9134548616801,654.3727087398323,329.9755558774451,382.6306499209643,297.5333995260761,379.27294244888975,405.3533540823373,582.2208662424836,351.16627032087905,413.9431869220251,351.4268663932668,343.2818526285194,474.90897956801865,349.6119049639557,445.19218617319433,890.2809208620514,499.9855762658861,503.9693540618081,384.6304819990278,323.48932568864564,423.2422111665272
PWY-6142,0,0,0,0,0,0,0,0,0,0,27.936252627662856,0,0,0,0,0,0,0,0,44.16870695593522,0,0,0,0,0,0,0,0,0,0,0,0,0,0,0,0,0,0,0,0,0,0,0,0,0,0,0,0,27.980059601281308
PWY-6143,7.7075302799615555,13.233200661320234,19.153269824917594,7.604089720422204,5.749133987506501,11.175344380485782,16.457435892070208,16.954877195565757,9.900380448544325,9.682465305857296,14.166841048755703,0,0,0,0,5.8030445239177215,3.862014645233034,12.530862184490937,9.333376837777095,10.81606215863622,10.520611639952318,23.222717314937306,0,13.82731497,18.216597313121785,5.702422378065128,14.623970341319042,5.722426842325456,13.158361117602212,7.721143476836687,0,7.6484286968435615,7.399859281,11.297077089429191,0,14.702096961344541,9.262128756817287,0,9.318493891270396,9.097299163509096,7.537131635085395,5.861763806516297,0,0,0,16.711957919463615,12.957473351381028,0,0
PWY-6147,17080.689040287685,20282.82651329051,19487.288642970063,17042.013432465814,20217.73084597843,19717.98717675678,16360.898048250854,16051.711644048995,19320.005679121416,20541.153938433523,19974.04285667486,20687.703653093122,20528.47096569833,17052.211140612475,21233.78154126675,19153.43761,17736.36814502485,14077.48288163786,18567.880580540448,20908.582426418656,17344.212428824096,19482.985810836584,17944.821348600995,15352.530675504668,22341.98964268896,24520.402364648617,21285.719637271824,14676.102586649253,17298.08286841927,22494.068848856794,16701.434431018544,15120.295473731758,20255.455455124506,21358.59615803749,20679.37209270877,16015.252923765243,17363.863827565372,17009.424815099752,15366.912846367599,14679.187433572122,17475.032004374723,17565.621732341024,16003.56723332739,13546.159370822435,14600.582961111855,18141.73137378549,18270.59317171668,18149.58252353811,21012.52949735708
PWY-6148,2098.5376331946222,1025.8546906887736,599.5014017621306,426.5046356381484,525.0519283594409,596.0743839919912,586.4428321619298,768.8154759975557,1305.1021938566073,829.1230230916005,681.1329158220173,447.0268119,564.5881835410477,1137.3228947327552,727.7312105,586.7465341763464,461.2714679966564,394.49699469961973,397.43895769995424,482.5277495404538,747.6246269139158,518.9265355115203,580.2329384834987,476.8336763032767,535.5226120923935,738.1385575363253,701.1154032594277,1207.2355120351776,812.4204490293401,868.1075060896388,405.88617511503514,482.2129227845759,356.1505095609479,505.1598042753933,712.4922881239931,1022.0063778646279,518.5265686341417,557.1264043376126,441.36143722331946,459.44337072971274,647.9640465344382,563.6672133020303,600.4884920178516,1336.448644424667,689.2998592,674.9452638075009,615.8306621898319,466.37882036091065,583.7914564975889
PWY-6151,17092.83376171588,18240.51581904145,17021.969281259615,16670.764048578534,17951.622238060125,19020.260482759786,16196.895620110232,14563.997427407226,17715.038532365073,18048.09391130794,18452.89956,17624.78889121348,18257.967599431053,14750.200507272955,18144.449906482903,16510.78243945195,16643.25683420177,12898.284786909458,17189.343967198318,18644.518245428804,15062.635340647723,18726.010841517404,16406.76618,15274.590116477275,20801.099277407262,23766.645493245505,18325.12221482165,13244.82287284714,15886.996325354905,18679.03032658009,14163.193794738376,12756.057896171907,17862.442032787716,19409.956036614083,18406.972768407282,14441.547563894725,15493.766601440624,17271.995055524316,16068.52833904042,12591.866329545554,16352.746894328842,16152.867204883465,15990.937972877673,14443.89489818497,13927.09926187848,17660.39364682558,17303.59492,16619.775801868956,19477.080502457153
PWY-6160,1395.0744696118431,448.4325005125411,306.90696893226254,224.0145328588876,240.83018642763508,380.9904512917665,372.9672563,413.3399476659636,838.8446952985945,519.0162515654812,316.41189332853685,240.02728793924993,310.9212685818843,633.0214152,319.7582315377238,374.9395245369879,223.39718136212863,167.37504120928799,175.42005893607555,238.1108981461022,392.34664766928904,337.2239747765949,371.9282257525023,301.19603351062835,266.76101046848953,462.8620310097235,451.1931107170292,775.7531487547457,483.96045908176393,509.24830052278713,251.7843178637892,299.9451372278445,232.77668872124556,321.7878349394903,324.5965260014911,500.6938659430742,277.78972866830225,336.84743017218796,281.9356761067195,280.7574434723258,408.32303757966207,280.0568256414201,368.3501198576405,863.7996618809594,445.72448818061264,425.2739259640086,328.8912886,264.0275816353325,369.09888445193553
PWY-6163,24594.372275039794,26856.00708197071,25273.416620180367,21874.11513224924,25610.541249144506,25587.83210332389,21968.312856088538,20549.09864585001,26481.93041731914,25866.893482494652,25569.439831129363,26046.83869686081,25100.126564201673,21946.514385817005,25858.720351907486,23899.41053809274,22145.271804156582,17872.87269599473,23477.132606226496,25504.112635101224,21399.42689658692,28153.092708262342,24048.88965699786,22406.41258704405,30372.209483770035,32589.275246736735,27739.35935616427,21249.456542832366,22395.055134367296,29123.296737434786,20583.612600487435,19382.758061802775,27353.420657880128,29356.27981584063,26675.03644445871,22952.799744579155,22896.788909465882,23406.99883089875,22687.149489864332,19758.26553895432,22749.193502871538,24377.158434271212,22929.71866869952,22204.935073408313,20768.345009797467,24927.007904337894,24375.73047,22690.39774,30478.702181858527
PWY-6165,3392.5735642073164,1163.0598129607556,801.8811866034976,587.2436548745942,632.2068787484643,991.1149599647734,966.8183553929357,1066.1554727149169,2122.2170676865167,1338.5946075888362,826.4782030450982,630.2524082232773,812.0398691441136,1609.1829199055005,835.2591068131115,973.9939676546369,585.7845022740238,439.3909402319447,461.9560819304335,625.0980307589497,1014.8025609989911,881.4506604648292,966.5576407100161,785.3245652803852,700.9811538242633,1205.4181562433373,1171.019347,1947.9875655260207,1245.010616216434,1318.9068214375175,657.7277637,779.4363861610404,611.9363790918094,842.4874001480651,848.210633,1288.0168843883182,726.0051482885601,876.9868412546354,736.3834121563696,731.1093844309487,1056.7659730496966,732.6246273,956.4381200711691,2162.604192,1146.9235185595212,1102.3565566911948,857.5500811160205,690.5419384121924,964.5305096783715
PWY-6167,3706.8574770883583,1367.2354900966618,932.4916889134521,665.2681467826903,744.5024601634979,1139.5632357566874,1111.7873240818542,1240.5390781874266,2419.8239895495153,1564.0327777299647,960.3776474180501,748.1492371746176,944.7709093544424,1870.593579166421,1013.0772785784393,1129.6664274358998,666.0026711219338,521.0333514919848,542.6232990452842,717.3308612760638,1201.3525809477603,999.2870130070729,1096.128532185235,905.1102742836439,785.3877021553409,1388.4309516529993,1338.033611,2217.4010241605483,1443.453490497612,1563.4558832336988,784.809111,913.9807253830219,699.9696537013373,955.1351657747185,988.8721526182725,1512.9229496389248,853.5124944449574,1023.5395042912147,850.7809372153663,850.8439961895826,1223.9071796784915,871.9851548692764,1120.889612169828,2425.927453407215,1306.6686643764913,1274.7505876733571,981.2868291384053,809.4509483026173,1104.253709495267
PWY-6168,15464.083157531715,20350.285630527454,18402.946378357618,15591.26181480237,19886.066041773214,18779.683486674927,15048.944314714248,15192.341639706648,17207.53656183164,19274.000380078625,18851.327184572277,19365.31871811475,17883.88968569549,15797.21860577003,20400.002601130567,17424.35028340678,16848.038122921793,13489.815449419728,18190.547755638596,19430.09368125557,15933.334817561019,20284.954356938062,17020.072460331245,15348.60356129222,22056.628659179496,24047.009627998414,19631.639353938925,14426.024356633425,16169.316532669338,20773.83132364134,14608.582604792242,13944.90363535779,18908.992489373482,22069.60644873856,20884.319110454966,17230.127168718864,16864.50368268432,16723.240699597158,15146.222823655815,14746.823176243774,16992.508545022676,18282.152816545204,16981.884043574944,13845.694962904665,14416.048245943153,17948.478452036758,17964.711622672763,17765.55402942852,20757.94686
PWY-6182,0,0,0,0,0,0,4.742757601202734,0,6.021217275212909,14.784913873559695,3.7483368020201904,1.561184939,14.13425373883622,0,0,7.184923467215479,0,0,0,7.7192996226764485,0.8482922325595369,0,10.259402792475457,0,11.734620797785265,0,0,0,11.894802818738178,0,0,0,0,0,0,0,0,0.8439634679197199,4.138535935081678,0,0.8705771329558507,0,0,0,0,5.822157006346188,0,0,3.9549449095216547
PWY-6185,0,0,0,0,0,0,1.7204674223241758,0,6.323025002206674,14.756218540225689,6.274521866054325,1.2470968261494648,1.2187103505478627,0,0,5.9799731667590805,0,0,0,8.128080955213047,0.714816174,0,0.24790559941374807,0,7.251935185730134,0,0,0,10.901759422182717,0,0,0,0,0,0,0,0,0.8882545922867201,1.3628835061836726,0,0.6816154128320177,0,0,0,0,6.426230376691982,0,0,3.327355674248395
PWY-6210,22.99548845312011,0,14.557115786404935,28.35068919900466,22.37686088188714,5.797728501892916,0,0,51.23605333094115,0,14.589517652908999,10.621030345800989,43.44332755632582,29.015472208383745,57.197869328764064,10.468029260942476,13.897556740667245,12.024910950247042,0,0,9.349319301467341,0,0,7.391630591630593,13.190164783521286,16.05064424152741,0,13.931419804015228,21.177111066958076,3.8714009278903316,0,28.26453320713979,11.011914737078744,0,0,0,0,0,0,0,0,7.393542627585181,0,42.375755641122836,31.546308898206775,3.8910116448326058,42.35739338,0,9.366562825
PWY-622,19568.45196022181,17722.313551682815,16572.091413789632,16370.852737125659,16912.658391954777,18921.307031877364,17115.39756365021,15040.443465855198,17805.04237259556,18699.46833068384,17119.429880880736,16236.699224606817,16818.629053987454,14480.67187986681,16706.964585602815,15401.21518778123,14738.336811754196,12504.723252941192,15873.44338450705,17949.91731130098,16074.964843836075,20412.49863587677,17771.84836273935,17486.516812671154,22516.378878592164,24167.33659899812,18930.624061169907,14410.381820389348,16339.561585237738,19650.759855371718,13278.73911091013,12954.948953830328,19304.708795725903,18888.031501744965,17908.320924304633,14541.055052614518,16697.251338555874,17567.086675689552,18638.848587773842,12536.354977630419,15686.265282690085,16636.222096351437,16327.133327023132,16847.528816236903,14950.823919870776,17728.98960747174,16476.926996352733,13806.190673938927,20665.030948193744
PWY-6263,1519.6952760221905,1942.043617593603,2034.069235446324,1522.7561172642027,1559.7759291271063,1680.957620740209,1770.9398646456668,1748.6944919394812,1913.184691072758,2074.1663511566244,2010.3397709864605,2154.210066036226,2263.660908186795,2058.564327208304,1635.6290680701807,2057.829589,1121.8501369819123,1313.3604531315957,1892.838351265807,2059.7636061607286,1858.194921708078,1859.6456722121995,2197.695228884749,1792.7790224503542,2823.948025959502,2177.5093217047684,3011.557375802913,1365.3165442018374,1551.2095303531883,3241.749641696322,2009.7294597096175,1973.9024365381983,2380.9667751222732,1510.620166986805,1892.8400243437502,1188.0693476715387,1821.5133210728056,1165.714071275579,1933.9300525834067,1874.496067091299,1496.4438995905682,1709.938248899393,1251.0933303180989,966.1405524526235,1464.3243622938182,1773.9431541741305,1524.5240560460957,1371.6712208491622,1759.6263038903776
PWY-6269,12850.034065081698,12856.85780009334,11036.623189654696,10306.901811434356,10453.94078096263,12814.869919190205,10981.920060499346,10168.79209630571,10750.911124894244,13565.56443080637,11297.36829057752,11447.062925716134,11144.733381800917,9527.600918763987,10205.871319319942,11200.797508709606,10006.824632574593,7859.481813941886,10573.272352566182,9693.620321325348,9148.888920775064,13086.566052389415,11886.571512178365,12481.306789040196,14760.736348262257,17330.535028947095,13930.743414488088,8934.310343994199,11241.39419099345,13917.616134699123,8489.32598,9010.758587246144,12100.37326465767,15368.510781406316,12055.519734819942,9194.267878,11416.097129597827,12630.454360684489,12832.388999393068,9459.505001,11598.857118118427,12138.357747415652,11757.492957932616,9183.075589607726,10015.07902419151,12110.215473222388,11507.20839920024,8918.849014,14589.109240478509
PWY-6270,13967.321469694987,13330.747834885316,11111.151695548297,8484.363939110044,9658.772505727882,11394.150165685485,10012.715280074759,10121.787438515072,12022.851026993148,13110.169729858228,11083.22352280201,11767.132892551219,9935.058052382143,10952.198029713698,10754.289120750336,11419.97342024523,8124.132799788609,6266.372821595083,8654.073224678577,9229.390099721442,9938.923302138164,15460.986149097873,12249.007282176668,12866.012638178758,14701.268178512168,16676.310717144686,14416.329968104144,11104.680436896553,11374.250511778662,15024.890688532647,8850.416064,10068.052414451067,11766.823118587661,16238.134775311897,11110.910410913284,9713.741473967744,10190.975361605817,11624.077524240047,12453.883725566404,10550.789521067616,12074.909917654591,12667.706226318563,12070.607203743513,11173.05054258157,10196.665201079479,11262.84469218299,10314.077332786508,8185.824772,16062.223892512693
PWY-6277,28657.810594070208,31117.412860667762,30397.37812190136,25352.05691245183,30022.76006450178,29313.21032999331,25152.408942645645,24024.67589358034,31490.371181211005,30732.726574802557,29727.442038976453,30959.212182810792,29901.114541580282,26308.947266209663,29931.963359450056,27963.396668337416,25783.641660984358,20267.536498451802,27599.943528766365,30242.129026729246,25649.33892505484,32200.90414085839,28080.001267915293,25807.877342238233,34725.63381879489,37797.48930162697,33093.695148045816,24764.894213913314,26098.154428534057,34771.738848945824,25211.18856433536,23164.78563416655,31951.343470089007,34037.965952425904,31097.481386184158,25893.60086417219,26550.920857737656,26445.879044258145,25771.769597887116,23324.602961223834,26507.90845956943,28107.75337205424,25927.964757394147,24864.98106113027,24035.87667392662,28497.618908791832,28348.11674109629,25659.29746846347,35204.492718657704
PWY-6281,4.798640164462144,6.396836041685432,0,0,0,0,0,0,22.356760863472623,0,6.396501028005929,4.797747313309153,0,0,0,0,0,0,0,0,0,6.396729311412659,0,0,0,0,0,0,0,0,0,0,4.797880847162668,0,0,0,0,0,0,0,0,0,0,0,9.591863930145777,7.994916259104016,0,4.7965661387799265,6.397788747949581
PWY-6292,1572.8419565328813,1081.627600436608,784.4330897665773,1135.490584748223,1205.5227748837028,1452.711563872248,1384.4076707097668,1195.0266643579546,1267.937200271082,1146.4102032499493,1379.541671942843,982.7080966693889,1589.672008852952,845.0068006584794,1303.9090573632513,1045.3859151383401,978.8119459172062,1030.106970905976,1098.4943796304938,1512.1316681872102,1120.5800082630565,1061.9960736758326,1115.7307200086605,905.9273444690843,1592.6537668681462,1499.0985881487584,1572.7412138137427,854.1936567798803,1065.3385040039236,1180.2776636189778,922.9382325499771,797.2305270557293,1231.9451776115038,1374.006951438516,1481.5461326745753,1119.6994674426574,1441.854768917706,1374.1075849516615,1117.9178439123991,963.6119500618405,883.8587159921283,1174.1398694227444,865.7951643675009,1500.561858848391,1122.7897768756939,1226.2894942428877,1152.4372532185832,1070.3377947749868,1721.0323719444102
PWY-6293,1425.100367052879,965.9201089408505,817.2686362549184,1012.6195910268392,1060.620707288084,974.4026448836198,1213.3474362754007,1122.8586417237134,1342.8946282329123,1252.442530077896,901.1794066637248,735.3933080809998,1371.9139591740384,950.4914074836073,970.258578,1122.307358087709,951.5465949145187,944.1686947598524,706.4858011632914,1075.8310592844655,1018.323952929688,1080.7877773002442,1172.550173875704,908.7689383990336,1506.843725940527,1527.4571643591473,1530.9573457057688,895.6299546362251,1041.3893613617306,1249.092658488695,862.4609248972691,781.1102603494379,1293.7347296253038,1231.2394861139512,1173.477424051889,1008.9485776203504,1000.1831859526219,1272.6408531557952,1106.5438716698231,770.8445689099628,958.3316814,886.7582179524475,828.7377789185265,1539.372449993208,972.0425265409514,1215.4508007514032,1224.3099896036733,581.6868127834254,1575.1939826527755
PWY-6305,705.0874191321426,591.1750635669415,661.8870346936749,739.6228616826393,1017.3492602752827,732.9491043208557,647.9840429995744,701.8427424404978,814.8799780284863,718.6170453,759.5246186863183,743.3462789,872.7599553624556,829.3375364001836,1117.7880650478714,592.9309189689884,489.00720284330123,555.4059274056499,633.6658353484568,925.6374474,966.0695982058429,694.4729940242582,618.6292161052875,483.4666928480019,862.7291076556622,732.9194431455284,847.9414812937544,582.7897198739732,547.8441994416521,700.0552155372072,525.4585902425774,492.5404241,916.9764804673887,571.2257981,1000.5444610809334,959.0651352195753,782.1286227311939,581.5020757747859,724.9334022818457,410.0914312737173,611.2158011751071,448.2321888776967,377.9947134158871,482.4331449525371,561.0210792255062,502.73637311753805,458.0122781399165,554.1631861045745,711.1749950757737
PWY-6307,345.9096530429374,149.3916627490846,460.87758152676076,143.78307326201303,155.2673425973937,194.68536606039865,142.82870957213277,126.62854836632665,155.2071892040089,159.7299635512849,176.29892469789561,182.70689892810697,200.08591351767805,162.80707766485273,415.11975250908307,174.73594485357563,204.19832955082651,74.27101099763681,129.27853402093186,261.6459888136205,167.56874807162174,122.53369373424167,102.28833663756278,200.4979439308586,168.37395569456265,301.39416828065646,241.90092515657994,185.48491369041218,156.5508431187291,252.1616763756364,397.81378135463785,154.1366761660164,188.57596743200236,175.88617390969543,430.5699846743826,108.08261906390148,148.8012088494614,287.0196298858527,244.45018333543484,295.14938283980996,153.39467921572896,172.48322134129964,166.43147221664572,172.98997373512012,179.16695287979437,153.3810245614908,166.0005258622888,109.84517487708986,328.7824484625733
PWY-6313,451.0904607552353,458.99999999999994,392.99999999999994,226,299,283,340,425.00000000000006,252,404,266,376,263.9249356897866,338,513,414,300,147,197.00000000000003,194,297,213,482.99999999999994,264.1201895399777,342,784.0000000000001,725,535,376,488.99999999999994,270,293,264,320,286,478.00000000000006,419.99999999999994,401,321.1140315096309,361,321,529,343,678,285,289,294,145.10598248260644,746
PWY-6317,23827.533652611375,31244.438031144928,29459.743483161685,25573.722201116394,30031.78586114047,31845.323826753553,25521.459404949313,24739.177551597684,27998.829322656584,31423.436303478353,28922.465650588394,30187.805589905754,31603.788761025913,24501.070900233462,28605.22209,27707.098788141517,27970.00640357032,19175.205126376768,29086.81491482291,28420.13243347564,22953.780988756687,30978.74320633259,26283.39233427908,24619.913023680165,33898.145707567666,40796.54754937485,31173.978875210494,23245.941682225304,26537.92576,32224.96297,23378.857397531367,21267.848826785048,30762.330516662947,35435.40385597762,32783.85643679586,27006.989432541322,25847.467818733498,28290.289746696555,23884.64027395598,23103.94495099193,27752.457178390083,27886.519253746766,26665.574201141677,22729.62278868875,23156.337168388683,29179.005191407283,28259.39053202957,25696.614155348452,33456.74101893624
PWY-6328,0,0,0,0,0,0,0,0,0,0,0,0,0,0,0,0,0,0,0,0,0,0,0,0,0,0,0,0,0.9998595994653549,0,0,0,0,0,0,0,0,0.506641742,0,0,0,0,0,0,0,0,0,0,0
PWY-6344,611.9185076855341,400.08880245426184,603.1065350109739,504.24968927117726,372.1427343866971,454.3418828924948,268.2612416153815,228.38507576877757,703.0021832506267,421.6657323483735,470.6877770160045,427.6242607840703,430.7754421379601,446.8047287946476,439.99770665195484,425.54552874046607,295.2690114056753,258.9712715,480.7355710589403,491.0058837358791,440.3051069794188,480.3755945218676,461.85916049818377,439.72132554775055,559.3150185095227,659.5128154147401,671.7355152787668,397.6122165399684,305.3712964,815.5601076760005,417.03399486487314,237.25514650039727,451.3611804212934,506.8421053288721,304.83636080389795,412.82838823389284,295.5084918726551,634.2142786232629,484.03910068555206,448.8292958727505,347.97049890225384,531.7396433063356,411.47320246240844,550.5860956801221,362.4253114619476,329.08539363026006,496.6985186214683,303.7275209179523,669.8533847
PWY-6349,1555.779169374317,623.9769496660629,447.9185635683222,311.2054034760935,350.16972983913337,520.6576635,512.1244960348102,552.2721701807585,1038.7408118219987,712.4775163187386,451.79451458828584,379.3125907656641,446.1738638791099,836.8203313423143,472.7446067122768,525.7777784423861,300.3820035912161,255.3792063614732,273.9946223271609,349.5822492933355,549.0373910432179,454.08612586526107,500.2165370385837,435.1544264823131,401.6746734615132,619.2827439800709,646.1804190836145,922.2618872391309,633.0375847188172,773.6825734,384.0601072318982,452.28797013673216,352.8744166666546,420.7559874653543,462.1047836564941,627.8437211242685,414.1375579969437,447.34247885712557,407.7440781,398.8893571857617,532.3118614557025,394.7273477999818,489.08538485758925,959.1854350209646,551.4947509,562.9631706204386,440.17653856461084,369.9053983773162,474.3047421397059
PWY-6350,1467.4895109598274,556.7192659015966,382.2754959292738,281.60751409345744,312.7102593,468.3137420023053,460.4313879468131,502.8797174820704,957.0398907764213,627.5767181,404.4537013967702,332.22819596190703,390.73084455162194,760.0447818874146,420.66700873267587,471.21889994859873,267.8958360556698,230.55202881832895,228.3303457177661,311.1027946038661,499.85656079230756,416.8884869747379,436.4241509828099,387.3083341860306,352.6660886590802,574.5910491,581.0115733829031,873.7891282705714,575.0134745822338,677.2802488875526,336.0368139507997,402.31241350766226,314.43203716299786,383.7939323898697,403.1814636296927,580.1673369604046,353.0292836985249,410.3591916804467,365.73558233453565,362.2813448243124,491.79141571431006,344.3634796880812,447.52568810686444,918.7005607,514.2894635954626,507.09520132890304,401.4688483011254,329.3723486008335,456.7895613890038
PWY-6353,6734.027697558435,6919.525029254945,5739.856420911937,5521.761379763582,5828.364856937101,5664.742393544137,5739.693562502432,5612.839037646929,5994.115733754523,5833.267719274378,6561.234438958921,5362.469104750558,5899.645837715806,5467.015971291949,6004.193083089294,5595.817427573683,5415.5221286401365,3331.7531697730315,4338.788132627412,5293.877102908138,5245.8757500943775,5742.543124650369,5599.295574710099,4544.723647768718,8331.139392244286,8728.100437565448,7555.686165168306,5663.976588385893,5736.011143462617,7300.550214856245,4463.544119,3826.7655038114262,5653.050677507323,6009.552669452186,5969.943732708089,6399.066717433216,5875.350176197806,6334.550567444713,5569.835234781027,4403.313614544558,5149.105027341823,6335.733942565238,5433.583038433014,7041.335815891476,4665.629859760794,5324.917779780262,5751.845489302941,4358.195374,8314.944150808815
PWY-6383,51.77891914,136.19918591159427,63.49908429086791,178.41486840103093,119.80029427899393,627.6870595096556,600.9434473709612,143.36356476131203,224.2906437635787,125.45780835198664,319.7651741460391,227.38748710356097,271.0111765001019,102.76081669247152,122.04472685399331,168.6834766218827,168.6866201066638,55.26852910743518,41.70201907388118,89.88675487747568,202.39558790734026,116.92860642163387,309.3113448980059,51.75520029747619,493.5125303,160.04564353813183,338.8310211995293,54.67015047994595,186.08315034631195,41.853466416881176,413.54954872978726,120.17432690693289,330.6707624400072,31.924162717858206,74.29771853988306,0,219.45630222376477,84.20834320782873,99.04546696,37.83333156785437,124.39768673352164,17.968241244529572,13.979945392221024,384.8934842,102.65903471670507,195.34086422369134,163.6638037741964,21.91287016793547,346.5721913418064
PWY-6385,26484.741101898115,29731.990422738036,28722.08308996253,24279.671740520145,28514.016850455395,28256.26211,24074.654130784416,22270.40210463665,29539.32358588928,28549.240657335245,28613.231764132102,29485.29884087945,28204.066951488545,24516.529001496507,28045.00303248732,26551.341707791675,24441.39396295138,19074.45332806613,26038.56267798122,28734.41512147897,23817.77424892442,32038.808203386838,26609.07888612971,24628.745946405747,33369.622052589475,35417.562562782594,30700.802720899293,23576.52029721082,24631.86625551295,32560.597092583743,23462.762537960956,21790.28078651587,30650.998319260707,33195.01198738233,29678.20345946375,25364.211386548992,24807.97012395293,25542.984363337426,24648.019387018732,22188.128836541044,25177.33721556324,27042.642916269928,25296.54145173475,24040.016000195406,22948.57852355155,27402.495591787458,27322.592977304794,24320.306605745747,34388.14051156055
PWY-6386,24588.777541559604,28155.532070244168,27181.84951755115,22827.492565415843,26965.27638518877,26597.711903966832,22678.173434516262,20856.649983031275,28024.770960026643,26752.362851010814,27058.649317838543,28011.85236864781,26511.86641726531,23182.24961384724,26219.811231984575,25089.430044573746,23029.95697269067,18017.216071440806,24554.317739029597,27087.47272986797,22293.84269,30296.597692379408,25084.018985050516,23442.838168573246,31719.743007304107,33279.95408,29137.52076259881,22415.607455704438,23278.390762663224,30962.82017963063,22294.951660872062,20723.738212195673,29300.805553733033,31581.781885951645,28132.942477636087,24072.05519421526,23493.86201539454,24151.75918,23065.18137435103,21104.511050571607,23765.647174434038,25550.962878338123,23773.05441586464,22487.571817863995,21732.863885542167,26013.355800931266,25723.874644416697,22897.998298540202,32768.70526082262
PWY-6387,25850.977872084204,28713.650273138945,27900.283835033864,23478.67926683883,27487.249180437113,27262.930817856384,23302.940486741645,21466.642279028976,28870.90207568131,27553.213674126746,27681.184836425262,28554.73371842905,27338.693338949728,23760.078839793583,26930.58961010796,25682.737853063943,23541.50436792044,18336.899241989195,25118.84673224535,27778.895861892972,23047.556958635578,31145.987518923394,25817.054154652014,23897.19028093251,32295.882045237475,34150.33820924309,29803.563309564528,22961.20924,23826.293412772986,31631.20389645878,22838.759565956356,21155.33206,29817.061686297315,32148.963824472063,28630.932863908496,24498.534810315545,23947.294768835363,24693.63300772884,23960.55902523245,21504.66604656754,24315.58247838171,26148.154465048974,24480.460016478053,23483.89055742307,22273.25324830834,26536.30086343052,26485.37692604782,23320.495371238587,33541.41957405793
PWY-6396,132.72520414017342,256.1341405241982,102.21898356852785,98.79222312507842,179.8181182883252,91.80259541224072,163.73492289168956,100.61198529133947,101.80803333026626,92.61866063901938,117.81815489433718,98.14632809378905,64.99968611890759,136.50693514365614,241.4495907222284,192.58924197027832,175.68231337850204,153.09160521153368,138.7250051811566,54.22435565160884,69.70113587,95.18325070023641,105.7515845,67.72232944559484,182.9168450716479,202.1074281484197,105.02535828411882,65.17207249289865,146.50316550923083,147.39826141277686,53.29561595534729,68.75006395517788,86.31726562979485,101.32949951589599,162.77499691882178,146.9910927839817,238.04169454527764,101.57450727284092,113.15827835943583,40.92630634300187,76.66507223,141.68233970749725,113.56606044555666,134.09941391869938,53.954772403838035,127.83808783377347,80.76222055650014,208.21335479651037,164.73348010707176
PWY-6397,0,0,1.116271718947905,0,0,0,0,0,3.5121206824801376,3.9068937063361306,1.8267533436510623,0.8372050774206742,10.505847108281477,0,0,0,0,0,0,4.965382783528463,0,0,7.024088664157024,0,5.684722252380747,0,12.211447618209467,0,4.682790168572865,0,0,0,0,0,1.116272778265291,0,0,0,1.1999916769424777,0,0,0,0,0,0,3.8712147890880146,2.9804120797989704,0,0
PWY-6404,0,0,4.387809490297101,0,0,0,0,0,13.964301990147185,14.660306324610497,7.266298314296471,3.3271141478378174,41.50571107934342,0,0,0,0,0,0,19.599279408778354,0,0,27.184711244537965,0,22.57673908934543,0,47.646659892973354,0,18.34878370361764,0,0,0,0,0,4.366910562687471,0,0,0,4.753114605319415,0,0,0,0,0,0,15.356043076003957,11.199692117894969,0,0
PWY-6421,0,0,1.3333333333333333,0,0,0,0,0,0,7.232628399,2.2330827067669174,1.1144200626959249,4.153846153846153,0,0,0,0,0,0,1.3846153846153844,0,0,8.731343284,0,6.428571428571429,6.556291390728477,14.74468085106383,0,6.850202429149798,0,0,0,0,0,1.2857142857142858,0,0,0,1.8461538461538463,0,0,0,0,0,0,0,2.67,0,0
PWY-6435,153.94612559034456,865.0817678441822,260.1866863513049,224.6983917616573,905.1191644209684,238.32381470164646,371.7201157139302,503.8527167302442,179.96863340373315,435.59640463648293,331.12588470221044,411.2859843731531,185.88908078996667,494.828809,1817.426291496565,605.8303998168509,648.4657336316659,1170.7684267676466,831.0545157732566,359.5106389075355,516.7590152481566,379.1640953821782,438.76938672864014,319.4927488937773,997.2256113848205,501.2072828315728,387.5701835352388,273.96140168186105,451.75038333654294,359.1563184215197,172.76097758470056,235.03934136748805,380.96544761375003,456.01137366171884,907.6840864899218,924.0742046937703,957.8903006657318,339.3343183695723,345.95036077771346,347.8234938400425,290.97559197305065,768.2624167217134,393.94269580069005,472.8698751223756,318.01934660507374,477.66242970375635,325.4629388544136,626.6287989726965,287.7428411082585
PWY-6467,13199.37,20006.42,18178.19,14654.61,19432.61,17529.55,13795.3,14334.23,16186.66,18499.44,18719.53,20212.39,16973.13,15619.74,19504.72,17336.92,15563.44,12657.2,17571.13,18902.799999999996,15872.75,20770.78,16733.04,15995.04,21622.19,21863.7,19514.25,13665.49,15379.240000000002,21606.27,14500.19,14475.659999999998,19480.84,22718.92,20044.99,16085.68,16674.17,15104.889999999996,14996.939999999999,15335.06,16676.84,18112.16,16520.78,11513.53,14214.25,17016.2,17342.760000000002,17213.53,20783.84
PWY-6470,7629.726009108575,6991.431022890494,5795.191561897081,7240.924299756278,6016.016856448251,8914.646865786324,8594.839529383458,5879.302737388759,6968.387076587639,7009.5648368874145,8029.473340319116,6751.263196334675,6850.081027572868,5387.345031,5407.443696858793,6857.008438592498,6276.642196104952,4036.8646109008505,5520.595239725721,6309.933869343621,6054.826559655227,7361.378393139146,7939.951423204622,6338.168862011367,8228.709983509525,8799.462933290148,7213.336872056255,6324.602728811928,7369.047657954081,7207.316642241149,6862.014045142293,5227.641570618997,7939.537384375325,8959.872987532472,7135.892101788218,6842.379369,4951.000218011777,9907.870233449588,7461.822645817261,4477.297468637708,5620.219180451753,6879.904838841639,7437.195101194063,7252.689092,6043.804429889691,7607.162793843992,6352.944114264045,4173.111598009729,9065.984223307094
PWY-6471,89.38846373,75.64173738210503,78.98032826,82.51135427085387,0,92.89379622778074,116.65876162115956,202.74311631165227,109.68906006477357,123.2073469123324,8.625389513368178,82.47494649495812,113.02352702775202,112.67141184674415,51.64162277207464,44.820363537961484,34.49494245793625,0,82.31913389842911,0,0,72.28402923667751,0,44.80002894572111,85.97090096997275,192.7040509501449,163.64021361393424,0,58.630437297488655,68.88670560384132,61.99157594,0,0,72.37979507537527,82.50586831092372,0,0,99.82739146051827,143.53903938265682,24.13775243,82.31322296054293,31.098247878794854,55.135624654688066,381.4754837881107,51.68019543444765,240.56532330475002,38.00164751830001,88.79125155909445,0
PWY-6478,5536.449354361717,4111.554845893666,4158.817794254663,3647.8677827642528,3404.416656162248,3396.4967748030504,3178.926425448049,3014.752644970862,4850.310190281812,3660.4955204974863,4613.076571209343,4119.5374472986205,3279.606515,3566.095536061968,4029.830508576834,3454.187373625603,2811.7116219751874,2484.6635504164215,2781.3590266430842,4490.573422570537,4093.2293290738153,4920.925865792011,4730.6798533378205,3926.106637037135,4780.1317094197275,4843.262957900332,4265.071752,3341.0566910100674,3365.7687006761694,4643.009335978964,3737.5083924292685,3220.3005871450137,4212.685407967055,3707.168085105889,2840.7475595680244,2524.8828997981495,3166.314017146511,3267.1820019086367,4767.595040068472,3081.0690311612902,3415.7474983793336,4307.543959,3841.3408052211826,4017.554060152063,3582.122115506079,3570.077819263183,4144.629536890685,2059.2047082258637,5527.079118382589
PWY-6486,28.69107220859514,21.437332285257366,16.521323960838004,19.874411302982733,20.150439377716815,21.350092621063606,0,0,20.000957604169038,0,18.577361509361886,13.94441205703582,21.728223740392828,17.367203519041023,13.054194210166399,0,19.519394209094155,11.39314086417361,0,0,11.567936755492214,0,15.750747336672662,20.83969465648855,20.90974212034384,28.020078749222876,0,18.108484005563284,0,22.033898305084747,10.637399746728578,28.00160865750219,15.649948822927328,26.61478202366212,26.789076509264795,0,15.501760019761628,29.510058711882163,41.49526834,0,22.315664876042153,21.677040868388435,18.234060663940042,19.80024968789014,16.303816046966737,15.881658841171118,0,0,31.480080455303884
PWY-6501,31.052117189808392,24.01373927014872,18.891976780516682,21.15509138381201,23.363057142652835,23.297665568672382,19.368877800075936,16.554005167958657,23.303638344509633,0.9950533149714736,20.23101643673274,16.16452520477946,24.472497745716865,18.959512136793016,14.602390438247012,0,22.317391802988123,12.744513681929018,0,0,13.019595974880833,0,18.395434775180252,23.73913043478261,23.85291113381001,32.54998762875567,1.4060152537131299,20.749003984063748,0,24.327485380116958,13.539288112827403,31.113593662722796,17.49928469241774,30.997660715123033,30.513927058030884,0,16.72166093038748,31.757249573295752,45.332147816131155,0,27.45049902210042,25.12085994824027,20.274823257827155,22.088037801541905,18.53846640116316,18.61949708192233,0,0,35.10040378136872
PWY-6505,0,0,0,0,0,0,0,0,8.304202310251242,0,0,0,0,0,0,0,0,0,0,0,0,0,0,0,0,0,0,0,0,0,0,0,0,0,0,0,0,0,0,0,0,0,0,0,0,0,0,0,0
PWY-6527,13732.161151592025,12536.47132253986,11679.245337270933,11938.138773839215,12297.832714958966,12934.659248899256,12131.349162388036,10755.02183828486,12544.50890689321,12382.187169134615,12480.16388373579,10428.757828028349,12681.917424039104,10331.390140878477,12862.55809436837,10864.628316302787,10732.516917143948,8683.752441,11102.232163154493,13074.416910488986,10495.869628896078,13508.485678881842,12292.910474359394,11658.038155684979,16349.54574383931,17520.565991787495,13563.765087579268,10260.084039767764,11452.876903888555,13426.927617695113,9469.53977,8508.501129684146,13162.626724251382,12634.786770263421,12668.826633610379,11206.08169923075,11817.439304074203,13132.165538007386,12597.085984565318,8516.459035798785,10392.122142763905,11450.72048977866,11217.04967196424,12909.997601171048,9993.610148,12252.706694074266,11747.210836632428,9756.306392939987,15313.690792992058
PWY-6531,1210.5955501070684,1421.9495045975968,1103.3115776541033,587.6906360945299,1326.502959135708,698.0604328140964,1099.6012703485956,457.27315244123645,1403.827448580922,1736.7575060032818,1390.1957784710512,922.2430014,643.4101133129602,947.0126471279123,659.8848208088232,1475.894497,1071.6148767398483,1373.0265827472822,801.7914894,959.4093664775972,499.4261235447544,989.8168681746519,1703.5948591277652,664.1460312278512,1251.079840758475,864.2033151,1775.628398825286,476.4508105170736,728.4168609237039,1137.7935209883353,979.4787222139361,1206.6048170440379,1010.6338789089738,1063.3269850955335,1218.1641862123759,346.8879227678403,1662.1498045816136,455.0242771153524,823.6074314,689.7332174622287,638.8137945562729,918.3035451617066,309.7465111242995,245.52243583253585,906.0247187331495,1635.512769,985.4212898669571,785.0961613,605.3660323357136
PWY-6562,965.2040631711088,415.62527662759584,626.4281448326759,582.3328232559676,697.9549417876524,479.41614013247215,913.9243841,719.3803809308754,746.4987872714618,411.4572921,491.22289132114446,411.48055617482635,768.0277391777424,717.4328236855924,447.8301536278393,663.5710922467878,749.9714802962899,257.2698261744841,341.7379872507162,692.6470006302675,800.9039697807898,641.6220569950419,333.36636645343145,345.96207639259563,941.4832994575202,883.7723931670232,1078.8719406245953,682.0656218347513,650.3570498768228,535.2069629611774,445.10763064439107,395.76737743065615,708.2122887553737,706.9469011384246,529.685719,704.0689444439756,697.4948738606864,942.2931189963017,751.6906004,496.1804570977684,628.5769838716959,369.8962918808043,356.47031942904385,1169.3668956740232,494.3035792287965,707.5748829650453,680.2915492513742,292.6971174197984,1427.6625710237315
PWY-6565,0,0,0,0,112.16046384478301,0,0,0,13.433368635692407,134.35147239179062,0,17.791640936037957,0,0,29.47982196336713,0,58.468975232145006,0,0,0,32.54720222170148,23.212494952443816,92.14360948350442,0,5.988108006760075,2.9971289235950542,10.46829017716017,5.984518876367211,0,29.543721590016244,5.978924477705125,0,0,35.397196296688534,17.794219254500046,0,7.474442121981049,0,25.226361349344824,0,0,14.846593914065872,0,5.989478305677081,7.464677955171442,4.490709850872824,0,34.61891078543799,0
PWY-6588,1.999876367136652,0,5.998422206370807,0,0,5.9978521416784005,0,5.997566510471521,5.998762392812105,0,0,0,15.988599524194546,0,0,0,0,0,0,7.997323729812346,0,0,11.993439213142521,0,1.9998213112631393,0,0,9.995121149470977,7.996175465978548,0,0,0,0.9999612464869424,3.999222213776442,1.999681324511382,0,0,0,3.9993339317942467,23.963503492865136,1.4998670023306062,0,0,0,0,5.998116331132294,7.997150245454036,0,7.997904532
PWY-6595,2674.8092895381155,2118.4269761215505,1855.5893750446219,1812.429368544747,1665.057534746922,2572.139025020716,2258.795074021596,1930.3668352921645,2182.6764456404603,2223.621741600258,2057.383525591729,2042.1464621867774,2069.5457548200066,1744.5363237997562,1805.4698632961838,1942.3989318820866,1751.1023414110903,1433.6464628750518,1621.4280519552092,1421.9489203252897,1482.105373751032,2454.597443,2342.887922196753,2537.8505652278545,2738.2243544194703,3375.6382520005595,2633.4216913907285,1912.3517572790404,1948.2829696249603,2562.167723105027,1434.2161393267825,1904.8746759472983,2105.1092627317785,2156.969703742142,1764.6667601469087,1422.971804035741,2022.5330149163108,1668.3225411871447,2828.1718033328534,1536.8662975093005,2019.925242,2135.2059868512542,2081.1192744974296,2120.7326371267554,2113.490589059555,2296.6074841755976,1878.714447045729,1690.6492855754755,2198.4633448797363
PWY-6606,6312.943953800523,5142.105628518153,4698.133358187806,4365.727738476856,4054.914254004831,4936.4181776075375,4342.656267630292,4570.563873133755,4868.907008792374,4481.858505417623,5169.770728207323,4407.341256,5023.3608358072515,4182.116720991246,3865.780349286924,4811.448274422883,4016.893449,2106.978952328205,2967.821794,3474.988386279153,3805.809519476675,5318.461911451666,4911.687792,4359.009674903087,6193.114010396951,7884.889209038507,6954.957714765955,5545.3797198700095,4318.2192521046445,6137.733964074669,3590.5127408398903,4066.0075756965703,4967.04402,5743.137922757567,4330.086448515086,4639.986849978657,4153.673810918301,5604.256146288044,5289.070954550704,3858.4618043873666,4573.609502410546,5494.7208524496955,5078.889419767524,7021.398046664532,4629.334102976528,4931.017087611627,4916.092682634973,2807.7247556546786,7908.8694532965155
PWY-6607,2654.5012574110324,2039.9163726126778,1788.144800499752,1749.9281762401376,1595.5029612045419,2451.1841548725747,2165.1802607987174,1867.658933022246,2107.393645114069,2118.912898835852,1988.1413282954202,1946.1007854118384,1993.7281776090053,1684.212705012087,1725.15928,1874.001339414272,1676.1876120849906,1330.8390629527282,1522.2367698516782,1362.6495315013508,1433.8791471616764,2355.7565683488415,2259.3642645808586,2429.5884181262404,2646.908719850482,3272.389289227872,2569.495464418692,1872.7993701400712,1873.580913398728,2480.789327994729,1382.7900827561361,1833.636816651105,2022.9705581429582,2081.7506817048693,1690.8866398654059,1382.3836544838412,1936.7913432574642,1633.6869638783096,2752.862417993142,1481.1365546594432,1942.1479636042045,2070.730365809425,2014.3113162740688,2106.912809389486,2039.5139567766244,2202.266539756423,1816.0221616785866,1577.0925253759938,2161.4915585016793
PWY-6608,6312.943953800523,5142.105628518153,4698.133358187806,4365.727738476856,4054.914254004831,4936.4181776075375,4342.656267630292,4570.563873133755,4868.907008792374,4481.858505417623,5169.770728207323,4407.341256,5023.3608358072515,4182.116720991246,3865.780349286924,4811.448274422883,4016.893449,2106.978952328205,2967.821794,3474.988386279153,3805.809519476675,5318.461911451666,4911.687792,4359.009674903087,6193.114010396951,7884.889209038507,6954.957714765955,5545.3797198700095,4318.2192521046445,6137.733964074669,3590.5127408398903,4066.0075756965703,4967.04402,5743.137922757567,4330.086448515086,4639.986849978657,4153.673810918301,5604.256146288044,5289.070954550704,3858.4618043873666,4573.609502410546,5494.7208524496955,5078.889419767524,7021.398046664532,4629.334102976528,4931.017087611627,4916.092682634973,2807.7247556546786,7908.8694532965155
PWY-6609,22294.336106115472,24928.854978226074,24376.475470891448,20323.129447796673,24046.90802875886,23547.01652569146,20071.868167432825,18926.996975802173,24956.30311,24212.62208,23985.957382176144,24794.12482583768,23799.509843912307,20656.36333,24943.072377707005,22345.83982503172,20913.60613231826,16636.26529276239,22044.99483276989,23975.265580450952,19458.682907010592,26132.324390437177,22267.918332502497,19797.06857731629,27992.781379427965,30484.149450708035,25803.38172527879,19859.959322894127,20525.152174219536,27314.958898367095,19842.079734648752,18286.355057731722,25731.437976444908,27188.405978438546,25011.00321019183,21315.919985570137,21252.568648747892,21338.821584717753,20262.530040141402,18492.22698,20971.76105938671,22876.117735084725,20621.75230088737,20190.459814706166,19082.722922943864,22863.97273614935,22595.673418306837,21460.99282355318,28437.62763382117
PWY-6612,15969.19393359094,19121.03649515138,17989.964280362416,15559.178879700456,19056.20911130974,17973.024856099455,15307.969077969216,14587.632443436114,17597.01704870695,18252.81096503177,18478.98665487028,18251.13230133141,17809.94325,15437.88222300398,19720.435269795333,16836.529809091535,16050.26098019421,13267.558902710201,16983.350637060823,19368.06633995323,15587.619120784457,19153.31197711963,16869.317742394705,14971.44557765656,21869.846678337664,22811.802927174125,19541.770548680175,14248.146150971757,15814.541888615404,20339.752089453996,14421.340679989553,13596.166931706124,18849.359795951383,20032.404388363193,19506.259905526676,16230.294849311938,16520.554393802628,16280.505004941155,15127.493658243351,13549.888055975849,15955.766352244953,17136.069663982023,15589.308616040738,14183.37626,13992.162280732055,16957.86819,17295.780040204518,17494.547887889552,20836.805160191634
PWY-6628,22349.074133733764,23347.25627,21116.971777582665,19078.33948799425,22125.244708472583,22177.76411743278,19656.272064845125,18453.050231642366,21869.381129601476,22747.583148302503,22161.33012971479,21224.561598310524,21209.05552950324,18862.38951106513,23034.796942767043,20220.34828956952,18489.877697233827,15797.368195973273,19923.739316381743,22370.776486916802,18816.75530909534,24196.450469313393,21158.585164174277,20573.45821141287,27654.118500078912,29060.004328302348,24502.533464185533,17946.01819742008,19814.36891112564,25469.79463856595,16915.770891264947,16589.149948767135,22830.855508447257,25327.909524904484,23177.777180961562,19460.418270787155,20794.763829511663,20982.35378217448,21121.13535771678,16878.710904793712,19673.430067057536,21301.18604943249,20147.648842421302,19488.84042896852,17834.866528057777,21136.012937763815,20684.175291257245,19073.077583985832,26383.75297432844
PWY-6630,22110.12053,23099.67448125167,20896.234225626584,18903.00576330064,21918.83919,21987.251487729893,19454.95171843224,18279.85551953241,21669.856768605245,22493.36719473438,21909.322397941483,21006.14452081539,21055.99248328913,18672.85508849199,22819.41728481161,20011.674755502532,18351.28013,15660.04961848394,19755.659221367805,22179.49559875057,18608.510552619813,23804.799472984287,20871.79422,20256.23528065893,27347.857542774367,28794.53909036662,24290.37161387907,17734.846191230783,19573.577513838143,25198.104438736616,16722.711170818722,16399.851777525848,22528.310812947104,24925.120717939473,22934.09379,19276.894483632135,20562.330481534565,20679.76883021618,20775.42613864244,16644.378509251987,19431.88315766733,20996.71021761382,19852.67859208712,19354.198887932354,17594.483572664525,20891.877957807777,20459.744539140553,18888.922461588518,26021.660723154873
PWY-6641,0,0,12.39309818740597,9.900353721856286,29.371500951078858,34.43564348219909,33.25206895765858,22.276830651390824,40.92890754851043,32.14600688148831,29.418164618711955,9.922287761450384,0,21.13432808193573,14.872135405027459,7.473901175159485,19.671235465881004,18.380069205947944,14.781364588906868,19.722292670532994,34.45464138900153,4.9867506254859215,0,14.853391409172353,12.372384502231894,0,7.474021120979669,0,11.205799796378928,9.960994473639493,25.733839263320586,19.770388876286223,24.459976358509298,12.412824711178617,0,0,0,9.951308177507258,18.464800118087695,0,3.7446797447400755,0,9.950066291004417,0,19.825602033665536,36.957132600780184,0,0,16.104603781692447
PWY-6654,2118.211877692314,704.3001283,473.3739234924227,339.0618122343927,376.71050317548736,588.3203572678723,577.8117403590085,648.3022706,1302.9938381753511,814.7824573259876,490.59307328563494,374.7183405887743,482.0220349116469,989.4997079217096,515.5363997144026,580.6443336,341.47897728524964,262.0759272268089,271.2687627168478,360.79867630944403,620.9073818088651,511.42559467707997,564.9168022991996,462.95827166450164,393.0784036444594,718.6035389064461,683.7140893839008,1211.2833007300444,760.1551316362886,798.7696130854383,399.5422207896454,464.88453545687827,351.61917739342596,494.5056702970528,505.62531744172287,801.6817097122092,433.0717685837361,537.1089588023015,432.2421563034259,435.21372511142164,640.1885430332229,448.25476800790767,586.6595955784122,1356.1964512551617,691.7257618348183,663.8283144222751,506.25017511563397,412.22601518710655,573.5871884027896
PWY-6662,0,0,0,0,0,0,0,0,0,0,0,0,0,0,0,0,0,0,0,0,0,0,0,0,0,0,0,0,0,0,0,0,0,0,0,0,0,0,0,0,0,0,0,0,0,0,0,0,3.999539237575333
PWY-6672,0,0,0,0,0,3.8258192105796622,13.064259251684181,0,0,0,0,0.4639957221855829,32.42042829967859,0,0,5.616374715442542,0,0,0,0,7.889784119547579,0,0,0,7.702701652781736,0,0,0,3.199772132722008,7.732265394791229,21.461725241514507,0,0,0,0,0,0,0,1.9458540248746465,0,0,0,6.998913895400591,0,0,3.428319285429137,0,0,0
PWY-6676,0,0,0,0,0,0,0,0,0,0,0,0,0,0,0,0,0,0,0,0,0,0,0,0,0,0,0,0,0,13.672187504114227,0,0,0,0,0,0,0,0,0,0,0,0,0,0,0,0,0,0,0
PWY-6690,0,0,1.5,0,0,0,0,0,0,3.75,1.7021103896103897,0,0,1,0,0,0,0,0,0,0,0,0,0,0,0,0,0,1.053191489361702,0,0,0,0,1,0,0,0,0.5332881355932203,0,0,0,0,0,1.2857142857142858,0,0,0,1,0
PWY-6700,24157.243780467412,27742.667552432216,26725.227158055754,22561.633928036183,26685.502355545774,26326.09762465198,22150.924873888092,20863.352843290566,27267.178465271005,26801.50808634556,26681.943828467916,27637.084245100876,26161.37718,22815.560852747534,26545.47561727145,24950.49239436294,22891.918542184023,17883.516210592104,24580.420726492277,26783.463521256894,22116.68385163754,29823.740811929194,24601.451282947466,22756.596670249335,30956.61687866226,33375.438898889544,28392.955137649893,21831.247658647335,22779.39679620096,30349.135666620154,21794.64798709314,20304.333483184182,28662.372975143455,30957.71605693551,27838.415674404587,23659.974147216963,22951.90317139842,24057.351841792646,22770.566237017934,20703.583290306586,23640.81724643995,25282.317876292178,23660.64034473744,22134.412730296914,21371.43975054218,25522.04397764783,25271.605695890066,23073.028714213826,31557.421394595494
PWY-6703,14081.303109571865,18941.36085646297,17187.67038634532,14326.816911010765,18446.026616325646,17312.288276043255,14103.364165656909,14308.745730154296,16699.844473177145,17945.587068844095,17765.49146190493,18785.32695865385,16863.811848138772,15225.635580530776,19272.99175520528,16561.76027147154,15790.829452741065,12368.52004567344,16720.120070406556,18258.475285178713,14644.135237225706,19710.734099295056,16333.826861875117,14721.767019000688,20299.239090119267,21663.00860013229,18269.681579482778,13915.547385737176,15324.906360868894,20072.453967925998,13634.912503089587,13283.450427608228,18425.840433685073,20878.107470708663,19536.95724062551,16270.977968719015,15640.598668836617,14649.543541396002,14082.977754236053,14142.909502501836,16141.315802876496,17257.68876632809,16042.588488085918,13173.169349182012,13864.643802812563,16969.088343063133,16885.456086924234,16506.671726871817,20081.35141150762
PWY-6731,17230.737397740882,13048.458005982235,13446.201878637921,12774.014751907585,11968.615608305721,13452.133343584153,13145.205592464385,11263.636577906558,16606.796360152413,14019.16419622724,12692.066054114377,12077.28600691454,14225.62165924756,11162.355445617186,12408.699683610064,11977.153071411769,11267.429875789978,9692.548515377135,12366.957205958903,13321.792526787222,11926.40374020279,15569.776904758275,13576.750031733074,13962.00000313955,16743.319667387917,18970.064812686647,15349.085111605347,11896.357356479306,12805.302703187597,15961.30423,11970.280985902038,10341.50537211636,15385.583010740595,14591.799722209262,12818.971956881185,11731.816275459892,12731.25220890709,14507.067110036427,14673.934102994695,9539.205628,11984.609701718939,11641.88991,12314.579719823767,14846.029409868932,11840.124282683337,14321.87454990901,12951.985104015414,10444.487021095027,17270.950957652945
PWY-6748,40.09643182382648,47.85747871608563,8.666759602453505,6.785290628706999,67.88285525093346,63.82875297,53.777593886563146,85.61421764344107,47.896143687284315,48.55019844369009,44.60026685879339,15.524040325707642,61.90451035,53.867672481533866,50.94579380704437,69.79996521,99.13182200827593,82.64564075918251,0,56.706274530888756,41.56798583823944,45.123834793227964,69.39529136058009,49.27309259842326,49.01828233192169,54.73152079111089,50.79078421,44.70670502968278,80.41788456754892,97.94888815134419,52.08302730320932,19.267959297321923,87.77493606138106,25.881553570703318,17.305962922249865,35.28924572152968,29.074661684180967,40.49092097617664,29.646351357800796,67.34186136319752,55.63499668312817,25.788761246128384,35.60693641618497,32.679346370211626,4.849842358414875,2.9521320603569414,24.701326742936057,62.09905239991997,36.117564730580824
PWY-6749,440.32747305833755,389.0446076270883,344.49273220267776,418.3559444276836,342.0456282468266,528.2173642898531,440.1554625119814,397.15726498702475,321.46717685846903,458.15047050460413,325.4532933678512,263.7326713505313,410.0078031350228,369.01610675446665,491.6980484196097,325.5758199697189,252.40692058205465,285.1326686604757,290.40799045497863,440.8485250958171,449.6698390500423,417.8767853394157,582.9194864007239,279.06001291992203,620.6057552944477,674.7391307797664,585.1904158075932,383.5576341316475,412.8666111404976,387.21088615559046,267.1209199591294,309.5358202906999,356.99993496012485,428.36606090790616,385.44726127727836,521.4990751139774,539.0462518753146,427.7162181347984,471.04933171330816,302.4262083255839,286.2908920882027,390.6727590187956,413.21365744240194,336.82674803242736,328.59183979325195,354.4900609506368,368.6865867115376,294.9134236,484.3654057109579
PWY-6803,303.7477664962845,1832.9785909554478,1369.533587435763,1712.3607684300623,3305.6179558061103,1387.8745338974802,1550.6607351720916,1243.4825757880742,291.32743094776833,1563.2048087510839,2948.205714354087,1189.0184748076529,1261.1235561882497,1522.1943880492154,3191.4866354911333,1163.7056688403693,1206.8547397116006,1609.7284061492317,1744.7051730728276,4163.959168985191,1458.3683491079641,582.9650707096939,458.13836914450667,589.8378835679667,2421.264184084505,603.8122399938518,485.05764069364665,291.6975645071615,1110.7960394559973,1217.2348590421022,322.4952187265312,321.07491717318885,337.8158830239087,474.9946930583264,1927.2368448935733,1675.395417179893,1181.351528177295,628.9198768506451,156.08616360757597,429.49217000566307,322.2181000409653,911.9097876145748,533.2691803,101.89084648529669,531.6597967589759,543.9444182702608,1062.3627379050768,596.3878842413222,461.07061013050304
PWY-6808,34.71086110387121,7.376262209258712,48.27155561476979,45.36013617980724,31.843721082529676,23.587248587544483,0,12.005218289625098,14.686328752595433,63.33960308407603,0,0,39.848605992386844,42.45263623257413,132.06345203374215,38.03679195339225,39.76863366845725,43.784607427231634,25.512623983496823,75.99226136828587,28.07074818942539,30.363712466787614,16.860638668126565,28.16772524240747,0,30.253813644301882,0,29.399562307450587,25.312656825507823,67.14778470919066,80.00079144711128,33.980368171796904,19.547526293688097,18.13510183879331,88.92028622833493,31.017684139297216,0,17.641778356921368,0,30.14777325200184,25.740269231984545,0,26.65452704,12.959701321609824,0,16.88000189548188,19.16076731014947,55.888889625472586,31.035288630667363
PWY-6823,5942.391927769486,6497.191388389058,4676.579339997164,4769.964019531792,6309.861515342237,5655.130310620407,5037.956997753425,5122.3318865965175,4826.073094313176,5350.959312951114,5581.499102182942,4486.904458905991,5172.685580726324,4921.008588038273,6646.620671500376,4958.398818064138,4714.727885142882,4668.677242255058,5115.326532853664,6019.297671744545,4722.967603354857,5270.869551266217,5093.292441648533,4751.203420000104,7153.687937995877,7835.931563252416,6296.572036,4622.042562037092,5206.6165295468445,5982.384326735009,3450.6446925408513,3720.0997622300224,4573.338773,5492.688281419624,6112.596918838924,5668.358991868922,5401.573747300593,5652.217437591494,5182.451992455625,3879.9082133821034,4506.483540091434,5640.564127006913,4957.94971,5383.146591580334,4540.048548046647,5297.283081102893,5405.892759980584,5110.673220083711,6260.166122567881
PWY-6837,0,0,1.9807692307692308,0,0,0,0,11.711283984281017,5.859375,0,0,0,14.561797752808989,0,0,0,0,0,0,7.771428571428572,0,0,11.788235294117646,0,24.877076411960136,9.840194323702377,15.443478260869565,0,7.769369369369369,0,0,0,0,0,1.9898989898989896,0,0,0,0,0,0,0,0,0,0,5.875,5.249571890657702,0,0
PWY-6859,6089.409505740859,5218.608566206765,4056.5122240395467,2938.904411119802,3322.1798176149896,4190.720570070426,3736.1330149338687,3969.5798607152306,4517.746478713183,5165.746319929569,4022.788216694343,4343.138340829767,3477.403735428882,4312.164661631985,3869.9314622110446,4374.092184966609,2762.0340054520366,2115.625967811219,2938.920997252978,3121.150767751644,3755.816095310354,6439.0788951685845,4849.755620620198,5496.882528292841,5662.096909406863,6633.230620680419,5814.351112284847,4557.9242860568465,4513.295338322307,5998.098019904196,3212.407754142441,4015.3048041078955,4266.963574149988,6735.296796774322,3967.304568714849,3551.299992900039,3789.686351552842,4520.714811928839,5188.163372509045,4312.954112156885,4891.087422272028,5091.955550693303,4879.657524299105,4522.463323610372,3980.915741645284,4192.641588532047,3724.9781079881163,2766.4643226762287,6543.392244732024
PWY-6873,3.1999495291523368,1.5319058788276871,1.1636310762993785,3.4908482268001166,0,2.9090558924627095,4.793511370531294,12.265094812570819,2.3272513164567736,7.35191081,2.327250890641408,0,1.163630937740935,0,2.3272490745707097,0,1.454535413512223,1.454531301486589,0,1.7454420266935196,0,1.7454432323788591,0,1.1636295888385988,2.036348558975371,18.706937366318414,0,1.1636299963606884,7.959362502401565,0,0,0,1.1636313683386754,4.654473411637262,1.7454427234708227,0,0,6.607260379223643,5.236221030577821,1.4545349031845871,2.0363448814997382,0,5.236232657717609,3.199946226903563,5.236226615681682,4.654452330689435,1.205790848447967,1.1636295295003165,0
PWY-6891,3619.451208169171,3436.2751424048206,3400.448676980745,2764.8954530876367,3216.051332751189,3605.757957015905,3225.853575399436,3237.4138522566996,2847.6511215275764,3575.3021308982047,2828.310977799966,3231.8433584652926,3126.779698830925,2649.6636304026474,3582.1014056361146,2991.395735628372,2411.560531959286,2400.6934502311055,2819.8144825740656,3229.4362482558495,3522.9079654702005,2805.715386949846,3566.489837038528,2730.896282641946,4019.047738266176,4768.105696816507,4526.751026207586,2749.066679865032,3078.686467575584,4536.107869688754,2623.8983662313162,2502.436899133096,2928.3397609047643,2874.6557984184974,3381.0658056181946,2772.7158219277576,3308.730261790904,2709.629466023687,3143.6053210128503,2252.8588615418535,2467.401616334581,2854.4264406268117,2294.132785937402,3233.6883532457095,2349.7262393787414,2531.4052701908304,2971.664617730135,2075.550465296107,4244.805222438892
PWY-6895,9807.726475359432,10532.180737381066,10190.541296356276,8469.140826190409,10064.67497938988,10682.17232079775,9049.926259,9166.016830095232,8960.880416,10748.029929647162,9072.804534126622,10035.980922253504,9799.593931,8224.672403,10673.208135007988,9208.730002738943,8019.0027530151865,7111.415797355227,9065.521666760935,10070.261309170257,9722.181576104209,9226.234925387696,9968.535295763157,8255.092785952205,11889.299564774463,13911.782809607917,12269.594352949465,8179.614718983988,9108.037328,12681.53823895021,8014.258991119012,7537.202999879883,9385.005502610724,9792.305201,10645.548687276176,8685.057786233692,9513.000824797866,8498.804825832472,8757.798278,7231.250349494296,8166.0677600461795,8996.009477121273,7624.0005478188405,8694.128610622176,7383.377068157777,8297.849876837889,9303.440894331508,7212.218291562941,12194.10139951949
PWY-6897,16897.55717461636,22160.214473199634,20743.611965653643,17653.657318230165,22084.940155581986,20933.147597504914,16629.490682438416,16665.03630734556,19616.815052608075,21437.612819833394,20940.7822,21682.434463866422,20943.676882573935,17655.03696397479,21215.56126535194,19497.13739044404,19160.559194648904,14193.450992380678,20409.206916802304,21901.759622379413,17472.705319988283,21928.16777429691,18327.710910240694,16660.783010605865,23615.70308088083,26207.742800069507,21656.092939468723,16402.625286008137,17835.027820813895,23205.48621475037,16638.663480771345,15386.493013746056,21513.02883533156,24680.55752192679,23074.501212133466,18982.18344983265,17899.93063081724,18168.942857895505,15716.1312,16304.406961714556,19086.45409085912,19649.482847588406,18125.246997174523,15191.673951606175,16229.093802623587,19622.06389433011,20144.490314568757,19138.14295772051,23335.82624010928
PWY-6901,8826.080656821608,9973.025990660606,8814.553085085432,7628.535851278973,9519.391304,9035.464741783328,8432.286266344241,7285.154409419864,8824.878560627698,9727.946054,9384.228551,8598.970348300774,8583.202771848077,8113.335291521936,10733.528248297696,8464.253178383738,7418.5695770213515,7619.202597798989,8354.383313716013,9290.821356016506,7488.509194,9560.915191,8965.943216474585,8220.783636544294,11709.646664897353,11076.073733387784,9669.618311462267,6890.3869672995825,8453.816022479108,10021.38890517322,6709.989224795672,6547.140754,9075.443080974912,9584.004319957463,9375.404779,7800.904805385445,9046.570646,8078.953464,8542.804106151047,6486.9154693167275,7487.714462413949,8757.120819,7089.700610530891,6540.882210877675,7054.553361917427,8092.9799228632455,7930.668484,8692.575386730492,10364.484732871075
PWY-6902,3107.467753104132,3362.2791657985094,3736.431936394704,2348.7094103473287,3066.624103391312,2772.9519098248384,2938.6556187118704,2326.7284521081565,3367.207994,3698.6404816814315,3286.3869743631167,3428.210583302388,2920.3232205920613,2829.8737601071743,3200.7048419475504,3404.7425907137226,2245.3825345063606,2551.308407986519,2478.7369482970566,3086.2322935756993,2952.6383996272884,2795.747090851547,3595.709732614246,2432.9658735332464,4236.148497183602,3608.3495462909545,4913.831633210359,1719.0327257127585,2246.6903123159086,4824.954333219898,3154.2722958254717,3258.6393731114354,2967.8989266684025,2026.2096369188675,3438.365992175158,1234.076749450403,3571.1722608466703,1933.8038705213025,2810.378659388383,2359.088180094084,2162.635698976396,2130.278453980861,1804.439170191585,1563.7543115223375,2225.313128861939,2984.2761359338238,2566.7101578914358,1842.8457772090758,2594.034215293079
PWY-6906,81.75715403744746,1627.495269,1221.3349232259964,1283.0105691878668,1646.827091087801,1024.3889462586235,1145.9756234873735,1352.4064369428681,408.03630283742234,1024.015241598341,1961.6344310687457,1201.2077893374642,1159.8819568626498,1481.8748275077085,1777.811430639693,1120.5739408770714,1187.2457252639635,1041.9446024615283,1175.2185576421793,1879.3483801038974,1348.3749450244243,917.6860082,661.3025465616927,849.5828854,2320.829158,942.8701431677465,939.9985665869253,639.2417785975897,1301.3272645393304,1450.031059523711,465.0157197,415.72174476358657,526.3487589667138,830.8804425719204,1406.1557244169123,1653.1331127546093,1921.8923018860335,1008.3155675280524,170.74022633550697,729.4072265432409,604.8662231975469,1172.3046479452141,949.8312995594895,257.66895458615153,433.9731834520619,924.1232085365007,1303.8162436482578,1220.2514997856936,735.6267097262518
PWY-6922,974.5982902237715,780.5039887403992,897.6789479,973.9455458333712,1071.8851680521248,912.2367042698636,823.4475766253374,865.1285487861895,952.0376782851497,891.1701899399031,1030.1748100822726,1005.9156688271049,1118.2201215964108,1075.1742575148257,1342.3492878620602,735.9027449119648,582.4131346,465.1538039277833,761.3581123613858,1029.8634712622202,1256.8877909176665,913.2527223082021,847.1751045301232,647.2753003165112,1102.4304639531379,958.2504174719821,1111.821160147593,790.0886959203439,715.3098121270733,949.9885184812338,736.9261335259831,671.5436426471501,1230.807536857536,757.3295871291895,895.3683728,654.5654152665809,655.8528699819053,713.5591589982362,971.5921591293109,563.7364474228518,808.2728154329038,616.7023287737736,523.8515918044087,535.5558093744899,758.5848458712846,667.7370191221008,615.8819358189579,620.1219846523934,985.2933006697924
PWY-6936,4606.077611820622,5631.759064006987,3345.741295445879,3534.6632723457333,6167.187245869009,4116.892925528624,4543.524955341414,3708.1179450374084,5021.53367,4302.9472392568505,4425.778734051087,3560.3958923531986,3796.257583811899,4580.897327139499,8066.990781006331,4093.9056634986478,3846.021055799409,5405.454591212375,4209.628288263354,7019.594626322049,4443.336588588894,3426.814292466212,3204.906860938486,2883.1690401603228,6163.697462823792,3657.341533969249,3893.5886868143966,3134.4522531881735,3922.350851377302,4702.388009832034,2632.730276336723,2565.1953003246003,2984.432477374118,3480.238177032577,5405.433872108295,5072.067049159084,4896.884587725883,3513.136933988819,2453.8026062818103,2474.3549171417794,2949.602985041136,3454.249631282566,2803.8189470889724,3425.9445528384485,2501.5184329778644,3503.594409208417,3637.948811072998,5653.167823240835,3194.297877
PWY-6948,0,0,0,0,0,0,0,9.215887326123546,0,0,0,0,0,0,0,0,0,0,0,0,0,0,0,0,12.614364982204467,8.066924131868463,0,0,0,0,0,0,0,0,0,0,0,0,0,0,0,0,0,0,0,0,0,0,0
PWY-6961,133.7172879460191,834.0988116,226.80812712077682,132.38177939036723,743.1003693446315,135.92054877434393,338.6394369972649,233.50375112286022,152.2216733179236,316.6889546795411,217.51710674890344,346.1217738787938,91.81055152,373.98402186259347,720.3594756582455,477.53194156611914,623.7100215002625,784.9047963967405,648.1354916432044,40.746562592407415,92.78911462648635,131.90131047196894,232.2496687840486,112.78491746972816,591.3105087,246.4418559199471,290.7555979906008,86.87552541200881,416.6822727065117,206.71730355333978,54.53605566018214,77.19938551101426,55.457418134257956,272.771048,639.5729066331862,661.1343775831738,933.6898391,320.36611693166145,148.3190482104603,88.29788354980437,113.80119482154446,535.4444258770693,338.92482951337735,149.6107605703654,104.24459757520683,625.3606075,133.93093358059343,842.5070119601631,90.53479905300465
PWY-6969,13072.12856580725,13575.248581453206,11830.769401590092,10633.921731544962,13685.971406566696,12079.545651737044,11309.559231505034,10589.98749,12698.28558458991,12973.387477725906,13192.482778808837,12016.16307461843,11700.520094848258,11823.230810284045,14732.73218975436,11823.442750487155,10380.417717412813,9436.540233000147,11580.085314411715,14747.313930119242,11440.407697175635,13131.826917575898,11864.462908993295,11509.222304398669,16507.500994953436,16294.061082750439,14317.687492617051,10578.584253646943,11608.036328296066,14765.80019501042,9108.345015,9826.430370346177,11748.579865050946,13579.15222,13773.841303769508,12004.131478581425,11869.132928670768,11805.19181655171,11189.734319131941,9221.244917074122,11416.536289024549,11760.985458628666,10863.419762124651,11122.637678727762,9737.018601967618,11571.748857680108,11558.129336353337,12800.219301041121,14662.358797665462
PWY-6992,47.198977052242036,32.02137494990011,20.114968795946336,17.554598950737525,27.271169472808314,31.776557822922573,18.849482690748843,23.06485777932308,31.01532247316864,0,19.736771085830007,18.13960878007891,28.96893733357482,23.49923371865117,23.66124667846425,0,24.203831505933994,14.994286026951098,0,9.089484407,13.842111222264647,0,35.819864702719016,24.334813915752548,46.87502639826567,37.33837616657855,0,20.768343831649375,9.283927539001887,34.64792877578362,16.08654768414441,34.82028325339113,18.327697226959224,36.50817186849953,38.92995101495214,0,25.12259451615528,44.10131967362856,56.89489589824058,0,26.818703567135582,32.06380223823853,29.980991937221262,28.176689179586862,18.84923149622177,15.289690581299043,0,0,50.36146477776182
PWY-7009,0,0,0,0,0,0,0,0,0,0,0,0,0,0,0,0,0,0,0,0,0,1.4952938586014872,0,0,0,0,0,0,0,0,0,0,0,0,0,0,0,0,2.989148717932829,0,0,0,0,0,0,0,0,0,0
PWY-7013,2784.8332985742454,1802.9313869235182,1948.1188599292561,1657.941315680371,1631.6228319271079,2717.5532212517633,2415.6663618694674,1804.5518393412265,1608.168136317989,1849.4535927796135,2033.9117545903684,1978.2742540399888,2667.8870849794744,1577.4826826741835,1293.0758914385153,1798.9015086297304,1370.4133728565466,997.3549946478015,1148.3254633854144,1346.7582077175941,1474.2087500134787,2320.379932487894,2126.7041559664594,2326.1019356105703,2265.6599988440325,2343.7006794315384,2223.1454692900197,2253.4215357422886,2010.1370901310145,1742.012741,1239.773651627226,1544.867132777994,1725.9327730231296,1897.8339159041923,1942.1020885115697,1205.8318391987123,1199.8890409930427,1859.3684681904842,2974.8334268892313,1513.127939,1750.6107421857894,1685.8863806064662,1734.2855125545107,2843.9081337663597,2274.2499711110813,1896.6339416123026,2165.7100362461515,1075.7605723009983,2772.6451648587386
PWY-702,5462.581226513523,6443.085899010672,4741.231239467943,4835.184894773778,6477.788942750549,5008.824991296676,5158.759812911861,5211.741953,5512.709631531023,5354.342406874371,5601.648727953221,4671.653016361982,4914.421586278587,5148.017011,8438.097029,5000.848249888808,4787.1562128855985,5467.385268,5054.132697731819,7275.672449934942,4987.024859471434,5009.299570123699,5282.494172618639,4481.171661598313,7988.578073,7084.3616005896465,6434.333460359942,4444.734372038115,5017.069736019548,6370.1830595061465,3813.713092,3849.784358174034,4791.965431028157,5189.509395692649,6264.657659048552,5765.141475266804,6531.845409648413,5056.564352399112,4792.871240234039,4200.543984767827,4533.191496332391,5643.799651889302,4573.080359626781,5472.5418371540945,3911.552055375094,4793.774343052591,4941.477747595577,5877.148598438122,6590.537452208415
PWY-7031,3.053135472181674,3.9753041793934125,7.363766262389033,3.076421956691444,2.3225504230513407,3.7698893006562693,5.112132377976348,4.4605277203971685,4.64024236,2.856622239,5.687466849794187,0,0,0,0,1.710931870662277,1.5533009469336727,4.906803065289678,2.8472537113126464,3.412414584964569,3.7706268789667075,7.935654678107751,0,5.018702339139561,6.683340032956603,2.263410396190866,4.558343933661051,2.259370021783269,4.976780371124164,2.5165531261829237,0,3.081651060814809,2.9258933846498807,3.414233388582538,0,4.461911755726877,2.468103710137548,0,2.853430047615984,2.8504893624094114,2.268505863424287,2.1751045030811578,0,0,0,5.102389945341088,5.38469953,0,0
PWY-7039,26.79715302491103,7.949003984063746,18.081534772182252,23.165618448637314,0,20.386666666666667,19.197721529142765,5.880834160873882,7.713004484304934,7.807228916,15.12627986348123,0,16.127167630057805,0,0,15.62195049914348,0,5.983531564501372,73.08855291576674,5.837471783295712,21.51638496033115,22.015982364287684,0,0,41.739638061879745,0,19.195979899497488,9.670510708401975,0,43.13186813186813,14.379746835443036,11.119266055045873,16.321243523316063,7.847800237812129,105.52763819095478,5.9639819909954985,15.833550065019505,22.729206195119797,14.952965235173824,0,0,0,5.916083916083917,29.686567164179106,20.04964539007092,5.961661341853035,20.34439351440104,0,3.961070559610705
PWY-7052,537.1596527618558,435.52545014685035,294.74011229621357,308.4315020895731,256.68529698022417,318.0199279315757,317.23665819121715,306.4929800566866,315.36347105138924,267.1563650432913,364.72832399249745,349.7696386281255,417.7464422209643,326.21962176238753,319.1282624,438.7392804348547,173.75966907304135,208.42963367591443,265.1450993967912,312.6007950879204,254.95663223440917,249.99755326663188,337.9242744330075,372.7886330658109,418.88958516859424,628.9220515907415,649.4346631038211,346.2347195326674,334.6114757344196,478.0747980581444,378.69946028823585,226.11836408225693,367.1797649,362.0911099643983,352.13196857825625,245.47120305082072,348.9705227108737,313.49300599616663,298.73299816661637,294.9023272133365,334.31244040060426,388.4739436473575,324.77783512399805,376.33716494529557,287.0452664694604,317.3816038278949,311.3206565,186.9282845,604.1377976979146
PWY-7072,20.735803366092608,9.065378566614243,16.443292754530866,18.91158225522917,0,3.1969223371002644,11.62383524286802,11.6928,11.147976572173464,16.607312312577378,3.0138299907666974,6.386848189057282,4.473597713469096,0,33.44942384758859,7.606492543,1.599163835902796,1.9622834103146451,15.94701986754967,18.815749090537775,27.60258767449779,7.5271470615449525,7.050342424606512,9.044227689620032,26.42416296,21.100274003661863,7.987832699619773,19.442393401032067,18.059096019788623,11.576223878061212,0,6.6534181240063575,23.925576648562334,6.178823117950511,6.040463189734419,0,0,7.916360498089015,14.501998533206933,15.944636678200691,14.228748364702557,10.541986508490346,17.423381809710804,7.173371316027073,6.109961081985141,11.247718307750114,4.721412651336396,21.325206050841643,3.774286490894265
PWY-7090,3664.3963683295237,5173.148603692553,5527.139543037704,3609.2847601321587,5072.781275252233,3974.501518,3202.026225,2981.6416670663066,6268.342285,3368.257005039852,5378.710484,6286.151518615053,3813.6820223159875,4556.037585194665,4012.3463276191665,4375.904597719065,3346.978409524422,2451.483384768718,3476.9761460515056,5484.488969863353,4411.125378123492,6827.820836002325,5146.510082141163,3448.8566668701806,5226.305406906672,3604.164891556075,5346.887598407941,5289.436434143355,3296.9766138859422,6050.853928862085,4634.419174816844,4188.770126771962,6869.2816403217785,5354.539904522897,4528.846686266045,5175.5822262579595,3408.6188712298745,2449.5678251856766,3842.326575612102,4665.755745005994,3415.041937,4993.776302316325,4254.9873318498485,4853.330166502538,4601.724159448934,4790.491896133185,5194.593504111431,2639.307003667082,7514.0864726374775
PWY-7094,523.3523507298065,768.3391829355809,754.1245848444956,442.1877571081658,744.2682455516558,632.7863039899216,755.5292588994446,837.6951242691216,820.7034637155331,811.0043124435593,729.9412796198603,781.4630066019657,894.1655550577918,969.7241643171693,844.5964071684725,768.7580152813207,372.70392833786434,515.1570801311927,710.9526804886873,958.0469592901555,669.1212532377502,589.2280357830311,807.3504019553294,583.7695385654807,1341.4361421914818,846.8344128,1099.4565706530775,504.28980286819046,732.4337758563231,1400.0880236334347,593.4398778262108,754.5192769830659,727.1875490488228,378.3393875774559,791.1103996972337,437.4617313443081,737.5678777893596,432.92907809939953,605.9846769471711,649.7935501379853,435.6755181253089,594.1924327458694,483.13006587892454,160.99958676232794,333.6762945180237,553.9940734142739,658.5456515,414.13079823493604,427.8617578
PWY-7111,19689.698625115358,18287.101882365136,15751.38122266003,16254.601802610352,18269.680033333967,18198.738177739917,17204.46983705783,15720.85660161409,17197.93674619264,18202.85226566296,17130.933389072212,14977.443456065368,17242.385926774044,14734.041415935959,20043.974681018502,15628.868428360633,15133.43938770672,14123.339418416428,16297.214029591638,18429.295369800784,14928.816636578818,18322.43145306865,16872.749218506375,15554.87653486916,22363.16778195861,23475.331974004413,18954.071809752877,14031.910403534814,16557.800541966313,18972.847957117632,12680.782470221902,12133.067295996017,16106.830326860978,17761.497130384047,18691.46286,15761.89659907124,17810.53849206713,17738.82345758644,16858.959776792224,11963.071563426929,14225.671963446515,16121.521454674488,15182.217432011566,16829.491853177162,13601.114346206285,16692.740870442783,15996.919744561214,16447.227757116976,19809.843658972524
PWY-7115,13759.143758457723,16445.506370705654,15199.336611475264,13124.401402821653,15973.198004037544,14627.77056205662,12741.150056157223,11972.212114174705,15186.566430416198,15867.40748355859,16080.490191462864,16135.28509957653,14346.82294483924,13628.86151287326,16345.858532877795,14561.13058421854,12837.444764648058,10928.63015800437,13755.775586938222,16477.936921000066,13261.656546245596,16302.108975643605,14862.815366646018,12525.643999983326,17550.721394768872,17986.992549296447,16541.489032359157,12344.819684366243,13196.24276239312,17254.73107667451,12593.99582515756,11649.19441723348,15700.316067870193,17479.951246335833,15328.878789906703,13333.324958680056,13741.914386396258,12504.165913364319,12572.57106145262,11764.625138321082,13048.531241160377,15005.08102946964,12711.767005276743,12152.681123392498,12249.318132412649,13698.350778927615,14220.744041798689,13500.69655574478,17947.336485120315
PWY-7117,1165.2811853096334,3869.8772141774775,1918.6329305372908,2303.229237887403,4539.249034213464,2272.225510061642,2590.081140037701,2386.560912235155,1065.218615541908,1955.2947224278946,3565.846025,1839.8889840247225,1608.1012874466364,2666.166201956296,5866.30753,1845.8865150336253,2055.346430023904,3195.0980328616474,2530.3233761569686,5185.861916470268,2518.0544401377465,2849.1166617402314,1884.2460730539713,1085.2781843473815,4142.404001139864,2553.703077219492,2327.2292253649575,1637.6375374044285,2317.882418183139,2363.71955,827.1027674447935,1218.8350678949366,1079.048999515681,1292.734725716206,3012.955901692037,3519.596290790369,3128.9690751145667,1788.031824815736,1123.8308803054288,1442.9761390766316,1189.6561488593345,2464.219265681867,1619.612219121085,1808.9529929451921,1179.9186506583708,1518.2227635147967,2017.7285422448142,3016.800825101414,1977.426026996026
PWY-7118,544.8020108317245,134.4129867000636,142.29092176512927,151.73252972669698,236.11681296524074,210.5961828777558,123.23874572700494,231.1314884361974,663.7055834618118,175.6585843772836,158.79022311501657,310.7020731207611,348.07976726878366,332.57282538163236,269.5923745128049,431.27870658443646,162.65241634148148,128.36167611197448,15.991085397018852,95.28648271609445,185.10466848636156,555.1438339474073,115.88601254758198,131.3096247616553,278.18073363248146,231.91416219986777,104.08743047349765,235.47357646161038,124.91415016899197,273.6883189323204,103.52418433536631,315.3191551,173.5209591143105,186.97183848711262,291.3460222471204,588.2308154773482,111.52953510862214,110.34768171754263,220.47920996225676,83.68248599667942,152.88640044781332,174.29462580697802,141.25776740093087,485.4075820624727,286.2620574360319,78.97617088268834,215.6975146947077,91.68509182,157.23323038301805
PWY-7159,372.6846679528394,105.19096838148383,147.17788980019714,133.17205683787498,274.6072638879778,174.98535347927015,195.01636738743835,192.338366,535.4594111292143,132.9191523482243,158.93608256638268,340.8237253248046,291.86039990459517,316.24494310599795,243.63952942717742,421.4437377363606,125.33559504877586,100.11731614783787,23.56111059380863,68.12774466138346,184.99854995716154,463.75568080918026,37.809471088218594,88.73976921187527,206.81080668132805,158.21984677949223,77.93132955759252,195.0415981968108,108.5459738437147,291.64528221157707,77.51941978,339.8479613882436,129.15874472319638,173.89331119145862,277.1036196005376,274.225642,126.6380045310866,104.08251804915835,195.91226063085608,93.57382503146238,121.3129037585526,134.28983802072258,134.50963592297677,193.63799108127733,265.06640794943047,35.36719513712972,208.23268866300452,96.14580353408198,118.00779859396174
PWY-7199,91.84861709281861,53.948833900734265,49.95529818,55.73537366394404,57.93632229851516,57.93962499295564,92.02363622029601,76.06865778,136.0788729165962,17.79437385422593,65.58214231123748,79.88524691278334,40.96945111597018,58.52737634801558,37.97194701,61.92510770151561,26.784938294905267,16.59213626,7.998676280729419,21.791271832356887,15.994227426758222,45.96579682408318,54.143743223176806,27.98436371904156,86.08796042447668,59.81091098047081,31.403810365326684,56.350322016045645,29.48202210934524,87.87767209233482,13.995605528962031,39.962356802925626,82.68552949520937,55.95103023882753,59.936445211181976,1.9999154020685885,61.92012487449382,76.64852057983475,63.123456595176805,23.98657201178306,36.57306275704359,50.15278024386743,37.97126211459093,86.19061355769034,63.90964523844083,72.50232253525981,23.989261580807167,17.992714248321803,71.92370874400223
PWY-7208,9262.304585201504,9706.863356241653,8125.379818952335,6885.113115624272,10177.384805254107,7753.884393,7296.432872972312,7602.697325408138,8158.465064,9784.445873505187,8794.354861102489,8385.599637016392,7861.773715054285,8550.208866,11018.315811474722,8467.219099398217,6570.835107360757,6921.170132273854,8187.643382359131,10195.111745374266,8547.850536670285,9040.598305,7740.665575879042,8124.770335185931,11214.876659387222,10373.425220316676,9887.221811323683,6849.414359224164,7696.637718987038,11144.340226603314,6705.392181055783,7021.494524974894,7930.805483176775,9720.396271431498,9659.886883081743,8172.545693,8777.917723,7414.621223684545,7413.706527566495,7004.319129315217,7353.514397935863,8471.980575922136,7106.636361510918,7038.618013036422,6453.366949769797,7150.894405190154,7095.755233531653,7908.791699626432,9430.130081693529
PWY-7209,29.85386729130131,56.74375885635576,0,90.20019513064044,73.64765038933879,0,22.378317596413886,9.971891555944662,0,92.84316470713372,29.760889909343547,0,0,34.62822968,144.38573027651782,0,0,61.232841741014596,0,115.6105272797687,0,24.85614112624803,24.85028824114394,0,24.884830286291145,59.438272967357406,12.468885464348778,12.457470281290059,46.960874077403766,0,119.34628731878968,0,29.750327500829915,97.61886533076427,49.34165865056342,73.46764599535358,197.1348128183808,68.96911514898038,7.488819211552177,0,0,19.908796533584685,44.47278777,0,0,61.705181629392044,14.945425228364048,143.06442667869632,0
PWY-722,0,0,0,0,0,0,0,0,0,0,0,0,0,0,0,0,0,0,0,0,0,0,0,0,0,0,0,0,0,0,0,0,0,0,0,0,0,0,0,0,1.7893700787401576,0,0,0,0,0,0,0,3.1540913921360256
PWY-7220,16766.16192595307,22484.794044911927,20177.15528105054,18272.487306408973,23328.874828448483,21005.938663452507,16394.811104609777,16794.01412087349,19817.111436947667,19467.464045512286,21855.13161380457,22677.485596152346,21040.086974708218,17892.18165086363,23820.271939203845,19760.424779655717,19336.31467248062,15682.036711217637,20172.31339543062,22691.78427447359,17688.991746828877,23357.461371779078,18290.976445211545,15549.346226031857,24097.418028478856,25357.85256,21168.843327293616,15958.864590705572,18078.75785811933,22260.308620402528,16192.469996575925,15804.59422570976,21362.904276749865,23435.915401554572,23121.683597424028,19370.036036449903,19121.686619935805,18082.45772404918,15372.634846621015,15609.102041105532,17983.17122621415,19338.136774262002,17847.72655496133,15443.041423149396,16075.515591980055,19983.080380672203,20149.896259488338,19884.426778318153,22635.938083037927
PWY-7221,24735.504031438522,26837.929970426143,25398.674893510437,21854.76872360767,25191.14715,25772.063487006228,22076.631954775756,20260.44529162135,26343.57156591081,25894.660368688827,25704.87971579454,26054.764631016726,24992.969814164455,21932.793305128256,25120.430158696046,23874.00670244818,21865.604764899246,17166.97997407959,22941.814186124975,24992.113134662617,21149.28477330433,28667.40610864255,24062.998506551296,22563.037569686352,30205.712477419496,32480.304845503473,27486.048667757907,21007.61332980219,22434.10706766436,28996.26499344371,20417.27194,19459.084123009652,27175.860091741073,29558.798706419053,26318.940848516355,22295.284791086735,22055.368923175414,23269.17005228386,22771.40022333182,19777.686973828193,22739.20296970458,24276.791129273195,22908.98350835056,21722.111328698546,20879.09704871968,24938.629518869977,24139.938858896396,21708.712765887318,30387.317030816463
PWY-7222,16766.16192595307,22484.794044911927,20177.15528105054,18272.487306408973,23328.874828448483,21005.938663452507,16394.811104609777,16794.01412087349,19817.111436947667,19467.464045512286,21855.13161380457,22677.485596152346,21040.086974708218,17892.18165086363,23820.271939203845,19760.424779655717,19336.31467248062,15682.036711217637,20172.31339543062,22691.78427447359,17688.991746828877,23357.461371779078,18290.976445211545,15549.346226031857,24097.418028478856,25357.85256,21168.843327293616,15958.864590705572,18078.75785811933,22260.308620402528,16192.469996575925,15804.59422570976,21362.904276749865,23435.915401554572,23121.683597424028,19370.036036449903,19121.686619935805,18082.45772404918,15372.634846621015,15609.102041105532,17983.17122621415,19338.136774262002,17847.72655496133,15443.041423149396,16075.515591980055,19983.080380672203,20149.896259488338,19884.426778318153,22635.938083037927
PWY-7228,11232.202806038158,12142.039872653628,10305.816599492387,8815.724545197792,12641.63139716879,9925.881837658486,9119.484972040324,9403.873762292313,10371.00213667871,11929.255098704365,11162.721450627732,10740.280885882845,10040.454232751506,10537.727326586975,13533.061834089323,10629.145326609809,8491.603323556445,8610.742528,10274.296564745053,12656.583844972189,10541.878513109321,11544.58170034633,9795.728890150038,9902.838431928867,13893.73988941055,13075.423793995313,12253.004202064609,8596.285486794792,9657.957386572592,13624.275013168934,8486.206183804074,8763.404521397992,10204.452096798886,12198.60335726967,12059.221562760446,10181.419796681383,10807.232194800468,9334.302503589726,9209.270881781084,8707.459547260181,9265.516911336605,10578.566726179324,9003.893768854437,8777.201984849962,8217.166308899068,9231.136890305736,9164.185255,9966.401698098589,11924.820992109351
PWY-7229,14987.622472884186,16545.938082113953,14451.419022300754,12493.097732482916,16911.236898851428,14227.194746014948,12651.813069567042,12808.62561449082,14605.924521775425,15985.444979884578,15414.692284040166,15111.852170948338,14299.082304106314,14062.088633817615,17684.976456341963,14537.891039306356,12250.93745410635,11461.422128742406,14236.914240824171,16875.76500128075,13967.85951561757,16293.414973988865,13605.347759201914,13321.604008466798,18733.973108823273,18462.86264,16656.04338715534,12043.581833534226,13331.742454984811,18173.553553448444,11847.275402901772,11884.066900534819,14617.893369855066,17039.892336402303,16580.14095535918,14031.834230016664,14484.575185209578,13218.389864849727,12695.113093578539,11912.741814019379,13032.523476290824,14543.207521136088,12799.996606021605,12299.691740917444,11568.203973633894,13326.098541845442,13243.810239603168,13724.991182641339,16824.74664941972
PWY-7234,3192.6045669810414,5328.588145915051,2693.4810922545853,3134.5758471469358,6207.243828243208,3246.0633875722724,3364.000643204494,3242.9688038910767,2541.295519132469,2789.720671625157,4643.841688940032,3460.469906040395,3062.1747840835956,4027.9434390267265,8576.468595,3560.832947118034,2991.3346216268724,5462.593904355913,4200.128672408178,6449.282008352952,3273.405176980169,2873.679104779357,2607.9647202931296,2235.7322898561324,6136.421968,2577.300058756884,3095.550205245372,1817.6905331732366,3376.7844831495536,4148.200076116688,1706.6262024678463,2469.9917279588835,2039.0591600020794,2312.3041472718905,4982.7109114773575,4746.595576,5082.658743086135,2039.5246801949525,2065.825842,1843.424402,1693.2949889382737,3269.6205889619023,2206.469947768557,2046.9667243332838,1840.560949719727,2694.0746051981355,2775.063765,5928.717050811588,1706.8185489997775
PWY-7237,724.26,958.75,494.34,641.4,1480.33,675.73,663.1700000000001,685.51,719.46,656.0799999999999,1146.16,637.1800000000001,738.1800000000001,721.8,1666.0000000000002,650.0699999999999,622.27,852.0500000000001,776,2108.9,646.54,679.27,794.02,670,1342.35,990.9800000000001,895.22,562.54,507.41999999999996,638.26,559,534.3199999999999,771.76,624.4300000000001,1126.25,870.25,723.5,548.8299999999999,721.11,473.41,668.38,773.5,551.92,897.6800000000001,566.25,604.98,587.73,372.67,908.1
PWY-7238,25288.38856448639,28757.07132154979,27756.88258905864,24149.92914412236,27270.630817261244,29067.458830881846,24494.00031437332,22918.20184590099,27732.46454031947,28949.116527449103,27412.699852316382,27940.665083395386,28550.280210417084,23167.96269091267,26608.565935493625,25540.962418195857,24876.73231011422,17861.421070510427,26069.486652952022,27306.09971,22723.82346648281,30923.220117612927,26083.526920835604,24648.93788970689,33133.07001815107,37180.16519,30319.29547512264,22496.67068697813,24444.007823704924,31337.381509148658,22422.920314202063,20701.999517629247,29723.98714725656,32813.355467944966,30008.448530551606,24779.55237000626,24395.501579084663,26708.47576390775,25065.54644191228,21748.073850303277,25632.723748917175,26404.588587968636,25375.995362696194,23713.83657432884,22349.854046127854,27427.378708666372,26720.18096242485,22294.19368666986,33052.770568906984
PWY-724,23045.295697348825,25457.09888374566,23570.000492852207,20978.63089511041,24366.01982988572,24826.194548884105,21125.51470711063,20124.669999295045,23601.56518187213,25626.623329829083,23918.59861348073,24000.628994640592,24322.297788569766,20641.492331800757,24808.388387250438,22770.139762614028,21652.916031516797,16963.899011244896,22797.68966,23869.363822298426,20143.778487126452,25605.107602732154,22447.97336237627,21500.553805779233,28988.030531349053,32327.038323470984,26502.227333063354,19247.095870202895,21768.69423244974,27242.82103643181,18942.84618516896,18120.734370571707,24519.643816725576,28256.359428584186,25835.348672231972,21109.406002765696,22193.731010287258,22827.01089908674,21555.317197733413,18353.87383357572,22178.352256596598,22986.96048278573,21602.843662870317,20027.31816362073,19115.983321587497,23302.299974994068,22805.643261954716,21994.432263875227,27958.252239997822
PWY-7254,491.45882494566155,228.69819388455298,195.16756023569394,254.80759186865987,207.34818077171144,317.4744874878025,486.9547532454148,749.7115141883321,525.2867825917607,548.2586058255298,330.2456967445184,119.53440923928267,570.593522,320.02314356230585,350.4207256335076,293.9552810099204,248.18054900222265,290.4356232,115.13124263575298,691.4681498238511,500.1512357141002,223.3672746812551,409.29255191354173,322.0325957574887,745.338642,798.4622025429741,412.1805801,381.9586293544955,470.99994468172537,158.54844214839278,572.2441551550565,75.47296160945088,392.8842369667625,227.34372916580872,297.1085214671129,381.70046723707105,45.810291270557016,258.91298982710657,176.1236248442275,173.4170962908639,236.4339509588197,260.39651755498846,265.9177024515007,590.6171596264311,78.69025008322379,334.3474881,372.1431365883383,140.34564841612155,260.29322553167924
PWY-7255,0,0,0,0,0,5.6959866,0,0,5.729744734461394,0,3.8387726911802162,0,14.851796970602848,0,0,0,0,0,0,10.074529455090516,0,0,11.304665986984404,0,18.402744490642068,0,0,0,10.533433307815601,0,5.678215338749068,0,0,0,0,0,0,0,0,0,0,0,0,0,0,5.821188345520215,0,0,0
PWY-7268,0,0,0,0,0,0,0,17.976361751217137,17.982466212683008,0,0,0,47.86595490911161,0,0,0,0,0,0,23.970550411310086,0,0,35.91622388,0,23.97318809211026,14.989487466116291,0,0,23.96095238237425,0,0,0,0,0,0,0,0,0,0,0,0,0,0,0,0,17.97861900277257,0,0,0
PWY-7269,0,0,0,0,0,0,0,11.996232017696958,11.997110776442716,0,0,0,31.978448067208358,0,0,0,0,0,0,15.994717092023304,0,0,23.987217866582046,0,15.99547422998266,9.998353931683555,0,0,15.993872833532068,0,0,0,0,0,0,0,0,0,0,0,0,0,0,0,0,11.996902739569869,0,0,0
PWY-7282,2742.5910784469984,6357.869859795335,3991.4922519776487,5394.180958632571,9016.052580202691,2962.6249065313614,2885.7347733870465,4015.0418749645614,3326.558502275325,2915.2185894403715,7097.139277993604,3844.0283392785013,4609.878437214609,5169.206449226655,9699.475938,4148.147328105145,3272.363903106002,5847.249118,6273.483230140369,10726.605362296941,6960.375240516373,4208.614666172004,2054.8956437881843,3146.0413325403106,9494.034799833578,3149.523182078835,3937.337316967444,2174.5918374245325,3704.0780218530144,5157.639164570323,3522.7901693154595,2045.1737972989897,3303.018664910786,2649.004528645519,7775.659675487606,6741.954656725965,5296.455481223525,2846.426492439127,1459.8463045489586,2633.483826983509,2341.4147839782213,4030.9543957028163,2727.9083070762294,2917.225805788846,2174.6575096638567,1183.0833551419835,5057.836776733103,3230.2013645644734,4146.470404235111
PWY-7286,1521.1518027718334,479.1234806743662,320.29964530321416,228.71683817001966,254.0141376516763,398.40053550071434,392.84122494773123,441.5129527403492,906.6660345671557,555.5927613408707,332.2256181814871,252.70578688653043,325.5818838651683,683.8792110112917,349.4331171112802,394.3311240010114,230.0454284,176.86652747465462,182.30051829239744,243.40402447647932,423.1704685135536,345.5894526,383.7410479703109,313.5345720191962,264.7304898869857,486.11698085637266,464.63574156287393,845.9168639802209,519.5153947346768,544.0478114779469,270.42868143390785,316.0158739849808,236.80305034893337,333.6955379424375,341.5432116798564,549.8870547089352,293.0040531061062,363.8693770605349,292.3510232363018,294.8609683537031,435.1746661594248,303.02194568632075,398.2108743948842,953.1330592633788,473.2212533597452,451.2121589532115,342.74783397795505,279.0926614831096,388.0450414136732
PWY-7294,212.56565502418252,102.84548244485788,92.63569826126125,79.19529046329758,150.24536684464107,141.8877734456879,82.93962463491674,161.5745381590759,143.63583578438895,119.29411327498863,65.00825992,132.98938699259557,117.78915173402913,158.57256951613616,105.42706792735859,218.45529104185363,111.15068428990588,66.31987575915323,53.120828257316205,70.69344205901429,86.77124376464802,267.0479882,100.46430933774043,100.79491839247903,187.15812620526984,166.10239495559102,90.05492269016416,160.2717780849505,90.81253121206232,169.9248687406943,81.30890742006281,167.42554472433054,121.66242175373141,153.4504527,188.93927217032052,223.4849715153408,103.26751924944669,109.26908805713171,173.2663093731017,72.64322764508782,120.8391946043707,148.05777689073565,112.92414948885536,0,132.84610099622122,69.75548902,134.08677958201628,68.63038583960872,123.25834077765852
PWY-7295,3.3244616736147967,0,0,0,0,0,0,0,0,0,0,0,0,0,0,0,0,0,0,0,0,0,0,0,0,0,0,0,0,0,0,0,0,0,0,0,0,0,0,0,0,0,0,0,0,0,0,0,3.305127529113281
PWY-7315,8960.571695032459,15162.408947796077,13107.51256922009,11318.716730223781,14130.366244720128,15606.281409067582,11652.439727776322,12018.17494,12055.314454939518,14081.023306480805,12553.802872345364,14443.441336307618,14427.767300521198,11237.300191949253,12452.58779989382,12218.222282411198,13288.73077168658,8558.009883679144,14501.24178911861,12601.678663460934,9953.848052410747,15665.663916368787,11569.054475686666,12232.302045242008,16115.903916485708,19627.11167248939,14439.00076360835,11516.442736520961,12176.692397043913,15391.03876437989,9888.371947095055,9283.170185278706,15603.743276629804,17011.66378355936,16510.505522260843,13745.32611545307,12076.813170213103,12363.305972123177,11170.2201,11535.10800802558,13365.707226141565,13536.756571790418,13961.81932666004,11087.185887022171,11286.126066791283,14961.903419410515,13966.568911710925,10813.79138527785,16223.994756200176
PWY-7316,7032.711206149448,10036.848597918068,9850.65793,7079.534756662664,9473.5811,8577.375798,7016.550640853904,6396.531774155021,10690.591946395016,7381.2355757255245,9844.887928275313,10820.382863525332,8120.986396547442,8436.216243444433,7900.6130309501705,8043.668645,6661.680644856671,5289.290490366556,7470.893723577275,9602.644784191834,7966.679208,12119.185880031031,9284.406754748336,7775.321126776028,10754.224190074845,8516.002469,9658.25455,8358.800686356823,6627.281083855858,11226.51334449693,8646.792395,7363.101849463658,11694.338541966446,10466.551359665902,8821.387490913254,8872.957902081022,6927.210259713275,5981.434768160284,8046.379243694548,8069.652141490836,7031.404102764829,9281.519255659421,8123.638426275844,7914.330064033129,8293.098344,9555.90122,9527.789845,5786.202071461986,12385.45894010421
PWY-7323,15987.340881985441,21875.951824757733,21351.728676502185,17340.10272988111,21485.14593201931,21156.71232023306,17259.055642006133,16903.924151370054,20471.02456998955,22327.23802147544,20319.219179884392,22406.882292493785,21539.702922383894,17767.373828243006,20612.51897813874,19806.858785845925,19025.169249465613,13823.695500434327,20218.378209460545,20033.054804142437,16755.18918531223,22440.412617947688,18966.673159787653,16900.015895526914,23579.14180075192,26977.009999117745,22602.955127639012,16743.451506332338,17890.186934444395,23823.819445672314,17523.136747726985,16154.488736812536,22553.298015075707,25110.825919088158,22839.460203956944,19064.875670551162,18082.749817848333,18303.90516544337,16122.122148636994,16532.27180881707,19132.16709006119,19855.493248121384,18140.61419860948,15562.171413647284,16606.34004290854,20163.440038917022,19650.648931723084,18311.575009228665,23585.665695306183
PWY-7328,7578.747892205728,6808.865555642297,7556.883457037844,6807.476692,5950.980943217856,6192.430757257055,5897.934513397923,5120.7044743796605,7637.854637624633,7994.343889707086,7434.594931725663,7623.901383216272,6717.520495,6085.613977146442,5281.704508741913,7242.400994670009,4752.706426467107,4760.280481,5565.378282936786,6452.535509,6010.339374502249,7406.088826181469,7073.414397103722,6083.648368740507,8317.940831655033,8088.715245864876,9193.509974023404,5611.960453795943,5236.403229436454,8490.654304,6121.693317501388,5845.328152,8721.735340003172,7395.491757115447,5703.702877643051,5347.0621711960675,6276.843545418052,4979.816101507615,7331.244174860628,5350.202795,5560.510536579799,6183.296136923956,4879.309558524078,5179.768794330425,6566.674631773178,6318.215685,6799.34928,4338.657571324055,8341.960034096042
PWY-7332,10.63017269492204,18.61332866502755,29.287269677541442,10.62861846248581,7.994728375462246,15.977034088209688,23.942685986419928,30.537078533080827,15.981106182472374,13.343279767339244,21.322743667185623,0,0,0,0,7.994165863171862,5.356846431548802,18.59368749880004,13.342029880505414,15.980124080607967,15.975746987537002,37.26588843,0,21.31631088456901,26.591625526525753,7.995107073,21.32657115467851,7.994242099556667,34.51848756304446,10.63221215498058,0,10.627835624173429,10.631589376500326,15.98092420988626,0,21.32103605,14.619523094992536,0,13.343659865413205,13.341489179507168,10.628264692300595,7.994621005472736,0,0,0,23.952330078336004,18.610401748429418,0,0
PWY-7345,17479.644348523256,17061.45916539327,15671.803786097908,14475.278350842873,16066.58104778994,16066.061531052112,14536.282815225399,13205.154411052154,17150.934598236527,16047.408729855482,16606.714055618293,15796.838771178624,15718.133052784724,14227.674033846435,17583.20815,14823.080298463003,13031.948137626927,12099.089299324087,14379.571598971372,16984.595613241774,14189.33313388878,18041.714045177465,15568.72566471103,14428.387107792047,20134.23147972572,19929.69014089923,17656.31797425101,12629.691650053095,13927.396164715368,19060.75773025237,12913.673905821004,12429.06319797461,16326.384528423347,15410.990479441965,15683.185557361436,12655.130397645342,14741.158985725388,13835.659771348355,15372.94878813022,11367.30402253397,13145.84167576709,14315.275433969058,14068.327385252602,13437.984862587367,12554.705948821726,15276.368388482691,14796.862769975905,14043.520681769469,17838.55460665619
PWY-7347,38.05325297775526,33.740926083001845,0,0,34.773788429819035,28.118406647566587,11.645749093856523,49.56748434924266,29.295438811679073,63.119744744569275,0,0,49.09230683962433,31.974689300094717,45.39813094645606,0,0,45.39862501,0,36.33865986893264,27.810611574622975,0,28.734578203414912,0,54.03741232702418,0,25.939668992446318,0,0,38.56057582779734,0,3.7057315208795902,16.80913135,28.279931724410453,41.129198297560926,40.48459305488662,40.12017046,39.69185174219705,24.07100899644692,0,25.829010078029498,0,0,0,32.281264995078665,36.71988297,26.27618651113839,21.622369194941474,35.28629135892388
PWY-7356,11437.230547724117,10125.281978242827,8692.619544,7675.906024423362,7871.350820376877,9694.978268500741,8724.228189285699,7789.277356940982,9066.471650294547,9783.539110772816,8752.914396677239,8043.557506740644,7959.6102406309465,7508.426370545894,8904.217895736256,8575.019361207645,7606.5910409212665,6590.960512042448,6805.794818739088,7098.622680869096,7155.636758510577,10472.05056138748,9296.713758,9821.694242845628,11876.509819159352,13158.365827883994,10661.094604566531,8040.501616186554,8909.120397741908,10616.318945110268,6419.592483898704,6976.145715540642,8430.113123696156,11393.391473261534,9041.688396184536,7484.0459914078265,9114.028731604885,9851.178796742273,10279.063382693528,7312.141750059751,8736.262443,9479.346179,9264.226231,9499.847131690783,7941.955796940456,9169.920983,8655.697821367528,8599.397556998218,12323.877091856933
PWY-7357,22329.23593844594,28647.6232,25310.341061412433,23269.18108018738,27446.831923846607,27997.946334613076,22952.182067604113,22134.019519518457,23016.99659209709,28255.01099657393,26142.135925991803,25914.927331613362,26232.672187083394,21573.59965682599,26967.893312860993,24680.729115855334,24887.02333983988,18643.76734701932,25765.34237196352,26153.437859991343,21238.213544611674,27636.457756001397,23469.02047007673,23404.954207336454,31506.560389872357,36030.309411855065,27909.258399565508,20231.209029797235,23505.990091573934,28441.830973016724,19224.35738012333,18758.57187399809,26463.72708790203,32532.739429133086,29788.032159396826,24053.227991847685,24192.727444502656,26923.122204105748,22508.863237518482,20425.39993765639,25358.63675721496,25682.52602859249,24811.095055686503,20089.53934650532,20603.76412700192,25989.806831670267,25774.322760969077,27589.01140395954,29880.71600786724
PWY-7371,560.3632262194378,850.6853852032311,810.2267182882276,608.4295350221377,699.5558542825496,801.9829895882726,835.3288906015933,889.1883600583793,752.4060840035377,1019.7760819716027,795.7594346002563,875.1774367409523,936.5108429928575,882.5304239099123,702.814953,852.4242819152873,607.3133872573334,618.0994504817236,879.9554986241021,850.2205086,788.6673690818036,759.2329729973738,1098.0895697092215,781.1483318,1300.7594581691155,1036.9549543195992,1374.6634038105967,512.0430402804494,661.2168116829422,1477.4240984535145,806.7349628945649,868.4974792,949.8021553814185,586.5508022169147,915.5571143,494.83184691865245,937.9434031220221,472.0125535471965,851.5941890332086,816.9436837610399,608.2382180828881,823.5476425355231,532.6066352618948,440.19873788361554,582.6235394377002,790.3238586862267,601.5646039417993,606.3299062985818,644.7539051230161
PWY-7373,452.7965707,439.4213701891733,433.01194,454.6486689248168,385.1339731662576,455.9872935843255,491.2782453010902,530.2589994063502,559.3024508247366,512.5589692856108,447.08868273920956,513.1699595707628,592.9142368002812,456.5560374598065,447.3549304616624,364.6918567276726,435.3733685991993,264.41189702195885,355.32420496153173,538.2902385675017,549.7445077,474.93367847683714,491.5561119,338.13386029340825,837.9647476920356,602.5544252923818,911.8684204599316,366.2274687990852,380.4702929,697.2773393723782,589.6376326074809,387.0293603054812,711.7936291654632,413.4089222057415,442.45916893382486,443.6856231847891,694.7888897,346.10089047335475,618.9544299519495,363.10869318642625,420.4993151770249,389.6625237609289,296.14952460966146,419.29164054502786,346.3466584324666,298.25601852191704,452.1405198203707,326.60869064641787,562.1141574526073
PWY-7374,819.7169117109951,953.291104,1149.9351854430965,815.1253669326736,791.684594,910.4440155999762,947.6903938497868,1003.4956291356804,1081.7462509322977,1140.7803013894286,1110.4943409541345,1202.139705244555,1238.7719417717285,1100.3306513411997,815.9466902662908,1099.5660228591034,697.0623318,689.0833282727864,977.2406225422995,1093.9407361604824,990.0884172232454,942.3666845898033,1240.9909862588906,922.1671371073307,1465.7804406371915,1189.5854793036362,1551.693631803265,730.4666474001948,774.6766290504639,1731.141835186606,1120.0953350583227,1056.1628351385418,1311.3374093376556,759.8494792813841,1033.1682511346987,576.7155780265408,1042.1212374892639,572.4109537451556,983.4335802260496,956.7928361130324,758.4976368927352,948.4665139906921,621.3030747333311,532.1542445545634,765.9419902841651,899.0073824523837,807.1697438298452,676.2820467210831,905.2162451
PWY-7376,25.13615055580139,5.995571865524327,4.796691418508613,14.366698884307809,0,11.98185157785591,19.14657356,41.733847887492814,27.49999742226597,40.01650699261363,23.503611558851194,4.497144284737167,58.31003756,0,9.583735352004085,17.953675686808584,5.993474365414956,5.991557756660507,0,31.02988849939901,0,7.194302626351126,35.832284997046706,4.797311494197449,32.290734260127834,39.457384712140026,62.552394211506865,4.796556061844577,64.25080601183936,23.937411325992354,0,0,4.796929014330706,19.16431263800419,7.192655674099251,0,0,25.121512960145562,33.475673508912166,5.994325348,8.390886814359266,0,45.333621977530456,13.175265386951455,21.532539374690145,37.016881922669995,4.796779555247826,4.795514286879093,11.985670450222903
PWY-7377,7710.960850250957,6044.128659017314,5123.111533540447,4516.213488017366,4366.580015177074,6031.503282188463,5296.193766368528,5127.018644,5612.038574563578,6641.370261894086,5479.707812662272,5076.987595674448,5151.229919388563,4754.318888682943,4153.710189335899,5057.552538626079,4181.263470537398,3114.986181857964,4108.295097716843,4069.607789842705,4304.012060066126,6905.678874841001,5891.108568506171,6595.170105746161,7332.877986110685,8493.920880873728,6556.310737830129,5087.184487896219,5784.970591701105,6838.193247,3558.9878986169088,4356.685710774736,5509.852854494712,7659.730312673186,5290.918662852105,4485.546306,5178.696960140413,6284.557925546362,7160.89375,4788.027270683249,5904.218694414714,6111.959553834163,6123.815684433967,5581.176842484292,5195.466152445547,5771.353615739952,5380.494179989877,3794.199420203166,7759.780588
PWY-7383,6327.526257222353,5443.848894840493,7415.258942478229,6078.911414834687,6320.201932203192,5657.701514873364,6045.561181347204,5779.271147,8293.833887603978,6750.175770100883,6212.135885266687,6641.003497348526,8017.545727366544,6410.598307892491,7464.864781588951,5982.066895462481,5470.915170074301,3722.3785426366353,5419.543167253585,6953.576265584113,6135.147031722452,6366.5698181685175,6160.391955682547,4611.786147104431,8791.603047388333,7238.263208906806,8224.498484106218,5775.2217152368485,4833.543738821506,8263.258885332541,6577.891649609644,5183.331421178082,7849.107905250394,6220.756645595214,7464.99956,6286.648125613767,6565.667276925361,6189.059176506098,5887.042002,4927.121225903611,5322.613100285262,5351.552831194935,4495.550290314128,7154.232827,4204.039783905899,4893.127364,6250.411356,5048.166338,8551.631728710252
PWY-7392,12132.914829300094,11272.946444386766,9247.102601354773,6965.7300168497295,7912.166319723236,9497.719304,8369.961084798526,8574.352580899022,10085.004857282795,11109.825445278777,9199.753244191974,9814.767774670046,8184.6303723144365,9281.274215209396,8901.749656051827,9616.118682436258,6644.925369,5108.740518355404,7068.643797175093,7522.362451111517,8334.942274975492,13288.66432530461,10398.583823633642,11096.828956393694,12374.976865779156,14165.608091917975,12293.060513989672,9515.615973392376,9653.935117594552,12767.574353319986,7364.418135190907,8551.928108415495,9778.755376178531,13929.650037141488,9192.948972,8085.97654,8515.822322192618,9804.869157303254,10687.944131933593,9028.968130375311,10301.27475,10789.690550973733,10284.064385446221,9541.615777825324,8631.966787472607,9423.300223,8565.557290232495,6677.597590065674,13735.374887371996
PWY-7399,100.6194081211287,117.6097303014278,69.91179976162097,145.2377937010498,101.95403497792151,186.42733609349614,174.4165660349459,120.40161933181696,97.30584417283887,48.59823081670439,112.77104800987128,89.23465931827869,168.24845063008755,124.54503676299026,87.58005821976543,130.34590960029885,66.38801181436806,62.36496350364964,59.40944506280807,78.63796980404753,115.43403441682601,96.03738239,127.42967886974553,74.46950890447923,123.84089977874292,90.52713282225461,98.52860731230813,45.59324079662039,112.92981403719257,44.22263451,52.38404726735599,92.71366060440312,82.05513630063145,81.95326786318998,56.70588235294118,16.027657735522904,60.46283727859626,35.718684394681596,111.38998255669075,54.85714285714286,63.43595733764178,31.058823529411764,51.05882352941177,16.23529411764706,116.04586290341005,131.6847960444994,52.60305745914602,36.23529411764706,45.65413533834587
PWY-7400,17045.32014286748,16332.050120067232,15134.953871550459,14181.487385291697,15416.745721264551,15869.315061339164,14399.970078923534,13068.65566677607,16229.083557072878,16473.06211062256,15689.119008841652,14819.84842965457,15898.978497563343,13755.97028011382,16623.759806783604,14640.534030049428,13270.16646720177,11285.844268316816,14211.739675852354,15839.215188563712,13406.645356176607,16688.886003527507,14841.081782375912,14729.67390969175,19360.94380358852,21182.547452494222,17163.219054385205,12574.233632056932,14349.648681659502,17832.569418018935,12440.860402089584,11705.395453545536,15728.44901027833,17264.01864280618,16153.113189879361,13075.247025357603,14148.237058246268,15124.877001574052,15084.134533383836,11450.96592246378,14266.69254379704,14605.41103,14107.226195411373,13570.731323983444,12565.07697457957,15095.472155170208,14577.938424051748,13811.889737545636,18021.552115813935
PWY-7413,0,0,1.999921892600851,0,0,0,0,0,0,0,0,0,0,0,0,0,0,0,0,0,0,0,0,0,9.998351644205478,0,15.995495224181074,0,0,0,0,0,0,0,1.9999292844036392,0,0,0,0,0,0,0,0,0,0,0,5.339427479399263,0,0
PWY-7431,411.44294289368827,185.62338784539804,151.43252899472975,181.12189599096124,190.94366002972006,242.36827656642816,178.65432856222557,158.63376897635308,192.9739160473056,183.40071331118676,218.94436066108997,217.8181493,250.60711519842806,199.59420687755647,86.49705096839733,210.23731710547014,104.11900372542213,92.928763,156.57702176911204,147.08775018176593,120.38807111442928,155.0560545872109,129.3118907228773,238.55244790932048,211.28180240714747,349.47755013131115,291.6854679434361,220.35589461937062,191.93884629326698,276.9765022400292,131.71056943099302,188.39571809135234,225.7381432533515,217.30306203362625,144.9168344612469,123.98852960270571,176.18763676537446,214.2774935574711,300.2904377788609,140.62964285956633,185.60612227027778,201.18906235746303,194.9156970113354,204.14102333923336,221.6194055162329,191.45004449826033,199.28821993706225,131.5147902425759,360.53478683204446
PWY-7434,0,0,0,0,0,0,0,0,0,0,0,0,0,0,0,0,0,0,0,0,0,0,0,0,0.5,0,0,0,0,0,0,0,0,0,0,0,0,0,0,0,0,0,0,0,0,0,0,0,0
PWY-7446,0,0,0,0,0,0,0,0,0,0,0,0,0,0,0,0,0,0,0,0,0,0,0,0,0,28.32956069878771,0,0,0,0,0,0,0,0,0,0,0,0,0,0,0,0,0,0,0,0,0,0,3.3225641460599937
PWY-7456,5966.977772394218,6314.907402435918,5651.015455932161,4731.632451164955,5098.101457936906,5464.020972887153,6292.103509,4799.857528656862,6743.621757381905,7227.010688920762,5619.437955232737,5695.585234899335,5323.392120328432,4743.340655243317,5424.465787495415,5397.565281225886,5354.690890454142,4367.705553574273,4065.550467332915,4499.204522620238,4636.006252621927,5558.430853721509,6990.790182264044,4853.565555999339,6798.120744607801,7825.364114589241,8046.226326278927,4661.962379533053,5702.7726502752985,6640.716186,5135.347440580249,5020.285555025434,5638.277890454815,5578.656877795643,5883.583847407442,4650.616769281527,6035.084506395071,6252.975939629423,5928.280506150167,4109.185385006314,5073.638042,5561.344614449639,5534.7569014963665,4690.487715066022,4698.705406604937,6157.385436004404,4921.188465669864,3902.4551561677536,5365.360774597707
PWY-7480,131.10565700114734,93.16947187212524,103.57931747540637,105.01519980323012,104.53209738609424,103.48855735982931,49.79049700342845,60.015303762193696,115.79165889230256,47.64687181525309,106.56063872347238,56.82164491,139.30746778032974,95.09361417062091,100.99836289100021,50.15820256074767,68.82025506872981,53.470324824980786,65.16336477754191,29.433886293254893,89.77185125536559,96.45509547073796,42.635173786841264,58.997416496962515,149.02749453372783,94.58028362580716,87.66509937701592,67.08134834384967,72.01167802966219,71.33976809882114,59.95625694815331,108.9810920349555,86.34429985,94.91989233549224,100.5584053556478,20.871164674833988,62.333837187409834,70.86886695369932,159.25093056088622,34.92849188900355,65.02430771580605,60.48708948,68.79347224833096,51.290934480381004,118.98017482081167,88.00031479,63.915196653883896,43.18814405986813,87.76816772409038
PWY-7560,24305.290236159723,27275.66682935499,26032.303127598596,22502.30015130632,26143.214868578285,26253.461892573025,22367.265924460196,20681.40371245027,26583.132585974974,26499.430435186274,26284.16666788654,26906.62307,25683.41707434035,22221.564838574053,26034.403259943218,24312.504624125788,22677.25150860949,17828.097876996086,24203.259724696538,26179.61655,21747.839991510602,28695.77314517446,24577.171102259632,22913.42811359821,30963.28131005441,33171.97532524438,28071.997232339658,21065.712863686622,22733.60541374103,29712.564743595714,21055.729440551426,19919.821420267162,27974.028538437586,30240.802131837925,27401.709607447938,22752.422760748774,22985.53624393423,23966.77925126896,23011.985674870444,20130.673137591457,23321.95745702906,24803.45492561045,23357.84731384058,21657.374397268108,20991.421978248774,25340.77288735659,24797.042736925916,23158.71102765203,30802.925495061423
PWY-7644,3.8756210931238986,24.381233838197268,57.52060140492134,11.024734982332156,66.27465574990696,5.776006865689941,56.111618203155565,11.378142637249871,22.92185730464326,28.92126361954362,35.67979669631512,53.932584269662925,54.09050417337276,54.980819529206634,28.048343777976726,60.932376736376135,20.781770376862404,0,20.149217809867633,0,33.8827547,13.136094674556213,0,0,7.725975261655567,0,0,22.791665090950342,17.40617301840313,14.323675738952298,13.150233452348257,17.923452768729643,0,7.8347028181600225,37.46514013250908,0,3.701050030883261,0,0,0,0,0,0,7.558880576336936,14.749340369393138,36.93867299876707,0,10.659310344827587,0
PWY-7663,23194.098537352857,20986.126090671383,20297.99196175649,18369.45018288854,20521.095435272982,18829.611117151322,18333.808331482276,16568.261675353107,20846.41788038927,21135.209706383554,21124.737176208324,20441.078757262727,20188.499266991577,18386.74559295918,21786.129432642654,20500.022623786033,16632.536542737176,14372.806172698081,18045.214701050452,21688.07472659354,18412.250879324005,21639.36176485199,20147.617772713278,19288.158325460634,25448.99442243487,26145.365450894584,24175.197884096193,16890.855743741457,18701.09393480418,23625.39883941799,16621.786056277964,16248.981515697018,20970.83405894489,22803.75064264605,19758.520502461994,16931.19152352419,18791.780167381963,19454.88227190112,19763.20477599211,15335.187266277517,17943.01701831153,19380.27741668478,16995.76170063927,18588.20818,16783.677374548868,18667.690229154156,18993.059841858638,18979.66687377931,25352.690956084178
PWY-7674,60.08125056,40.83492123193511,62.86245762940272,0,25.292037681272333,77.70821169659007,36.95779025208894,45.90066078035225,37.62233960502976,47.957611162169634,23.905241231788015,38.82450879341401,83.51573227667706,88.92709657818774,57.89593360851862,83.18771680212038,56.18745232156974,11.393801443960065,55.75468959291359,57.950983365742765,35.27096813490547,71.54577778681322,139.63381916737623,56.56022972940513,82.99310937377747,94.92723383992282,80.26968311,40.47715290188683,58.36699470544453,52.94849404978617,58.31677895254017,86.37906479767143,38.60926948733388,88.61174228250363,63.37888977648214,32.37294634702618,40.732236591369265,18.105357021089326,53.14440446122793,87.31765960348207,49.19854231024548,49.91186134034432,41.407536376380115,8.466709031,14.129023092082612,0,48.59524673496203,16.704377544766793,55.99958994092128
PWY-7761,16603.829901661622,19417.62570401345,17130.872972086305,15929.366754645032,18388.813476357107,19376.56197552622,15816.995151522255,15146.293807760547,16791.639276723738,19329.28138844998,18108.071070149505,18190.142827029184,18297.634264030614,14795.92681599654,18859.003940483053,16850.296123296637,16837.119315153897,13206.258377301607,17608.043236344423,18253.56838216242,14833.394438611978,18416.907990053078,16618.623416662926,15637.149228171293,21465.955745573177,24705.396018975014,19268.692480403413,13515.142444070761,16346.766957960674,19855.298554809575,13364.283781313015,13236.9935,18065.519345145916,20709.574731769684,19569.945868199327,15978.49881231157,16785.447841330606,17219.77985154645,15689.90791445457,13252.314195943294,16806.033214762083,17000.29610391267,16344.340795730797,13687.768705769207,14073.416898534926,17548.66727779672,17437.533714547182,17325.25365,19529.87663075125
PWY-7783,126.30159185242123,167.42958945946478,159.08474732750244,234.92383493072458,167.9257828,199.8362859,185.01268032456179,180.34645463939958,106.78037971933787,66.66848054997459,147.97581559390352,112.0214828362834,232.7657172183731,150.20667875314348,160.1834618,131.6550054390524,93.35096465746794,115.36075196979459,89.08395617589674,133.9077465896577,164.15126086956522,136.2662822696894,136.22486764390854,97.07223061742319,232.68288521457967,142.1333361955753,132.0510867612718,79.31289245489883,141.57124842370746,46.934340284850286,88.27354461676781,102.18826162519605,95.25890577249575,125.08032812258165,105.45247006711928,108.06773113685416,78.36165001329142,58.780388783760536,86.25284165854218,76.09847634322374,96.90038998180086,70.31438792531705,96.03675344563551,53.00310822266177,164.86582999094318,167.27524252120472,94.85382802536941,63.918753908925765,73.93278837420526
PWY-7784,1007.4111496466838,620.5489687244315,485.94807656731945,468.4855724,406.31360954376896,832.2891450059261,634.7726642,587.8348538457903,589.1502847081355,582.2653698304053,626.4021018501849,510.4519987772365,518.8232670272855,499.21878145993855,340.83801763396303,601.2414005636625,409.5530674159495,252.85232995662923,329.6773928891288,530.1161748451706,449.4439410371195,566.7767417,722.9141033480798,617.1609958575158,674.5277762966343,851.3838243665455,749.4041570202695,540.8096781322236,655.8487346746673,724.7263537863131,372.83551599227616,470.1107181967082,538.5156038905747,592.4943222729631,471.49725325192236,479.3131686,575.4184301041685,538.6998334625645,711.7673399317516,317.0255493762113,462.3787575972878,631.6805550878121,452.49015991486436,706.4113937524218,484.36887758623607,597.7072176829272,595.4112463610568,424.85969206592443,916.7584701
PWY-7790,27192.18620853637,29998.699330527783,28758.571089919915,24847.55277552897,28538.408235826857,29078.996429916315,24500.603734820437,23056.523964228818,29254.971173648817,29280.81239432321,29019.814062553214,29721.237138412576,28632.87589637643,24531.69906916576,27283.629877511656,26767.905541683944,25041.951522302217,18830.22135203699,26225.094517842146,28791.724612037593,24011.87887205641,31577.453583990642,26952.146204414206,25303.290883764694,33775.55856743252,36811.644864806396,31254.28281981732,23546.355133315745,25146.78988431794,32625.868180306687,23201.905888402307,21916.011630038713,30946.180341471994,33304.94576194238,29935.624308395716,25041.622656362655,24660.592409124896,25959.368129879906,25334.678970859903,22452.673417669947,25887.668294835516,27163.207156687415,25681.234206564823,24050.40974670218,23460.446813303704,27892.754663410255,27615.146264875097,23763.29357311026,34194.15830953058
PWY-7791,27192.18620853637,29998.699330527783,28758.571089919915,24847.55277552897,28538.408235826857,29078.996429916315,24500.603734820437,23056.523964228818,29254.971173648817,29280.81239432321,29019.814062553214,29628.941304822547,28597.647574199786,24531.69906916576,27283.629877511656,26767.905541683944,24940.80269493203,18830.22135203699,26225.094517842146,28791.724612037593,24011.87887205641,31577.453583990642,26952.146204414206,25303.290883764694,33775.55856743252,36658.04143671876,31254.28281981732,23546.355133315745,25146.78988431794,32625.868180306687,23201.905888402307,21916.011630038713,30946.180341471994,33304.94576194238,29935.624308395716,25041.622656362655,24660.592409124896,25959.368129879906,25334.678970859903,22452.673417669947,25887.668294835516,27163.207156687415,25681.234206564823,24050.40974670218,23460.446813303704,27892.754663410255,27615.146264875097,24396.570968435426,34194.15830953058
PWY-7805,22.24268418725333,22.122929486689035,21.647913436425988,25.865826357166533,0,0,26.813724416766917,20.043628975033837,2.2585907668528833,0,3.2714802202746562,0,15.400237740500367,0,0,25.657105912630524,17.865515333973743,0,0,21.341438779677713,0,33.026607466112246,15.084820857321422,11.319299920900209,2.813751931942311,49.008055699149025,38.115746735812166,0,2.964540629938312,25.501760274549902,0,0,0,15.04997000577411,0,9.817377345326339,0,15.213133423320272,22.435257308718075,0,26.05445340206919,0,0,0,3.3989421714544057,0,29.85761317484791,0,39.42773042180103
PWY-7807,184.38814666247842,171.64254949745091,133.98940814047845,206.06949556888847,150.40411596096158,216.47762336714587,202.37424464084464,177.38439860580382,145.9181425544572,61.51677980038577,135.65064270452433,110.17617493656309,248.90642027533687,186.9948774175466,121.81555963077696,186.11621184771303,101.48385279909657,92.75868831468608,95.65150037068331,116.84857034366216,165.94629797644586,161.03851942096574,160.0392716706894,121.06261207350586,184.74287261632813,167.5850894996488,172.94296013281928,80.36368075385047,152.20408224811445,76.12632485885507,79.9502287,130.99187698481873,122.00690401307409,153.74815500844207,103.5778468307559,32.70960924211787,76.51893462356907,70.04616310040741,208.99159064045537,92.78295048,119.72821381028332,56.78226369932938,93.24710992627695,29.696504586317563,172.7516112123392,180.37408285328013,106.12644328358994,66.22900925225355,98.87584491300912
PWY-7820,219.45242220670687,464.5800460592708,477.66957215128133,303.7510116222521,403.41478902351565,376.15206345844757,347.26029662477447,354.00907868446035,432.3197259148412,450.9665030888848,445.21931145393245,584.4044108618118,478.61176336210906,524.0001992346422,609.6208540210444,436.0519227466296,203.36005578719673,387.9418170076895,475.4305503776336,521.2808646325786,718.1125346504213,311.66473681993466,357.1928370305967,425.4829302419574,779.3449643212839,383.48876799176713,737.1105812034929,214.71076842575852,300.31020105973715,950.2106900996805,432.2365972613094,537.5132076283212,532.6841620186053,158.27671817393755,395.33093614382483,155.28280093664964,524.8348162776862,129.08799652078315,380.6699770542415,354.6438570392725,236.99555052742323,258.01239757694117,188.5870099853473,38.18679667451709,196.28814530126985,304.10369487108994,292.6877404851453,337.1924659876295,185.93337877963248
PWY-7851,21626.396162166468,25392.894464020552,23674.747135191697,20900.97858594904,24781.046585695396,24882.262835810325,20690.395135479943,20152.237200487107,23692.155439452505,24699.50422277393,23862.699939940972,24792.066925171093,23634.975241548847,20703.600210981374,25065.252456111455,22384.34353195338,21470.182131608246,16489.175635226762,22964.704537149548,24641.050662012985,20669.17724219133,26914.47998328132,21796.61635803699,20845.040253084066,28547.59584251482,31311.104975716218,25612.07310179943,19933.402950216692,21347.049099299344,27112.326514955254,19632.606612544667,17754.57196956677,25951.596974924465,28522.29651652958,26243.355585811063,22395.26660132883,21270.75407520051,23055.932737054365,20911.955782216344,19291.52139904153,22205.392660158777,23579.20878358514,22657.73635988713,20009.140987134775,19233.301918807018,23506.906590036335,23366.04416154302,21365.531775352443,28465.600130918698
PWY-7853,0,0,0,41.33795879792995,27.00416007231576,0,0,0,0,0,0,0,0,35.37134211173403,99.50565556234665,0,0,0,0,62.18754870592268,0,25.360558064802447,13.830690370241502,0,0,25.542036361340287,0,0,0,0,9.877614929783864,27.191775841891275,0,0,112.14539222782483,39.04407968658601,0,0,0,25.25353463927578,0,0,0,19.85776117854998,0,0,0,54.227172822399275,0
PWY-7854,0,0,0,0,0,0,3.874823971209514,0,0,0,0,0,0,0,0,0,0,0,0,0,0,0,0,0,18.668442077230356,3.9325349974700625,3.8524257517063276,0,3.8764478764478767,0,0,0,0,0,0,0,0,0,1.982174688057041,0,0,0,0,0,0,0,0,0,0
PWY-7855,0,0,0,0,0,0,0,0,0,0,1.1053798629887504,0,0,0,0,0,0,0,0,0,0,0,0,0,0,2.662371237808365,0,0,0,0,0,0,0,0,0,0,0,0,0,0,0,0,0,0,0,0,0,0,0
PWY-7858,0,0,2.9965176891525775,0,0,0,0,17.895584082755807,8.852460332436532,0,0,0,23.742477018324454,0,0,0,0,0,0,11.987671790220299,0,0,17.746726120847548,0,38.82881963525225,14.85289572883114,23.712839461625926,0,11.959122385184578,0,0,0,0,0,2.9988294232026433,0,0,0,0,0,0,0,0,0,0,8.961490857471327,7.991753623279886,0,0
PWY-7873,0,0,0,0,4.429590233186888,0,0,5.885902636916836,0,0,1.3212161496799604,0,0,0,2.6653743639447542,1.1054758077062696,5.314685314685315,0,0,0,5.17,3.561120826709062,0,0.6617647058823529,5.304697986577181,6.183423685240038,7.7974683544303796,0,0.9986522911051214,0,1.2972972972972971,0,0,0,0.6663829787234042,0,0,0.5061050175029171,0,0,1.9333333333333331,0,0,0,0.43639880952380955,0,2.9291338582677167,0,2.4
PWY-7874,0,0,0,0,4.429590233186888,0,0,5.885902636916836,0,0,1.1019516451927518,0,0,0,2.6653743639447542,1.1054758077062696,5.314685314685315,0,0,0,5.17,3.561120826709062,0,0.6617647058823529,5.304697986577181,3.4876903193266715,7.7974683544303796,0,1.3876404494382022,0,1.2972972972972971,0,0,0,0.6663829787234042,0,0,0.5061050175029171,0,0,1.9333333333333331,0,0,0,0.43639880952380955,0,2.9291338582677167,0,2.4
PWY-7883,6796.841618148534,12859.64464645805,11440.850692311245,8681.615655957698,13620.89051771588,9204.09882,7603.853080359942,7231.681375002277,12002.850762731421,7840.210609427976,12685.116581544222,12864.416948821743,8475.771283777463,10170.047519415803,13705.227533810415,9702.495786148203,8655.451098819738,8686.883617346599,9871.976172488827,14732.010744592186,10483.54292555501,13739.303696507139,10390.105166329393,7471.560993328187,13511.393889086241,8476.428119132268,11175.49069,9913.701815201628,7920.046591291857,12766.749439145116,9545.758304364856,8206.075763753548,13313.358704611963,11388.128330784277,12091.57805767065,12311.117964802885,9567.415552248107,6307.740856478163,7455.175204853362,9233.776994906379,7367.757539998163,11207.179829238643,9754.997998274412,9556.557964535607,8946.779596956478,10465.757478837131,11256.627322378781,9061.051820784118,14409.172079268352
PWY-7900,262.5763112098343,560.2781794,539.7993185156951,323.7032904013353,411.1728050859234,447.38675660080656,433.0738643812639,431.0127235611117,429.8134682988427,568.8213574979809,434.2113136169637,596.3049554006188,509.1729827224256,598.3417267909094,526.0239403418489,552.5287787947067,181.68695215006733,284.7862349,465.28780639303807,426.5219934369344,497.74099310611865,334.53445759399494,488.82207020582115,421.71632340158465,682.2284405793681,519.6494263,912.1156609271451,309.6121118496181,388.9195505938703,960.4383971173447,472.1975102187846,378.4569251221908,502.51769612659086,214.4175888618588,432.819273,208.71918534463464,463.699801,155.0364205893906,375.94424808080777,401.6823573484438,304.85601842045173,322.3326292715154,252.13494558664001,73.40311923511037,239.1925640315039,347.02019021465213,326.93525835875903,242.0075883979938,218.88174252924347
PWY-7902,0,0,0,0,0,0,0,0,0,0,0,0,0,0,0,0,0,0,0,0,0,0,0,0,0,0,0,0,0,0,0,0,0,0,0,0,0,0,0,0,0,0,0,0,0,0,0,0,5.999547934769939
PWY-7913,9.81646079,0,5.970806442636443,35.877414724833976,0,42.09650894320365,39.62221862665601,49.13805701083654,11.872331494365591,20.637588052811186,52.88321489482645,5.559107263898239,0,0,13.814818404835924,5.968128505025578,0,0,3.984737381096557,0,0.5796939430833951,3.978893987190056,3.982244533221884,0,15.83844936,3.982795953393001,11.92376684612294,8.851041143907548,5.951616994660007,0,0,0,0,0,14.747970880265335,7.819987155288084,8.933148292052493,6.851800317612787,9.892531371016672,0,2.9852399526228317,5.937155984558361,7.859420912008363,0,11.696880230138106,3.980529269374434,0,0,3.967692107513974
PWY-7942,250.46157671218145,366.16614945848943,235.1950892362527,297.66830071699786,268.0896012005713,541.5625034,505.31454823080486,376.55622471529216,286.9298649262045,335.14273257146175,356.3033059831835,313.64472433755753,290.4289905241931,299.9345415435772,252.0313724420687,366.10732171505174,266.46519978108574,230.58848825416746,220.8370909350422,288.15020028894907,284.14161028797446,617.9036315337358,483.6565402746413,217.29737134558408,442.00017844051735,444.4468102005125,301.0857245482812,256.83104321777773,314.0260474,251.20214315563786,189.77344415091278,283.7719490649402,314.71914378028634,364.54215468389447,276.5134215,224.00077795684223,291.3153400235894,213.73594135835498,373.2214319363119,188.73737735443672,289.3240495725089,314.7510664777943,226.71611623525712,332.67955761722914,345.9502640647663,435.0580068219784,148.91863178433366,131.61988859645524,295.47420051808797
PWY-7948,0,0,0,0,0,0,0,0,0.7499035121574682,0,0,0,0,0,0,0,0,0,0,0,0,0,0,0,4.496286107290234,0,0,0,0,0,0,0,0,0,0,0,0,0,0,0,0,0,0,0,0,0,0,0,0
PWY-7953,25788.01175834747,29062.20083844979,27885.12683316383,23673.406937535172,27696.186214531648,27414.940569455484,23398.25541620286,21716.38966782698,29008.13083561061,27471.830633148093,27807.986732452304,28807.006554469488,27329.739656320024,23920.152075203936,27157.62884669257,25883.88381117894,23788.31514,18494.33224069021,25105.174468973048,27989.14456660576,23164.26459,31447.81440563289,26051.784894192726,24164.11278310702,32757.27904390674,34604.08082793499,30201.988883039656,23160.71239577682,23964.592321650525,31916.835677320807,22968.44723046399,21362.647465168804,30155.895492500316,32439.647465411177,28992.558138275694,24886.63244407388,24321.76879814335,24926.39705,24158.452498518902,21788.711647893455,24557.50779651939,26487.456636925814,24723.844474298043,23667.38923900905,22478.242922621692,26854.29838865654,26751.309461673478,23581.93328367327,33955.97005588897
PWY-7977,25579.81174193621,26994.985758025607,25530.931250481186,23097.28408763094,25486.382517022183,26735.35319374279,23084.494289997132,21519.101878923513,26034.672991251562,27139.90554830203,25576.882796683916,25427.367810127624,26730.53099,22073.170333290578,25014.716236069355,24666.70210859519,23193.201255653872,17497.83207920549,24232.46778,24731.74120265362,21818.77485074446,27907.73857,24498.97307040548,23245.31696217452,31379.68709169997,34804.09832415443,28869.886454915377,21418.96506407983,23537.76114937446,29378.996463109575,20981.544006763455,19475.00662196118,27061.49265968427,30430.056877997566,27533.75949595727,22063.58159220247,23289.228674918326,25045.172017811816,23480.08156399475,19767.249318374295,23888.146530158763,24661.943590667583,23648.598219191863,22438.445396746363,21013.32862257856,25600.22078574895,25011.103538121253,22561.991247178034,31297.339468761187
PWY-7992,1373.7360861836764,2089.256398735513,1983.7955065066392,1502.3184099843115,1743.6894174252286,1963.544186002776,1991.0422735625084,2107.6023902463758,1846.1042937734221,2435.8841064388625,1958.9665746595956,2149.351162708735,2262.095307112368,2116.1360660414907,1748.6152273744287,2072.267104,1510.2191822608602,1504.9737768272093,2133.9067071289687,2085.2377316863663,1904.0591999714777,1878.7456172747288,2579.297644486942,1865.2365446935025,3074.6519021193244,2521.7992345100893,3202.7422666895654,1273.274013,1620.000586259743,3434.5316492909715,1940.8840959439542,2058.9995436487598,2306.903097664583,1481.2446943687398,2236.8443388804967,1247.7365643378428,2236.023107417865,1182.1462125900023,2007.4340649288845,1958.4013795018304,1506.9953701100178,2005.4941250788956,1329.248123965475,1096.8792474527581,1435.9951712403745,1931.066961180109,1502.9257967524168,1511.6871327910042,1615.8821679296761
PWY-8004,29.704995657171093,1191.399061004735,107.6453271738568,173.86921353810533,1247.070711921405,73.97767817504526,307.00806318305564,157.02340028230458,49.37816501410584,192.71010343841644,259.6144871541906,117.37619827513689,112.4909635670638,442.0008078216467,2773.6716360315468,648.5109939843242,779.1901495167189,1894.6184815345505,922.5692283013576,433.3248906450594,965.4318355,39.67099019780842,219.8712177358669,68.86779186985089,1058.7932532796565,169.05208632576307,216.01480371875496,19.891069635254247,353.9883016948934,146.30047001241297,148.62236085646308,63.868202977334754,214.7003112695596,112.21117991126138,698.5908718852887,883.8683873370488,1450.5909681412381,99.46863748252734,54.12904171410034,44.483277522841746,0,637.3720359090975,289.1814623759881,0,34.66125039737535,391.2212279708385,54.38010498587443,2860.213209425146,19.910607238374634
PWY-801,904.5011268836633,624.3734986435551,518.1700757830605,670.6752213605616,693.6718231045971,633.6175772882859,796.5801938483663,737.0840975762956,857.9559699272028,805.0662705,581.6510705448308,465.2475837136117,898.5188507689288,601.3085153,622.2654231799456,729.1577770730406,633.2316128732244,642.2900110612579,452.17562686356274,705.1559989,656.4748725744432,708.0925550877472,780.8271478847242,602.2063911198015,1029.1045713172632,1008.0154596741024,1014.8433981493465,564.6479316518895,673.4521295802056,807.9243372333431,551.2046847080215,502.4775113164201,861.4919634178486,820.5755180602723,776.6898613,653.6260209199025,670.2293777190501,865.3230985930021,746.9737662215606,500.96422705809897,621.4434212601824,583.0756453550517,546.9271683526407,1011.3638513694298,632.2086126126284,810.3527638207032,832.8511251532052,370.56129372738235,1067.5968028157727
PWY-8011,656.6540241853572,696.8739994,505.5791224922525,528.1182856502298,679.4941128704831,652.9637536891601,611.9411255659761,819.2,681.7311592,726.8801558181482,596.6879230914517,609.6398993004397,618.8843059391639,606.0657451335085,831.7737391890375,661.4313915537533,628.3201828558989,831.0590944764313,586.8292284417549,881.4,723.2,664.4382656612739,831.5999999999999,624.0695202857871,964.6000000000001,1005.8,953.31,550.0206568563797,572.4992341497262,872.6,602.4,680.4000000000001,735.6,702.6,738.3274428648552,539.0677507317439,911.0394118434957,540.1873030355107,723.2161785139429,569,584.7,666.1999999999999,486.7795535099361,579.2,565.8,678.2932835938859,648.8000000000001,777.8817760502318,650.6996661
PWY-8020,43.864353312302846,47.899586245262675,43.05139389341931,24.204628501827038,77.07588824,36.26168224299065,49.16905444126075,78.21109775807054,36.78130217028381,69.47299952571312,23.91119395904608,54.52138594995737,45.06344028246853,29.60163432073545,17.314178638351027,76.08723466123872,54.79192667706709,23.308330043426768,44.87980253273235,7.534571492503915,27.17880794701987,81.45718355,90.66967522754355,58.50393754474482,64,108.94728890932377,59.79809998605833,61.46341463414635,38.869670694999776,42.441735738664065,24.082701585113714,52.98914215862515,35.28231664842273,128.93683105981114,74.62689705012811,37.372033389710296,23.73675404350251,40.74950964920729,72.79539480251555,79.83471074380165,84.89148315202972,104.03333500103636,40.88379588182632,46.23853211009175,45.57101679753504,82.84196629,48.61902999,37.908949818934296,46.14353064
PWY-8055,0,888.2287544927761,109.20089606142987,51.831290859268634,799.3592565121008,61.457946217515826,246.60891790377264,152.8885824566189,0,219.4374580849841,128.0311958771803,303.4424445962453,42.28089772473603,327.4351305164467,2239.575370571194,457.42934276753243,661.5738441762056,1674.9300947980175,646.4777490310217,7.396142146741219,0,17.047319085330017,137.0191909734269,49.418004855958806,464.8366341792086,124.58885036808913,154.1557494756098,40.139110175966835,335.19455830491285,116.80574841320741,0,29.91103299906132,0,185.85140880652037,668.6014637604253,750.7441627659455,1195.6054911986425,222.79269837658876,0,0,30.72806771178236,430.4362260923748,250.3296118410647,0,30.712817107148656,527.3524053,69.43754570332152,2781.2544090307847,4.975196222
PWY-8073,12901.209067796024,19192.515506285705,18012.54349824026,14541.54083309767,19516.036293305344,17106.125507630884,13547.523929903835,13723.185189479276,16917.918382858985,17875.06815066332,18061.719609592463,19511.327924824658,17539.880447017644,15408.266848686857,19530.01264567058,16980.84215,16194.11978,12814.664432051448,17706.437215381677,19027.87675,15197.81120194642,19063.691714275494,15809.640564554826,13875.003848872208,19959.158780560534,21263.844241218976,18409.733900022806,13719.672390678383,14933.44966610916,19978.527190091194,14882.34188840196,13635.795700152967,18764.865893892318,21130.317876164172,19880.193677000254,16297.853191716127,15547.098248379523,14486.63458588427,12823.82787,14198.999036014222,15843.14792534227,17039.45727747684,15138.260416693474,11829.059058601668,13684.41316788356,16585.88663922508,16899.393211934457,17245.555905774316,19781.803038724574
PWY-8085,0,0,0,0,0,0,0,0,0,0,0,0,0,0,0,3.9000000000000004,0,0,0,0,0,0,0,0,0,0,0,0,3.620689655172414,0,0,0,0,0,0,0,0,0,1.797752808988764,0,1.9803921568627452,0,6.561151079136691,0,0,0,0,0,3.471345029239766
PWY-8131,1731.9074914110445,1007.0163123593508,908.7075505239013,749.5731655664448,799.9582174299768,1166.9336365029783,987.4100648797508,807.6306839884957,771.9289579002123,1114.4272139251905,1219.1554248952007,950.6084092146822,1274.0106315722855,711.6260414535385,624.6584229,966.6425886892371,606.9306539095788,531.4480857380518,676.2219762631743,612.9904833808271,644.8583017,1336.9040387579334,1369.1118926585796,1411.9380475560283,1220.5421913174375,1139.8241064725578,1490.780246952344,1355.023891,1074.5664203790247,1229.3279971188158,625.8003329860815,828.3973643273965,810.1249144203758,1134.7141448799646,1011.7744796256028,771.1389440828888,582.8879766916343,1007.1420792909906,1666.1978784608684,655.1620370747307,847.7986131693104,984.8010673741393,994.9117667175177,1696.3711323093107,1229.632463591809,954.8024304947639,1232.0698150542703,741.5183295845545,1974.600478300773
PWY-8178,32942.627380812984,31998.95660541515,31639.538114844385,27164.380825766686,29992.15676136522,31550.563964939494,27673.251865656744,25349.292680718594,33595.313815084395,31869.72200714105,31403.337095396713,31454.419640185082,31159.90063099668,26954.88165224274,30021.315868884703,29143.900442430946,26678.54861466061,20541.790861041358,27485.215208111324,30296.97058120096,26429.059485439928,35552.65927654643,30406.328226040725,28312.659343791944,37077.16024415129,40910.367226452814,34476.64505046741,26875.871153219206,27562.77397381063,35837.14814778807,25865.576053384797,24184.169381669522,33711.948534837305,34958.40547056776,31586.218542471557,26618.988288687022,27491.73569445989,29326.021784016306,29875.990945822246,24122.088463885986,27969.81014918218,29797.09442554432,28087.47494940222,28968.883101156458,26103.298346184387,30410.98095735169,30038.64201798298,25410.78234354322,38542.485236042034
PWY-8187,6735.447881646646,3780.6462017293693,4885.602005009097,4187.966724,3109.4478736105957,3427.0903826914646,3258.588621242354,2605.317960951617,6347.856626755117,3071.5030731593497,5251.353289660033,5061.8592676531725,4115.4471300936775,4291.889054535904,3682.0391946457944,3959.691837,2468.2670392206574,1863.582721373923,2280.4222506351184,5229.477656485466,4631.815993266012,6155.163605350699,4794.3326479277075,3264.061370998305,4163.673674974715,4100.040436716749,4952.3447546152975,4228.137832537458,3086.2856216834775,5532.924403644532,4988.461716431574,3733.8793084325102,5296.2102662269845,3645.758683643691,2054.8929771186704,2291.7521732268397,2055.8642449052068,2683.000028746636,4806.523225126062,3334.2663435424333,3607.765292372911,3931.1327975213326,3550.836104384696,4353.336418,3810.303024184244,3398.732024140763,4384.031280680981,1984.8733660259134,6168.980707070879
PWY-8190,1522.0965104421962,968.9054350051306,768.2092801005969,809.0654452886864,613.0563304836212,1027.5439180936976,802.7178944050302,653.2025693367434,1158.2059058962493,678.1617836061789,1054.2109087334213,837.3816461,913.4182994253925,786.5958199,465.2203100124084,941.2111146647469,676.9895508175632,541.6927498311862,805.0580605469978,649.3618181775428,863.7169324924453,1202.646742410398,648.2774523940191,955.1554779990989,1545.5466180076196,1362.0574129991228,1140.8832803668208,859.7754577431297,646.1854029602727,1034.5407417746153,653.4057861463479,709.8360937759492,1026.696682765044,1075.8035517006292,1144.2622932804636,844.5313702907863,800.1130757298891,1314.6204502908831,1174.3780610154479,640.3174394216778,819.3910874740342,846.8564638893728,879.2623267598306,1302.715372427612,971.4926197625012,1104.7200634736014,1101.1965266172738,774.9192044247084,1535.946313433996
PWY-821,2080.2030762460136,3015.9339591987373,2129.3339066278954,2329.2399792264864,3413.3619979560763,1925.6485163620207,1747.0947145199711,2412.0210359262182,2146.8435498870103,2060.6063512361757,3000.1976011189486,2010.1620415173477,2154.0107890947465,2677.256008185788,3858.632584447753,2324.2119932481096,1879.0678703867407,2333.5729038250506,2565.705263338772,4005.7521088898484,2627.292379873009,2456.4358617716875,1955.3909540437733,1717.099211504077,3696.937118723061,2498.366232863362,2044.8996854851205,1812.7507159314146,2082.7104922726853,2822.129845935317,1570.1989820255221,1646.1593659249452,1834.1353516585418,2169.2509410572693,3228.888472657962,3368.592762722484,2511.318556061191,1965.3586067195129,1784.0171402131284,1859.8329787644698,1759.5336594380863,2595.288639,1797.0965540504474,2533.0916501656343,1816.6203574564147,1241.0660106444307,2406.5787179944036,1696.380163982395,2277.9212345327733
PWY-822,169.25,406.25,388.25,235.74999999999997,338.5,358,320.25,359.5,595.25,480,347.5,441.75,355,413.24999999999994,373,367.5,216.25,266,344.75,340.75,373,311.5,351,354.75,539.25,344.25,595,252.25,245.99999999999997,860,329.5,528.25,394.5,346.5,360,518.5,380.5,239.24999999999997,370,299,250.50000000000003,242.75,189,478.49999999999994,236.24999999999997,269.75,248.74999999999997,258.5,238.25
PWY-841,15033.301888681746,16389.70170073758,14262.57628684472,12219.120078741047,16754.329856932698,13858.001781067984,12513.571228679577,12685.398264816624,14366.39576781868,16079.530527616662,15188.805161385637,14822.772195184896,13986.76383880952,14027.66826802555,17573.116826907724,14412.933644018774,11920.69625,11390.091585404762,14041.841604519586,16747.10546030482,13966.572010868218,15886.518913485219,13496.619949029568,13425.152622181351,18643.11125521076,18154.472515048372,16647.188029110323,11829.495108148105,13179.215211142262,18238.93174747931,11724.047757110946,11826.465135830753,14315.399138614273,16813.920950858796,16332.973679396671,13735.77040318106,14409.09533969871,12940.826106897164,12670.174488096238,11833.242220937424,12839.850820732036,14388.652273594631,12518.479353304541,12044.007248135276,11390.827385865348,12986.867594554493,12891.234764995443,13519.95614346078,16561.735148098498
PWY-922,148.71344253298457,203.24946823135764,187.41709062111374,208.65827372257883,324.20242373126297,36.25097381278094,105.98263280141536,474.8220833009111,131.47271265806117,437.70540298437726,149.4353265186225,142.48451016623983,142.90757974869896,244.92731319406997,440.80373312546055,112.02589855457416,250.2440818179564,219.82789507681161,214.60787259365193,298.2823694990211,467.3447979090602,922.5057065,268.08261088743615,123.72208329627733,282.8061346739642,378.00264169504015,425.902937,185.25415504199046,205.5033466727655,351.45055002357725,304.8596738819129,23.47398933026736,209.55059171246467,89.34486226701506,372.3490274,292.96140661291565,371.2610815507522,298.48593095779535,93.22300526629658,194.6658917633472,168.07577560348557,184.88758994833054,71.92304810233806,148.4651970091615,63.723841455853815,307.2481324273391,277.9433299723658,240.65323913771337,88.0088164
PWY-I9,5472.986002999489,6813.692059419143,4763.096981181942,5128.164851452899,6853.758206828218,5282.6999185364775,5473.908105543137,5554.660228659739,5096.308272622421,5347.068218,5902.637871746837,4730.1739677318565,5047.781777517046,5289.382977393857,8889.201601817484,5215.588133487223,5238.139521659955,5804.918758971684,5330.435211789766,7800.962788653518,4766.2193,4978.506732032512,5555.116757112744,4383.805437838187,8113.819826773445,7322.546712591765,6607.351991269069,4626.422885953449,5276.231138930701,6406.495216322208,3812.303488468262,3910.6345999413925,4838.363156113101,5123.937343707176,6439.028486553454,6161.706141433034,6803.718754852985,5306.695660052107,4739.730150977601,4332.706838831254,4618.933570920591,5864.3027038566925,4671.222857590043,5890.749143272215,4032.3414199993535,5129.083263416173,5201.244566,6228.161081708833,6863.110411155639
PWY0-1061,17867.486606046743,22721.692264904683,21485.597707019013,18320.056421058565,22269.23689880955,21747.10831052579,18236.763050951115,16579.946365334778,21566.687611295754,21368.270185212892,22077.074741081495,22749.775538229547,21563.558571469686,18521.944274419555,21796.16990956614,20198.519735503487,19154.146488912713,14842.923523996069,20148.641487002522,22364.62748859569,17748.698049047085,22973.30176872883,19802.72352996455,17275.80068708908,24444.02389454281,26321.001224778967,22739.93670280464,17460.65908,18614.71434972205,23723.553349582275,17560.47495267729,16080.377394374336,22681.31202914003,24495.815484280327,22696.47129099504,19189.146770532698,18358.736008309064,18153.080207982348,16866.98552,16327.719471162318,18744.37184068383,20150.75223785115,18301.660193532105,16523.79991476465,16998.101590338432,20460.502185524605,20574.428074060084,19006.988524474466,24880.16577142533
PWY0-1241,3835.3295034564235,5172.756170007628,3764.282509000071,3226.0454306139072,4997.391395322808,3204.6547729002264,3186.967888175326,3459.526430946639,3082.249684335356,4259.734895293853,4298.343079525155,3770.0630730289395,3058.048202614144,3796.907679822612,6722.314499,3686.5954589518965,3139.0757969476995,3951.589887619455,3978.2561581188984,5583.566586522072,4146.996402742064,4455.184458933362,4146.411253117978,4379.7634711667515,6268.968228867517,5295.494148745664,4681.488974210119,3108.8750338703326,3821.273647,5015.824858,3058.996371,3069.333975286487,3712.8553967450985,4933.580473196606,4642.041838610724,3979.4750008160117,4515.803892,3683.369365889207,4192.967681647015,3407.6809612990573,3550.946224718775,4855.677125414149,3946.3425496018754,3321.2257470473537,3064.847108604307,3321.500209375725,3549.5594087617715,4392.876922759685,5364.456022700235
PWY0-1261,8367.645223949903,12859.64464645805,11440.850692311245,8681.615655957698,13620.89051771588,9204.09882,7603.853080359942,7231.681375002277,12002.850762731421,7840.210609427976,12685.116581544222,12864.416948821743,8475.771283777463,10170.047519415803,13705.227533810415,9702.495786148203,8655.451098819738,8686.883617346599,9871.976172488827,14732.010744592186,10483.54292555501,13739.303696507139,10390.105166329393,7471.560993328187,13511.393889086241,8476.428119132268,11175.49069,9913.701815201628,7920.046591291857,12766.749439145116,9545.758304364856,8206.075763753548,13313.358704611963,11388.128330784277,12091.57805767065,12311.117964802885,9567.415552248107,6307.740856478163,7455.175204853362,9233.776994906379,7367.757539998163,11207.179829238643,9754.997998274412,9556.557964535607,8946.779596956478,10465.757478837131,11256.627322378781,9061.051820784118,14409.172079268352
PWY0-1277,0,0,5.856184766,0,0,0,0,0,0,13.405161030497583,6.624728003147846,0,0,3.9397803278295047,0,0,0,0,0,0,0,0,0,0,0,0,0,0,4.155027927154749,0,0,0,0,3.940182014491076,0,0,0,2.093612634763688,0,0,0,0,0,4.729407712348239,0,0,0,3.875993531,0
PWY0-1296,6025.863580039943,7671.682475798039,5640.370089621896,5567.1647164231445,7997.081333128679,5284.532302091839,6036.374625371208,5526.451853297353,5943.106268592845,6042.325071243543,6633.547829202813,5236.7282,5612.715098,5688.191132901611,11977.992021495013,5285.338168807455,6050.498446532268,7326.165996676965,6285.4996249864325,9256.558359235833,6170.182621175466,5142.563957384641,5232.066460694159,3979.2108431465404,9209.920555,7968.530474,6829.335415960093,4910.792193069303,6103.852746527025,7014.998980402819,4454.812470139988,3171.940775715384,5258.504470253834,5266.498992512583,7077.608365382319,7803.572072262278,7710.315035737554,5852.972232924471,4927.976886169289,4093.530791867325,4736.896518777674,5948.370681828445,4829.189514097696,6072.587695879823,4009.1239008248303,4776.078170948107,5449.647765145438,8668.493732511766,7335.9763126798825
PWY0-1297,10104.035229414405,10086.870272273014,8361.921242,7576.324849865359,9541.105291155256,9050.929724,8326.793708897409,7788.180562364046,8840.361491880343,9036.907419951369,9040.612810670362,7650.155676635486,7605.545153060822,7968.035690611941,11544.529209501197,7887.502623040249,7465.182564724232,7728.363998981929,8170.180461388249,9948.147754,7382.565856101755,9961.585267796338,8850.775221200576,7959.531292254465,11938.273806690146,11557.555500657703,9423.331546987785,7325.109614586486,8485.243493119122,9874.132829875436,6095.182522895968,6632.378186011788,8518.544718723608,9217.005130912854,9929.713139096826,8527.578805223051,9695.684871118545,9614.803399343291,8809.542272899207,6366.975810774979,7434.5752436545645,8705.329984979815,8257.584100404616,8388.534265946286,7045.781825272586,8339.578197588626,8153.688800019202,8788.976977945136,10506.58070029292
PWY0-1319,23092.99405117423,24486.948440930464,22996.400465615327,20022.52666815848,23602.498699196265,23299.694403708305,20426.502789399325,18937.50943272639,23516.117711977462,23276.229657314645,23099.20239754693,23784.09130789164,22885.05747977492,19904.494177531382,26072.729274756806,21636.016655219843,20288.02798716331,17606.866936567694,21574.810284109848,24343.82380393194,19852.45143,25780.433060112227,21488.58272946661,21479.478727557045,29686.55059156773,29775.692047518845,25326.062676143425,18965.64418951686,20345.13530025683,26760.70222641549,18689.09100336623,17603.07644,24896.254856425083,26545.171340755518,25096.382903953243,21445.447226127977,22396.52225842812,22919.06141174507,21824.644101724745,17778.585837538816,20386.219641744417,22106.39365956907,20833.439663708432,21244.22048467144,18573.487863890812,22396.20864249739,22159.517212605253,21465.240309999564,27606.270085963657
PWY0-1337,0,0,3.649111491644958,0,0,0,5.171994942632113,35.73009916171238,24.905259615879608,28.534283058440764,0,2.1208710302756137,28.09927022898729,0,0,0,0,0,0,14.488052630782548,2.1212841318076983,0,21.64675792898205,0,100.92402355936075,18.125366272707872,56.18730310351458,14.437533150955176,14.437948485895827,0,0,0,1.8302927321402684,0,3.657339771014013,28.784754304097827,14.463822043054057,14.403012600017632,0,0,2.742626399055591,0,0,0,0,10.84298577315351,9.699736921404302,0,0
PWY0-1338,0,17.06111223660074,0,25.981816531345984,19.27503997505467,0,9.828115679,8.320431878342317,19.444727220437343,9.858216116677761,14.658610587989118,0,57.70735623754949,26.539181954963535,19.48334012328776,26.39273319698143,0,7.386805787053725,9.860015233560981,17.049744917788903,42.09227532,23.74625243389347,0,7.411908123641702,12.341169925675425,21.383389437720766,7.448872204366422,7.352974911889222,25.363679383631403,9.932563633987419,37.88449946535488,12.313499774635458,12.309834194785262,20.910090022181883,12.290532368300008,12.005233473908845,0,39.181607732748404,0,9.816554329094675,0,0,0,0,7.319335074791175,0,7.377518466362826,0,14.256914105352298
PWY0-1415,432.6446054156057,1738.1840554197947,648.7337250268665,782.8215092152972,2181.832789652172,427.1756577328915,615.7978118733433,772.5890936573547,477.18548187817424,561.7155605987472,1370.912291378078,645.6746833033407,501.4622570759021,1126.9045077604667,3446.2069995666893,728.8106690567638,965.8401874113897,2034.8813044688864,1343.789308,2375.279807762907,885.3846121,478.74138570702246,357.63022708780926,413.73115702534835,1885.086358381077,489.5328822572756,500.15520246520043,267.50588616764975,873.6835427867276,839.6526215284384,226.39935316309703,297.2277581615848,236.46058691700762,475.83219023638657,1632.5050651707636,1683.721212,1587.89993,633.1922257575609,178.4029145090638,374.7484165,283.09395520748166,968.0432902651825,575.7781922307561,469.8637365357204,284.66705296425636,538.4175428021989,792.8600779768192,2231.1403494357282,351.2080269302728
PWY0-1477,3150.6191404958113,1765.7133606630775,1824.6592830374527,2293.3444093830158,1412.5859863041167,1929.4630596712052,1723.3092850073642,1738.7998113254387,2014.0448289044446,1522.217877502988,2663.6103168106674,1858.6977674324569,2428.281181,1252.284498658546,871.2244182173241,1661.773414899924,1601.3986630747345,991.8198015345791,1142.6890264576305,1599.3697281118464,1612.1418447241151,2260.529877623864,1671.940276660442,1967.4757145392775,2955.0912073326162,2817.2383040640566,2499.9277553499846,1774.4762865888329,1811.9032603843993,2149.5566249833096,1675.8934538867318,1363.6561151790374,2212.205130820755,2512.1092496334045,1487.7219682751754,1688.5017695866072,1732.3967137947332,2349.063064857533,2666.1319020549067,1228.5006401176236,1370.3279217884212,1903.8255422039626,1889.7506568404272,3240.5381298925186,1984.941573451153,2226.288219175589,2200.134111,1027.1669844605171,3828.9590371519457
PWY0-1479,1342.206258184424,4206.292729982293,2198.5373799781423,2707.961011512119,5578.059006,2150.4701735809836,2447.6387390391255,2722.710475098523,1462.4832256276004,2274.0822896087107,3689.0911415567534,2451.806031,2264.400081346241,3217.6986412924784,7505.558888794688,2500.510712034903,2712.9762673897394,4869.925004434226,4017.1966645420966,6160.939111227408,3846.6834760631205,2175.7372152257817,1911.5034930565494,1724.6846910199238,5280.034965881306,2085.3629671386675,2555.240471173311,1349.3188662458153,2464.8247002722937,3194.5083874672014,1713.8962134927717,1354.747757196005,1922.787750779695,1810.281924874743,4899.772660861286,4234.1591824099605,4808.329888720446,2035.5130877279023,1408.2942973377378,1574.608512122065,1421.2978763226204,2694.781322397839,1749.7054568252581,1061.6983689929039,1343.8830776274758,1871.4795669868072,2505.7125168857237,5321.165358725717,1507.6144601884048
PWY0-1533,152.36582981900813,141.80749481876782,110.6883481966771,170.35428830792534,124.31495540967288,178.9147022802452,167.2703307491008,146.61466785281328,120.54781002163384,50.79515829116499,112.30985901985837,91.06260840918509,207.8716028,154.59362257934333,100.71078036904481,153.8217949853717,83.86042086,76.62430612979252,79.09070487267239,96.51350275195551,137.14136933050798,133.03060262175592,132.22721357023323,100.00190932932946,152.61526860883868,140.6417764800948,142.8832385057711,66.36891911,125.76458852251307,62.859142944559274,66.03460039,108.2836296,100.77483053193906,127.00957698911499,85.54174739157402,27.004352771081823,63.18840918902141,57.84313028909034,172.73587249501932,76.63803074489645,100.46301680948687,46.884414362288354,77.01308713,24.51589582458554,142.89167513109658,149.13156611460093,87.65741080863879,54.69244365674323,81.65144041331753
PWY0-1586,61851.42561220824,79174.77207102002,73124.33975,63652.09996087971,77062.12961827485,74435.47373,61290.59661401837,58932.047087578285,69635.87956,75724.21596200344,74148.07278008584,76282.91024079628,73111.16275052806,61981.38546889617,77921.36155765974,69035.19292884173,67318.78480707623,52866.82941608918,70989.65253454447,75622.20463,61258.18600886997,79562.43381308818,66654.36974092327,62087.18643749445,86814.10638563303,95515.39764288036,78005.57385865733,57065.11374002689,64225.28401299383,81935.97256804828,57913.49452509614,54731.87531982849,75825.56312106317,86241.1121,80275.06849219781,66310.60463311232,66116.12832997921,67561.98822423186,61278.343376629455,56459.07088600826,66410.32494731066,70546.32995,66103.98910984174,55955.96756270963,57209.11785638467,70772.51200554683,70794.28240976376,69797.99911087546,84029.89197
PWY0-162,8737.784492835784,9326.798997965105,8900.420023078732,6964.861151957529,9836.081259203154,7212.478016616724,7573.724343435633,6925.636075,9710.571567204133,8548.454096284693,8932.455949471876,8389.560253245523,8819.048434841068,9036.625584202435,10638.418019932835,7932.222318400508,6178.109641710077,6233.931126959447,7885.632889731845,11364.062147964632,8630.712507789616,7856.512775278873,7416.247362785856,6567.453499785765,11338.145979782154,10042.25074797388,10341.895696446703,7527.265946,7697.640114476472,11058.952720124369,7820.470168,7054.264832306889,8342.780162602507,8201.059603987167,8949.993086053795,8286.159970367504,7221.686759385013,6605.7303327075715,6363.025523751884,6426.393067817015,6712.991316480249,7434.051038970375,5562.403489341994,7109.994877,6422.262281545278,6108.432973780464,7211.441356666298,5155.664138377797,9492.968856917201
PWY0-301,648.5487387394212,1625.5830138713416,713.6373079455601,603.597908,1532.2722379283562,711.5603346783314,920.5734194987072,1032.3652663211872,643.2602554575766,970.1920262132317,715.5853143050334,772.3851205497199,772.4643231699191,976.8642084653384,2943.3295155379933,1122.812453416673,1543.026481801966,2221.356257209948,1351.6054655016399,347.2334407423771,611.5096853691898,2136.5082094815343,1045.2208468791746,594.2138206095078,1734.4512796789086,1071.1491778121647,1037.4981412763045,552.6952061291795,1003.427900004764,819.2718890952353,305.8612396,492.86968943523516,470.7217655,921.0291987621501,1592.192999123405,1467.797082836922,2167.6056312285423,980.7575061612557,792.4825726922071,479.40387221987396,607.2708177355328,1416.184715,978.9943015,789.6367929,604.8934353508278,1443.1451239605992,687.9439828943522,3521.4883348058884,598.7987156307951
PWY0-321,11.496704590991818,0,0,10.441083139521579,0,15.779903940989055,29.874513820008907,48.294579250487075,27.96498488,25.29257477712179,5.483764857434854,2.4271579570282316,2.223714141,14.566383772334868,0,17.59897110414818,18.026665315969492,1.3240277651600458,0,29.143975254689334,21.068133640369087,12.705011753282001,0.4468963758858971,0,14.965058528184503,49.03569880361786,0,9.826149225313102,22.015084854693445,0,0,0,1.7713815868488039,7.445899829249682,3.882804260643957,26.86158902377932,0,1.0892931490620932,2.4766383132355085,0,1.3206084460895429,0.44618284366854866,0,11.431661137789924,0,9.802355779120084,20.46801455499434,0,7.6432153408084105
PWY0-41,92.69010859,50.86527940355586,34.38391603877576,91.45648613238407,70.08087321329785,81.98957760134688,27.17663996246869,57.31561854354984,79.57758707772766,48.079159161055244,74.42170452732475,69.96847908349973,89.55096565468284,46.49764228189982,54.55166406096069,20.670541098383396,33.66011467,44.55407788094391,14.931017197602612,9.084430464511929,46.03224118682642,61.27221377394427,49.816199019099955,83.27078057151498,81.02234388558476,128.3528263144423,78.83551695684802,99.09414587839521,27.652618924161857,60.360852278811066,19.547304626289467,52.004316158618835,38.58493151166868,60.22746777761603,65.14026442368012,73.00961973640162,82.12634668198245,93.66966046860234,102.78839262058014,0,52.460590395260866,37.306062592158774,71.08762428162225,63.784120390343325,83.54549594177749,96.20189900821455,52.699946079435406,4.944710644148518,101.37789452243298
PWY0-42,72.60495955276419,175.14102724326023,127.53870514418608,104.97028380571244,129.0141181661375,162.71162360523812,115.95321223531305,274.7681153433177,126.33786113552478,175.7176019080726,128.7143114416477,124.79728607231489,102.12048029197567,173.31932890303918,133.20405093932163,201.4599465274815,186.02015316605227,155.44969631407375,189.1522142899101,208.07226713122418,135.18338326120002,226.69946188403858,209.92034328252055,228.20971157910532,412.1935060463869,258.5636984120371,237.45117864688945,160.86779841904465,160.32650942451264,242.26741839952032,142.74070544158585,146.0120307013046,244.3147746685549,247.4651950290711,231.14451111130026,269.25390770834844,226.89155433534887,172.85049636281266,144.23179555837478,217.10322151865805,193.12072316615632,368.9418649,201.68076900798712,128.8589865766096,157.95710499686504,85.48320633976604,201.1569808668546,102.37495736252436,236.88261033580207
PWY0-781,8963.310754,9829.673432329439,7413.557815534886,7378.761041974276,10003.613302213887,7658.705298896723,7625.3578677391515,7035.124977,8903.687513,8086.744628347107,8876.664364019915,7538.253948085693,7785.008847939189,8125.752568567796,12320.799741795801,7803.264124624724,7082.831379989011,7987.567139114797,7920.763106,10884.357451461356,7701.9590638014015,7969.855411843883,7411.337710001722,6561.308970093335,11362.406264235962,8916.982707027997,8687.767001736933,6636.772858034048,7512.0524559416735,9577.801262806628,6063.369796230576,5805.029110222898,7143.110782400523,7705.304103,9412.030816974873,8597.580608,8701.659320057823,7113.541712396491,6364.689276519805,5664.184940093706,6576.0329467973625,7707.765148743465,6461.921650943115,7505.502776598284,5839.0759361076925,7030.376802239494,7554.5136170628475,8974.235092,8426.54804
PWY0-845,1202.095753557683,3011.1905677454856,1819.1973551059789,2550.9116384348736,4707.573276396711,1288.3911380354768,1267.4684787652552,1826.983262,1494.8014988292923,1271.365570665378,3501.968570292605,1748.7237804363776,2100.3341220951697,2498.0388480704664,5130.760785387794,1893.6106830893962,1442.964310256453,2921.076989740001,3006.5950029113847,6127.384609990635,3603.1234355011175,1903.4954876351114,890.8006983196799,1395.5893015699683,4710.105636340489,1346.2758586995749,1765.6268179368353,956.2203659823468,1662.444698708485,2391.7668248826158,1634.0580277655777,902.5799906883957,1471.9552522453394,1145.9029226740367,3762.9459354132205,3345.985283138571,2476.4320597674828,1229.4450085068995,620.1482416518679,1179.5466925567453,1010.1930082404765,1827.571364610882,1186.9079271562832,1297.7654656973752,953.4803830096131,498.82421476391636,2344.9618685460337,1406.2174277107788,1863.9374255805274
PWY0-862,110.7005184698941,3844.6600583508357,1317.5686595517832,2042.4305897722595,5528.467811,851.8843150426807,1255.3591301102613,1589.3931797915607,271.1217729677952,1043.649299,3125.9193905939833,1287.120398509815,1126.045274456448,2394.252016058781,7799.835435164557,1416.384918154579,2046.6583463566392,4950.554619000283,3539.3365902888963,6388.529174179273,3249.441082130119,827.9066754,636.9833400615796,819.0697236061634,4682.951464661679,764.2651985320132,1003.9560846122088,423.2180631232708,1809.4415485708694,1579.368350430684,669.4611191771136,361.5979559468469,602.7185981220044,794.9848731,4099.001174489333,3522.7507476664423,3699.2956830642966,1231.5847422546308,177.6211126601433,625.1894369042817,452.8283511817452,1923.2421548397317,1103.8888515025935,147.83821740246577,349.52601355103127,1066.3080986812934,1807.4874101870787,5291.089496339432,522.0627077541391
PWY1G-0,89.23603064357593,22.180018891100964,26.569271555678938,94.04089281180134,71.82675244939144,79.16478763676442,48.42482665,41.23312870712485,113.68343678908857,16.877875453689363,63.801843656278194,73.40847925270494,73.60640430841192,58.78868490283638,77.32910690124218,44.16996791262717,50.87392656273072,53.95155688905493,0,71.93334128626857,64.64445245834668,54.454165607012484,35.45828393852412,58.14013327310093,58.5788196,121.81741451511569,139.9843483525609,68.76408380789361,38.305422487537896,98.83865733,53.61839215146059,62.53768085559819,98.98082190812737,88.02201742672644,62.597532205887404,65.37830294079289,28.16790916019798,94.12529081589015,112.82357596352341,57.805349323053186,20.791443177459065,29.71815951751504,55.53149445106547,110.2342299199365,43.81451065719266,38.59206391169019,74.03453337626142,36.497424110940585,60.15275870677769
PWY1ZNC-1,4272.0935610006545,3923.4587939722974,3831.137000764976,3385.7112485869916,3748.4367951961813,3321.5979033027497,3061.3959639760824,3239.5493272387457,4224.269501443908,3874.565687181803,3696.8562693534486,3648.743474264248,3647.117853005923,3328.0401978296554,3877.499240296274,3892.4249444276165,3242.2555523979067,2967.5122090275195,3361.5822250179904,4150.110252860632,3753.5521397469015,3663.2265552686385,4083.376390265895,2868.007844119114,4525.929312092129,4785.033665937742,5148.984483,3917.5814658436825,3328.3741887774504,4518.922487,3399.224834,2754.273440092699,3857.501961976483,4058.6603100504713,4165.909620977103,4281.001144016743,3735.6087044535207,3862.5124731176593,3266.3333860781067,3030.934624523634,3276.668560615048,3933.4509994892865,2843.496318983948,4936.807063564197,3217.9300388406255,3038.2507264895025,3718.726603841454,3187.9752731195495,5887.930724
PWY3O-4107,6795.754194,5935.326457367183,5862.455338863683,4444.980845955492,4546.737355821543,5935.163785708029,5782.7224413328595,4584.197129346071,5604.209319969524,6674.539929274815,5880.476573310488,6209.699108292846,5004.232665597978,5228.968307853813,4306.224943793374,5754.196486447327,3977.8597353370815,2823.2459176337975,4144.478739070628,4234.318174426425,4555.038121771679,6939.469208671718,5787.780960931844,6161.678591848967,6994.658380381297,7623.309542402619,6794.900309495201,5087.425625365401,5476.980838421195,7142.037873240438,4418.614016070803,5054.699614805032,6039.892237096943,8007.321355294971,4490.756535716687,3945.8998070554817,4646.896212,5601.938152195835,6323.119591348234,5008.179117476433,5761.415202358685,6018.55803,5540.823739999421,4352.432249224544,5128.3299379634445,5216.108116118331,4801.789386609919,3521.4261394731866,7591.051895558705
PWY490-3,1057.7479010839802,1092.5886733389425,1078.4724480402306,866.2413371,1199.3960267164052,1129.6592353217893,963.0710861383668,1035.310534260972,1010.823953,1275.0896134581546,1101.5547703653829,1061.1237088896057,1270.9932505952977,1077.590970843666,1215.5556510086626,913.3225544,737.7141922029111,743.3396372926319,1067.9109345851627,836.4556585,1145.2335685618614,1124.6901465439896,1278.7637709285043,1072.7358880701618,1251.7569163859444,1103.0013671787467,1566.5084864015753,884.8756893305986,877.5534995104151,1377.207288,719.7930144604422,845.3864309316201,1041.1147301900544,677.1566994907827,1363.0827021584903,671.6557362927568,832.3089604417719,838.0016866715162,926.3901473770098,680.7097359000189,722.3281194,902.2550846386754,748.8130355,895.6193276982332,946.0697875520535,1001.331218174932,893.6303980834848,888.8893317125028,1054.541714643036
PWY4FS-7,18757.092734624686,17959.253971544327,16396.189030960344,15452.957233871724,17559.990048544634,17111.234633217704,15889.996515920528,14397.230163863549,18333.421137682522,17169.872791822996,17247.338671582267,15994.858560139553,17122.944984062993,15089.534485523487,19543.954206714265,16113.615666536592,14356.62491,13360.382679590388,15402.752214231343,18105.248458544513,14857.251065949324,18767.51213162904,16214.547249504842,15158.365872026134,21965.08675350196,22107.657454185042,19138.73579863951,14142.134631937037,15119.610899647634,19666.22705915713,13982.651286688108,12932.958896124834,17534.838377257445,17798.14665138954,18314.984084695607,15843.560456553034,17019.10102699729,16767.693592880223,16184.665345736592,12022.85885957752,14211.824970739059,15649.46046983645,14818.46330811263,17065.589559480424,13572.91258190876,16630.67777979422,15912.437490066028,15590.275517548305,19924.34675
PWY4FS-8,18757.092734624686,17959.253971544327,16396.189030960344,15452.957233871724,17559.990048544634,17111.234633217704,15889.996515920528,14397.230163863549,18333.421137682522,17169.872791822996,17247.338671582267,15994.858560139553,17122.944984062993,15089.534485523487,19543.95420671426,16113.615666536592,14356.62491,13360.382679590388,15402.752214231343,18105.248458544513,14857.251065949324,18767.51213162904,16214.547249504842,15158.365872026134,21965.08675350196,22107.657454185042,19138.73579863951,14142.134631937037,15119.610899647634,19666.22705915713,13982.651286688108,12932.958896124834,17534.838377257445,17798.14665138954,18314.984084695607,15843.560456553034,17019.101026997283,16767.693592880223,16184.665345736586,12022.85885957752,14211.82497073906,15649.46046983645,14818.46330811263,17065.589559480424,13572.91258190876,16630.67777979422,15912.437490066028,15590.275517548305,19924.346752775597
PWY4LZ-257,10.98563028735865,4.997091148,3.9977557144136577,11.980153319373295,0,9.987549429086807,15.968266865644745,41.66457734584318,7.991470919009828,25.914678675210574,7.991812646499777,0,3.997715754760485,0,7.994581902640693,0,4.996502098633347,4.996792040234048,0,5.996461135071107,0,5.9956829017633035,0,3.997425671673679,6.995470173419484,145.2190704854035,0,3.9972980987027316,27.64677659285483,0,0,0,3.997784703027566,15.961791310367497,5.9960275207097995,0,0,22.830250738502183,17.95627532634513,4.994929861576736,6.991487500836289,0,17.94550921896049,10.984010159541219,17.94062094,15.960952706527507,3.9976181882578485,3.998141536309147,19.952441988621388
PWY5F9-12,0,0,0,0,0,0,0,0,0,0,0,0,0,0,0,0,0,0,0,0,0,1.1428571428571428,0,0,0,0,0,0,0,0,0,0,0,0,0,0,0,0,2.2857142857142856,0,0,0,0,0,0,0,0,0,0
PWY66-201,0,0,0,0,0,0,1.3339026473099915,0,0,0,0,0.5618945102260495,0,0,0,0,0,0,0,0,0.5597104945717731,0,0,0,0,0,0,0,0,0,0,0,0,0,0,0,0,0,0,0,0,0,0,0,0,0,0,0,0
PWY66-367,3.9795411100245484,0,11.442908,0,0,11.638264130244918,0,11.525872453574463,11.779249112781612,0,0,0,29.62012705800581,0,0,0,0,0,0,14.928883402224525,0,0,22.17887753643645,0,3.9460157199224843,0,0,19.130240176590164,15.236266284004035,0,0,0,1.9807662352264648,7.803568422332288,3.9662308411862504,0,0,0,7.777200838173123,40.655046141779515,2.974642780793028,0,0,0,0,11.240882068586329,15.309727330564018,0,14.905573512041705
PWY66-373,0,0,0,0,0,0,0,0,0,0,0,0,0,0,0,0,0,0,0,0,0,0,0,0,0,25.75153179520873,0,0,1.4999578693465039,0,0,0,0,0,0,0,0,0.7599899160385032,0,0,0,0,0,0,0,0,0,0,3.999778152342428
PWY66-388,20.98425843426985,25.48325191986628,23.985079995625203,0,25.48203075129744,28.476308401318526,40.00941386815573,56.88437992649147,10.497362283939477,70.34483549650722,13.494730834238286,18.426476115867448,23.98289597960567,26.978955742953115,8.997273218,50.92430872518383,19.48620482404947,23.970558961057176,20.98547868,5.998902946874382,18.422289442132023,40.461669187771335,52.423632924241865,32.96339815821841,56.927273408181385,68.88368896374298,34.472518727897864,40.45895883856818,16.49103003006906,41.96270492092077,4.499299668898501,56.89207653718091,22.488980440020963,53.93378116880119,44.94704402487561,17.992104489924113,4.499295925002899,19.486375296061027,28.472275245380054,17.990053661441983,25.476785573850076,55.42122595985947,31.46746087617584,31.476948860623473,35.960186685910365,71.85004440419235,26.484747448818144,10.494947845025015,23.98930192462587
PWY66-389,8475.959878,10845.252607192848,10413.183506902817,7262.331373191614,10308.532294622926,9788.017285948747,8511.535344045127,8163.987497677284,11491.619704449728,9147.758222440243,9780.642022179814,10447.21189065018,9470.879714882773,9522.629292992953,8904.688965465997,9480.096799939809,7840.754085773535,5913.708625671282,8612.496001834177,9561.762011605793,7732.551265,11783.24514038084,10179.507109684599,8414.998278,12763.292072865775,11723.051064334382,11999.419897987062,10680.813028707233,8718.899973618181,12837.226054062385,7913.3034239088865,8078.549397258642,11954.896882972971,11581.979436326246,10730.472941722832,11208.079626673349,8503.002781357158,8195.140857724758,8528.542005051126,8515.953290135283,7720.057101892612,10605.685608839694,8535.102372437259,12290.216533206289,8883.132743445562,9655.400623757258,9607.657586105623,6512.725849198892,14441.089606534408
PWY66-391,0,0,2.9950658450322822,0,0,0,0,17.86247397591209,8.952101548234893,0,0,0,23.724278050540953,0,0,0,0,0,0,11.968080685751593,0,0,17.81137831433059,0,38.63310750034661,14.909599555859135,23.75723172412062,0,11.92722281811631,0,0,0,0,0,2.9972283024218016,0,0,0,0,0,0,0,0,0,0,8.931390746549152,7.979868353046666,0,0
PWY66-399,7891.960737577142,6877.395379403683,8629.959447982836,7123.359521194706,7611.495716709405,6817.440452436888,6979.267312472434,6603.129061153057,9741.481579458621,7783.153720050876,7689.9278424129925,8083.024266105067,8885.387581514571,7640.176226901558,9112.456714509608,7158.146501693477,6241.732187148291,4782.011116112015,6474.319622723172,8549.342616,7403.034666,7905.119049,7413.989554230432,5761.245378426105,10300.686268598774,8507.760113216926,9499.728477078368,6503.033911928408,5813.076114079305,10001.061568544732,7663.301265,6308.982567094535,8949.195773624231,7018.337257365589,8222.504448430689,6705.371559737848,7595.785709640917,6702.069913291191,7149.234160873042,5704.195623822225,6125.407270372801,6344.938058942506,5521.507355176144,7495.544193731392,5171.776441681165,6048.700603650865,7272.776641441902,6163.410826715615,9458.787020157926
PWY66-409,1380.550029873782,1031.898195671659,752.4001337067125,1362.3678191323397,1261.386283156737,1079.9224197772535,1109.9536400264128,995.6188751,1069.4323017617587,1094.9006809438883,1000.2798628127616,957.2516690454364,970.5008421674255,1096.6191442252916,1290.941015776209,1199.2248398558777,756.2358990804889,1053.3471797920229,892.2302955092416,1894.2155953795893,1213.0541217820357,1475.509774131091,1025.7674579345307,739.3825750665958,1678.5112618607118,1999.2279730077314,1836.6111760111235,1198.6081702839538,1125.8189880049958,1384.4333710437072,1145.8081350454745,729.5036704,1384.879008282823,1168.4291366454474,1094.371643794883,763.1976191434059,1615.0313342629997,954.3648371966491,1056.2596463034326,759.1094943436867,1103.7011143200923,673.4313103,849.0689243863764,924.7387823215092,1178.5934024199303,1125.7083755339684,961.5153743132269,1308.534966627631,1808.0953571517975
PWY6666-2,421,458.99999999999994,392.99999999999994,226,299,283,340,425.00000000000006,252,404,266,376,225,338,513,414,300,147,197.00000000000003,194,297,213,482.99999999999994,259,342,784.0000000000001,725,535,376,488.99999999999994,270,293,264,320,286,478.00000000000006,419.99999999999994,401,292,361,321,529,343,678,285,289,294,109,746
PYRIDNUCSAL-PWY,6309.427494480146,5599.966463482195,4720.218939545668,3926.312401867524,4704.994357594583,4206.994008906063,4231.182630838447,3972.966610479189,5193.829885,5142.593799850878,4980.514199824691,4333.967040051221,4116.119983794731,4592.359973043509,4888.115170169442,4522.759842989361,3685.7500431689164,3153.7665669554276,4087.7406648422634,4501.564373607906,4132.233711944682,4660.132353089528,4207.809890744093,3709.879808403914,6279.535032868409,5744.125141760705,4872.882549166242,4031.9667022070826,4307.772421808078,5927.243204084069,3618.3610882394273,3436.417992563186,3781.40299,4424.508622288393,4645.568092625753,4188.142591586255,4576.178543049937,4300.726156365906,3794.6643204500983,3153.785779415438,3800.677758733238,4511.8775743809865,4072.999867085934,4229.634220200194,3582.6239045816615,3665.894738303508,4024.824248929385,3878.946616848409,4729.595219
PYRIDNUCSYN-PWY,16992.649324339825,21002.422355244824,19706.809139648536,17488.89307417176,20765.032454468757,20172.250793538657,16844.298458869016,15988.165629817799,19861.682145670246,19443.30912805811,20159.08401050875,20748.958014546548,19813.805182743206,16832.75689880253,19994.763261039236,18580.39460204884,17616.733220202223,13621.27934748514,18907.73520870932,21173.140351816517,17272.05075361798,21825.342382529143,18482.652607391945,16196.15398206711,23041.48214577195,24757.62668493773,21322.51155768076,16347.78654695386,17141.788533488496,22332.357949553523,16405.169921608758,14879.568718034452,21590.234785577406,22601.802815594885,21591.74347509133,17969.158122558616,17317.013307331195,17997.931485829537,15949.033641726188,15641.208234408472,17588.24857016113,18677.30507172736,17851.808152671918,16407.69972,15883.17596960574,19523.513337698434,19592.51061414601,17057.05760747197,23304.64632276682
PYRIDOXSYN-PWY,978.3491919434302,2518.253226647587,1514.8940789483422,2121.1391786756394,4114.330980754597,1048.3481265523287,1032.7027117321484,1494.9837704547897,1237.4876507999438,1037.8948010353326,2989.179665376651,1460.494272398889,1729.7338228428835,2118.3408623472665,4427.916593310197,1570.4530939131312,1174.9381377286911,2451.0321531584864,2510.5673427000875,5624.686354888728,3123.700400445295,1576.9519680719668,729.4043315626636,1141.7547753764338,3956.7426170697127,1085.4834224821132,1457.185614036091,787.2071628919518,1360.3281975862064,2000.4736862652858,1368.509155002125,744.5411216422373,1218.9226735540535,937.6543347790475,3141.511706,2849.1031757389255,2043.5135879415911,992.8923786,502.69743388235656,977.3018512360487,820.0856403810806,1511.6062578811395,963.8571834687133,1062.9113735560748,783.4918942535074,405.06421232735056,1946.3046712824403,1137.9559721561814,1545.5713186139467
REDCITCYC,147.89474171321305,67.38974925437181,57.472317886477796,75.37228205113814,61.01644422145514,93.92869343833353,145.65102372709902,228.2683203566535,157.44448027707801,163.7153937428039,97.83508613958705,35.07419689892345,170.9292772716289,95.02126738793913,103.87614380189686,87.053019,73.33176927611724,86.32249524872093,33.753063216272274,208.24506273442867,150.23622236312067,65.83080935653403,122.04031052483053,95.52151657823818,223.55969906407762,239.65821989786207,122.39179618890131,114.0239361426601,140.88652004758364,46.55433451487514,173.22909475648126,22.121717885085342,116.6833110509271,66.93452278495538,87.64231081820161,113.41847583211545,13.390870411449727,76.44857190336681,51.89728190144746,51.15009733,69.79069175950721,76.98663887235637,78.69699410801199,178.68255484351374,23.06548637221649,99.11831852096174,110.62159187921434,41.12263486395012,76.75188623267542
RHAMCAT-PWY,6109.714397647433,8294.252237961697,8092.285073487399,7339.972811300437,8162.706260580226,9654.734088292362,7184.219317717255,7609.237115,7276.760936675016,9616.920916655274,7581.684244416286,8277.498475005947,9946.513176304388,6739.086790752267,8696.691829179337,7867.755390051802,9005.337046458928,5450.841729129359,9210.916708,7289.666402280986,6292.029548649005,8228.425271132108,6618.204872592729,7245.406710787134,9092.978598368165,13862.293817156615,8166.556814611379,6203.738658296364,7796.097133017424,8436.134440734959,6668.3094463491125,5621.284867011416,8461.712718285295,10492.157105970256,9948.444203036883,7136.7772991476295,6958.240940756696,8846.007243370277,6723.761752924913,6517.826373573409,9353.851775206416,7842.191871284613,8363.378582113908,5346.524798853398,5984.198357811193,8093.027682827784,8108.778362861517,9311.737251,8323.320912508074
RIBOSYN2-PWY,17377.45518153759,21943.273790894895,20028.37244689597,16733.323992922866,21202.971342951365,19887.75919542402,16021.58247414864,16167.141713374902,19305.11900545689,20478.466970106838,20206.138406864033,21122.696444253856,19013.67361206972,17183.977371892674,21420.425233500984,18718.783958806936,17731.982290397737,14246.373228635231,19124.379319794192,20867.698386238353,17348.06133582603,22478.71428,18859.394090270576,16978.189721395862,23848.12504,25455.495680455162,21682.75475745537,16028.753232911322,17339.44462931898,22922.877147606596,15999.033528254662,15411.85109493199,21032.853426252477,23885.74103924587,22100.78893654797,18475.26672,18171.13849867514,17771.623459192415,16937.26607073833,16196.362961612773,18074.08891338196,19901.236648846592,18185.398176591796,15491.442436542824,15978.941740968367,19297.67977180469,19475.760994672182,18517.872096794454,23498.52975
RUMP-PWY,2293.1899312586784,2398.2770641537563,1149.2208964835133,942.9261488,1950.953855303282,1584.9926757545552,1783.316077017953,1507.339292733281,1567.5377302426778,1670.9456877026182,1513.183840096286,1233.7090445413041,1123.6873017239348,2124.862757245263,3590.132118260984,1613.1200280420373,1415.6118274185917,2395.4498040142466,1466.6736168117413,963.3121289467725,1344.5966388206386,1120.7459171259368,1301.251076148037,1027.942307214923,1556.0968847483616,1527.9685921405521,1489.0524923362602,1394.1286755745043,1772.055879,1643.6008470382187,831.5754929341063,963.7957290138041,853.1505116900508,1203.259367214558,1924.9429619654434,2200.249148905658,2192.146126309097,1257.3288779791828,900.4426137611817,941.8248866045055,1181.2835959201175,1492.5360896270229,1318.9655071840782,1507.997441701146,1132.5889456013354,1602.5118414414592,1147.8727260124729,3311.7200373411856,1168.237645419801
SALVADEHYPOX-PWY,6204.459701737357,4728.706807183069,4193.221476585092,3932.0513232020303,4013.3494244838234,4396.646014008247,3932.9535385280465,4140.265004111304,4439.933524755416,3981.959447292118,4647.025531957276,3881.1746436391068,4490.872768,3775.9651436039903,4311.205205245976,4310.3103100336475,3665.1421112088265,2353.7328346286436,2941.2685976864614,3711.642069,3622.745487007341,4763.164770737818,4479.316944676318,3970.9606592846526,5786.042646,7185.170705767128,6406.541005797002,5122.794894,3912.6271185302385,5577.572022,3220.1256983297226,3674.472179378677,4428.700631141788,5099.521608394696,4035.7022870645296,4455.250276732328,4113.519527358598,5116.583963829398,4970.6377841825215,3437.539904712261,4089.208540089529,4974.125551462286,4583.502099355801,6809.082271151459,4191.993507532733,4407.565764173441,4401.145001712283,3046.3455231077505,7305.469005914054
SER-GLYSYN-PWY,28638.207415599914,30994.532517700798,29437.633192078196,25479.24291,29339.232846396895,29843.975381737444,25283.799744179425,23920.73788203993,30499.89784,30366.272788930506,29386.17715786803,30247.05587947707,29489.386768666096,25602.14461147598,29407.03864576696,27804.774437608427,25704.00656710857,20040.59251882881,27308.222894755883,29614.213327778954,25050.067088225303,32863.199548030105,28099.95814687706,26104.130802250056,35058.739600896864,38464.18565032989,32120.633695918168,24507.59932890862,26087.15267170564,34038.183620015385,24616.971407524292,22626.623970376357,31577.841278551517,34718.74591411943,31356.970192966226,26249.979164975834,25883.455117525697,27775.61728966294,26560.774638844283,23251.214574676083,26849.429033064524,28548.970887074393,27226.870322750132,24738.150048575044,23958.028615280557,28787.23902929783,28263.69185289446,24873.85036101671,35166.73062709301
SO4ASSIM-PWY,4272.0935610006545,3923.4587939722974,3831.137000764976,3385.7112485869916,3748.4367951961813,3321.5979033027497,3061.3959639760824,3239.5493272387457,4224.269501443908,3874.565687181803,3696.8562693534486,3648.743474264248,3647.117853005923,3328.0401978296554,3877.499240296274,3892.4249444276165,3242.2555523979067,2967.5122090275195,3361.5822250179904,4150.110252860632,3753.5521397469015,3663.2265552686385,4083.376390265895,2868.007844119114,4525.929312092129,4785.033665937742,5148.984483,3917.5814658436825,3328.3741887774504,4518.922487,3399.224834,2754.273440092699,3857.501961976483,4058.6603100504713,4165.909620977103,4281.001144016743,3735.6087044535207,3862.5124731176593,3266.3333860781067,3030.934624523634,3276.668560615048,3933.4509994892865,2843.496318983948,4936.807063564197,3217.9300388406255,3038.2507264895025,3718.726603841454,3187.9752731195495,5887.930724
SUCSYN-PWY,84.23226913465989,76.99018381099062,0,0,77.06103114708637,64.17469055792044,26.37802994221013,111.9344302716989,66.19771145243756,144.60631813716628,0,0,109.53487911424716,71.52712172398942,103.28428451526611,0,0,103.91586893655305,0,83.01428316592123,61.078633843874776,0,63.52356057182308,0,122.87479629057562,0,59.62449495646416,0,0,89.80497277606972,0,7.872763328482699,35.60760647639679,65.89818807231627,95.76233638080798,88.12967193100842,92.54738306427234,86.87682577352103,53.152017910177065,0,56.939797073751954,0,0,0,70.15406033294835,79.17630378770616,58.58730464,48.225967300827975,78.81573244710981
SULFATE-CYS-PWY,8020.365769,7602.043173,7364.238350329478,6512.634750906182,7251.099396851039,6551.220605252351,5985.196665565436,6217.949279284038,8026.332406648672,7497.138132495606,7151.048287706856,7098.310672,7071.888834962144,6410.913317206536,7450.7670977728385,7420.441943,6281.964228409532,5618.155571766246,6537.142972732219,7889.232981,7060.655139537763,7192.996726610277,7716.351428241895,5662.905557524701,8743.259735569902,9294.268898360946,9617.761607241666,7303.502575140642,6447.2042551070435,8670.056150000826,6451.484026650634,5347.482520093702,7495.818040346744,7942.766114776265,8013.948440486656,7979.476321254152,7100.581820316364,7408.615250568686,6345.185665848413,5827.290749037552,6367.908615517935,7518.927675756878,5646.519545,8846.054302621482,6171.065647625189,6033.164904,7151.875502968689,6173.1234658055755,10876.369070078652
THISYNARA-PWY,19986.16804,20118.55367,18955.44780321328,17066.646573126316,19005.259047662435,20710.354316773293,16673.985808464215,16974.650944034856,20179.56811705774,21221.582735391577,19612.375998984127,19278.24084,19679.851815719416,16158.601253420757,19523.233621995616,17904.61076953674,18030.97039510662,13025.718117668575,18560.336202099246,18507.694265781327,16066.195863831646,21637.60094483022,18419.458165721513,17908.03823152539,22535.415325937574,27580.070147028782,20797.556027586263,15725.838153636174,17361.76124782653,21512.572292872075,15486.249012968949,14724.605402449717,20472.38441448842,23703.995497470427,21413.54516534936,17027.05708913039,17915.031439989638,19265.02597142784,18612.428508734745,15094.880045107171,19190.65074748277,18677.27607269948,18325.887122799122,16581.860041953587,15794.04173443113,18367.290685635675,18589.53637294448,18626.831680290426,23583.350763806637
THRESYN-PWY,24642.375633922347,27007.20565925467,24766.556274250972,22423.42767152262,25876.249204178694,26292.232320552466,22636.142383149672,21391.806859819128,24764.731339735798,27211.353057086864,25407.825896899234,25281.474743054936,25928.102883091353,21932.726741030572,26705.942318817295,24092.699499979968,22854.649203824276,18089.249871438977,24170.417276954446,25543.73038505665,21425.32344495813,26662.76046439299,23472.29950246149,22675.119220921642,30980.92417060707,34418.049392340705,27996.487321400873,20133.41133942953,23192.97567787302,28791.08827163629,19976.396359820526,19071.63148834099,25631.116215771246,29757.46069849697,27254.863731663783,22189.187425906795,23511.17198210194,24542.103965697857,22742.40124154933,19228.210519116154,23459.45660986959,24136.675596633162,22586.752846196498,21071.911312221673,19998.27443797414,24397.25041102671,24029.892285976806,23418.780038131034,29433.91888496831
TOLUENE-DEG-3-OH-PWY,0,0,9.770817967583515,0,0,0,0,0,0,0,9.100604895229527,0,0,6.370854740775339,0,0,0,0,0,0,0,0,0,0,15.179427683930335,0,0,0,3.8697353910028625,0,0,0,2.2505430847212167,6.237413706011113,0,0,0,0,0,0,0,0,0,6.009436963828885,0,0,0,5.409477521,0
TRNA-CHARGING-PWY,24638.98027998146,26583.235765861435,25455.22792713426,21769.519566209616,25455.27415855338,25422.876442561297,21715.716155678096,20025.957245898164,26434.426674220013,25618.24431322322,25583.07120923528,26140.77742513616,24949.062639590396,22006.727101032277,25468.84818174911,23769.891494979216,21791.001871344168,17224.397203357996,23278.826484615078,25564.18487105648,21207.591117726155,28485.038740223274,23675.92668427221,22049.566432893844,29822.02065184684,31899.230912385377,27209.181023666188,21113.909030680185,22060.729799738547,28949.284942663235,20673.106090355177,19551.25470034794,27120.261404243098,29437.483445444406,26701.26876704667,22716.873478417474,22058.889118575207,23297.22515566001,22068.412592423985,19649.006908928743,22566.59171571726,24116.75960255098,22716.10068079607,21945.769178654977,20572.19816809723,24537.263846211936,24065.124796692384,21943.775513454653,30112.791682662053
TYRFUMCAT-PWY,0,6.199786870362962,3.727214065650568,0,0,4.953532251748303,13.963407953606255,47.18789624,16.963041384343718,20.667733091630115,3.7154009512719397,0.7241509002465037,0,2.4902176272406567,0,14.667141305966414,0,0,0,0,26.808645911241637,14.499632700682266,0,0,37.74643244386123,18.50142964172165,0,17.177148651578726,9.861161519878767,31.281252467941773,7.370626809,16.99220971973279,16.917900340148343,2.489584597746452,19.16385561369492,9.888480025,7.410301870596748,14.669698883855117,16.988887262867447,0,7.403285864930874,11.117189887137828,42.032433390418575,19.699573192766053,0,12.186482092858242,7.401232195494372,2.4680756334292395,12.364208434404766
UDPNAGSYN-PWY,15872.810050808299,14096.164825075219,12547.919543464757,11911.847174438473,12972.394403722237,13010.06953807169,12667.297288767435,11218.65769200255,14551.541395821125,13609.085767337952,13076.188617649888,11864.78603209905,12567.72367442463,11904.32310669838,14161.697892607392,12271.569338509717,10362.106629429456,9744.053167,11804.33339795319,13854.688740838223,11637.576728794604,15425.263345023664,12946.431277640806,13365.678153936908,17650.519150199452,17405.68944623993,14979.24960202188,11227.128815345442,11931.764520412062,15907.20848393723,10240.78089981076,10031.910832638436,13680.236994153252,14669.918786752987,14080.139363705217,11970.098039572767,12790.676374505003,13804.957030740119,13706.99118481653,9807.857915430777,11562.95178234593,12628.039760065043,12549.705660558786,13588.216314837928,10974.741269260632,13187.349701381296,12404.548949720165,11315.77087825173,15994.706037007289
URDEGR-PWY,97.26993522515113,41.823808471582915,28.960836434489526,93.07758360602473,58.04500408480854,78.93581491015283,22.553124066373254,51.78914905918213,74.09849319193344,41.14570118086889,67.06162138,59.23163798044721,79.09676364427818,38.66576009613864,44.10901249889497,18.91154192472841,27.556952885541676,36.02680859772161,12.053890635889658,7.720008092251669,43.75002014263365,61.86787922881049,44.52228796954651,80.42497607645241,68.85305476929287,125.14816391361813,74.57203314,98.39336946126873,22.957400736781445,53.61592993241802,18.074440966732276,47.732590529247915,40.78650235102493,52.21363446197878,54.027513027242534,77.55832567904474,67.73119245,84.43615608917217,103.78123113111508,16.964115770027433,49.24584103512015,30.778361857415526,63.67709727,67.20261616023981,83.85499858503593,81.71123265151276,51.14429559779702,17.20228023612512,106.12188022177216
URSIN-PWY,31.017796592153598,21.23565072385315,24.72193030440861,46.06708681642363,22.315811937020634,18.944002269525498,23.672297256346642,76.25977151407898,42.485013294151244,24.77258881,25.462445685661297,12.954629043240434,36.83712804879239,26.612263261708858,31.386172358874003,23.813328639867393,3.378390974950156,21.62015809,0,16.638884226198687,20.641691364927123,25.366319772968616,42.65751156418366,2.751163512893606,58.57597904163372,59.02009196006804,11.747221726863364,49.45908845914805,34.205555281729154,0,6.662745189895492,11.65573937924624,18.71572096094068,13.00347618390222,9.674452360049305,62.366274661844486,11.656157815320743,15.623293709254574,13.759324726308655,2.33287325,4.718823437934974,9.408450284697256,33.68009240407486,32.652448804513675,50.218999206039065,52.37255867593841,17.707738384115892,5.882296492255753,20.981213455815613
VALSYN-PWY,23947.21726171548,24784.56787635337,22209.260702146792,21159.347040189234,23963.957347011474,24411.547571744806,21340.01918544349,20252.074821172537,22681.173037764678,25122.829499281353,22955.76710957614,22294.233172634173,24243.818689815063,19923.552096004136,24337.29802851694,21922.007722166494,21172.816301113526,17137.958509159405,22602.952714634866,23243.39987806462,19790.529068288994,24808.757152552826,22055.64927513741,21406.013563162418,28891.745037429635,32856.13883707592,25554.913588147832,18463.20824285569,21935.617373328303,25549.982870250467,17832.725954724705,17294.680293588346,23381.438420861337,27183.690953333204,25433.611188710067,20281.028262016855,22288.23717686023,23144.20891338739,22255.145610939828,17553.926718828763,21901.0874,22437.359703352187,21333.99212111851,19849.570801323258,18885.463490925187,23305.735600670698,22492.13273,21816.36466436022,26587.997752492498
